ticker,date,entry,exit,ret_trail,hold_days,ret_20d,ret_60d,ret_120d,eps_growth,sales_growth,roe,q_num,year,dilution
1930.T,2025-10-30,1360.1,1505.5,10.69,83,-2.89,11.99,24.48,,,,,2025,False
3853.T,2025-10-30,1401.9,1279.5,-8.73,4,-24.11,-13.12,6.28,,,,,2025,False
2983.T,2025-10-30,1218.2,2040.0,67.46,71,10.06,39.96,18.45,,,,,2025,False
1960.T,2025-10-30,1371.2,1244.2,-9.27,36,-1.32,-0.28,13.11,,,,,2025,False
4265.T,2025-10-30,358.0,311.1,-13.1,27,-8.1,-13.41,-24.58,,,,,2025,False
3329.T,2025-10-30,2047.3,2070.0,1.11,119,0.19,2.14,1.16,,,,,2025,False
4229.T,2025-10-30,3283.7,5001.3,52.31,83,6.94,42.99,58.97,,,,,2025,False
3562.T,2025-10-29,2067.9,1935.4,-6.41,48,7.25,-13.7,-21.81,,,,,2025,False
2705.T,2025-10-28,5671.6,6890.0,21.48,119,1.58,15.67,20.78,,,,,2025,False
3810.T,2025-10-28,371.0,332.3,-10.42,17,-15.36,-16.17,-40.7,,,,,2025,False
3079.T,2025-10-28,1041.7,1171.9,12.5,8,9.74,11.67,-1.51,,,,,2025,False
2411.T,2025-10-28,444.4,463.0,4.18,119,2.41,4.39,3.95,,,,,2025,False
3662.T,2025-10-28,1107.1,1084.8,-2.02,62,4.64,2.97,-8.5,,,,,2025,False
3179.T,2025-10-28,1248.9,1065.7,-14.67,28,-5.23,-11.23,-11.04,,,,,2025,False
4392.T,2025-10-28,302.7,322.2,6.41,66,-2.24,9.34,16.6,,,,,2025,False
4418.T,2025-10-28,1516.0,1329.4,-12.31,4,-15.7,-30.21,-42.61,,,,,2025,False
3747.T,2025-10-28,927.0,818.6,-11.7,0,-19.85,-27.62,-37.11,,,,,2025,False
3236.T,2025-10-27,288.0,256.7,-10.87,5,3.12,31.94,10.42,,,,,2025,False
2804.T,2025-10-27,1963.4,1822.0,-7.2,119,-2.26,-5.63,-8.27,,,,,2025,False
3652.T,2025-10-27,2261.0,2212.5,-2.14,15,-3.18,4.29,11.06,,,,,2025,False
2268.T,2025-10-27,4078.7,4055.0,-0.58,119,-0.6,-2.05,-0.21,,,,,2025,False
2586.T,2025-10-27,241.0,197.0,-18.26,12,-42.74,-41.91,-55.19,,,,,2025,False
2459.T,2025-10-27,308.0,343.4,11.49,0,-13.64,-23.05,-30.84,,,,,2025,False
3193.T,2025-10-27,2883.1,3281.0,13.8,91,10.92,15.4,5.1,,,,,2025,False
4316.T,2025-10-24,1180.0,1026.8,-12.98,2,-25.51,-16.02,-81.36,,,,,2025,False
2373.T,2025-10-24,518.1,433.0,-16.43,9,-14.35,-18.33,-16.81,,,,,2025,False
3176.T,2025-10-24,1579.5,1659.0,5.03,65,-4.98,-3.42,-2.12,,,,,2025,False
3803.T,2025-10-24,780.0,688.5,-11.73,6,-32.82,-33.33,-28.59,,,,,2025,False
2418.T,2025-10-24,648.1,552.6,-14.74,10,-15.88,-10.82,-4.49,,,,,2025,False
2700.T,2025-10-23,4875.3,4144.0,-15.0,3,-37.34,-47.16,-61.68,,,,,2025,False
3561.T,2025-10-23,1459.3,1461.0,0.12,119,-8.17,-2.59,0.05,,,,,2025,False
4025.T,2025-10-23,3728.9,4607.0,23.55,103,-5.26,6.46,15.05,,,,,2025,False
3580.T,2025-10-23,837.0,755.0,-9.8,102,-2.59,3.76,-11.95,,,,,2025,False
2338.T,2025-10-23,595.0,524.4,-11.86,7,-27.73,-59.16,-82.35,,,,,2025,False
3139.T,2025-10-22,3470.0,3370.0,-2.88,119,2.82,1.87,-4.9,,,,,2025,False
3744.T,2025-10-22,472.0,487.0,3.19,58,15.89,6.14,-7.42,,,,,2025,False
2721.T,2025-10-22,228.0,212.5,-6.8,2,-17.54,-12.72,-46.93,,,,,2025,False
3843.T,2025-10-22,1566.9,1453.4,-7.24,94,-1.06,6.7,-6.89,,,,,2025,False
3692.T,2025-10-22,10736.7,10602.0,-1.25,4,-24.26,-16.45,-42.81,,,,,2025,False
3010.T,2025-10-22,201.6,172.2,-14.59,17,-13.59,-8.25,-12.2,,,,,2025,False
3266.T,2025-10-22,93.9,82.3,-12.32,37,-8.42,-2.03,-7.36,,,,,2025,False
4288.T,2025-10-21,558.0,538.0,-3.58,15,10.93,14.7,5.2,,,,,2025,False
3131.T,2025-10-21,3055.8,3027.6,-0.92,13,-17.13,-7.22,-9.48,,,,,2025,False
3664.T,2025-10-21,49.0,52.0,6.12,6,-18.37,-20.41,-20.41,,,,,2025,False
3556.T,2025-10-20,962.0,901.0,-6.34,32,-2.91,25.26,1.35,,,,,2025,False
4168.T,2025-10-20,1006.6,904.5,-10.14,29,-6.7,-19.23,-27.98,,,,,2025,False
3547.T,2025-10-20,2218.4,2019.9,-8.95,38,-4.3,-16.07,-12.51,,,,,2025,False
3489.T,2025-10-20,806.9,777.5,-3.65,106,-4.02,-3.07,-2.84,,,,,2025,False
3135.T,2025-10-20,1778.0,1565.7,-11.94,19,-12.88,-19.8,-32.73,,,,,2025,False
3315.T,2025-10-20,92.0,102.0,10.87,28,15.22,14.13,17.39,,,,,2025,False
4092.T,2025-10-20,2807.4,2462.4,-12.29,15,-14.24,10.99,17.01,,,,,2025,False
3548.T,2025-10-17,724.5,766.0,5.73,119,-1.58,3.95,5.03,,,,,2025,False
4412.T,2025-10-17,1349.0,1564.8,16.0,13,13.79,66.79,26.24,,,,,2025,False
4320.T,2025-10-17,918.0,916.0,-0.22,14,8.71,15.69,30.17,,,,,2025,False
3475.T,2025-10-17,1456.7,1270.0,-12.82,8,-12.95,-14.19,13.96,,,,,2025,False
3446.T,2025-10-17,1590.0,1440.8,-9.39,7,-14.91,-15.97,27.55,,,,,2025,False
3935.T,2025-10-17,933.3,841.7,-9.81,56,-7.37,-18.11,-25.74,,,,,2025,False
3648.T,2025-10-17,1560.9,1335.2,-14.46,11,-15.21,-11.61,-22.93,,,,,2025,False
3921.T,2025-10-17,1783.4,1617.7,-9.29,104,-3.86,-1.21,-9.55,,,,,2025,False
3963.T,2025-10-17,595.7,565.6,-5.06,22,-1.62,5.52,-25.3,,,,,2025,False
4251.T,2025-10-16,1176.9,1196.8,1.69,93,0.82,16.58,7.48,,,,,2025,False
1964.T,2025-10-16,4380.1,4271.3,-2.48,10,-1.98,0.99,-1.49,,,,,2025,False
3089.T,2025-10-16,1235.6,1249.5,1.13,59,-0.24,2.46,-9.92,,,,,2025,False
3294.T,2025-10-16,1995.0,1891.0,-5.21,107,-4.36,4.06,142.86,,,,,2025,False
2053.T,2025-10-16,1636.4,1743.0,6.51,119,3.59,7.49,6.45,,,,,2025,False
3355.T,2025-10-16,1654.5,1984.0,19.91,119,-4.8,6.01,16.29,,,,,2025,False
4013.T,2025-10-16,1280.5,1129.7,-11.77,12,1.94,1.29,-46.43,,,,,2025,False
2933.T,2025-10-16,1089.1,1058.0,-2.86,119,-1.8,-1.26,-2.86,,,,,2025,False
2120.T,2025-10-15,195.0,172.5,-11.51,19,-11.28,-4.1,3.08,,,,,2025,False
3763.T,2025-10-15,1441.4,1490.8,3.42,71,0.61,17.62,-7.45,,,,,2025,False
3536.T,2025-10-15,134.0,131.0,-2.24,119,-4.48,-2.24,-2.24,,,,,2025,False
3678.T,2025-10-15,1846.6,1605.3,-13.07,61,-6.29,-11.79,-25.0,,,,,2025,False
3546.T,2025-10-15,1050.0,1083.8,3.21,69,0.86,10.86,38.48,,,,,2025,False
2429.T,2025-10-15,2423.5,2632.0,8.6,119,3.22,17.47,8.73,,,,,2025,False
4397.T,2025-10-15,590.0,508.3,-13.85,9,-11.02,-13.56,-25.76,,,,,2025,False
2341.T,2025-10-14,164.6,210.8,28.1,115,6.51,7.69,25.8,,,,,2025,False
3370.T,2025-10-14,536.9,480.8,-10.44,0,-27.41,-37.59,-14.13,,,,,2025,False
2934.T,2025-10-10,1753.0,1521.0,-13.23,30,3.71,-25.84,-7.87,,,,,2025,False
4377.T,2025-10-10,2406.8,2393.5,-0.55,71,10.7,7.2,-22.14,,,,,2025,False
3727.T,2025-10-10,181.1,159.7,-11.78,24,-1.62,-7.76,-0.58,,,,,2025,False
2108.T,2025-10-10,2707.1,4020.0,48.5,119,18.82,48.35,48.87,,,,,2025,False
3798.T,2025-10-10,828.5,716.0,-13.58,11,-20.48,-21.07,-39.29,,,,,2025,False
3663.T,2025-10-10,1702.7,1492.0,-12.38,68,-2.39,-7.73,-19.89,,,,,2025,False
3687.T,2025-10-10,1920.0,1759.0,-8.39,23,-1.2,-16.61,-33.96,,,,,2025,False
3205.T,2025-10-10,934.5,1006.9,7.75,91,6.24,30.41,-28.51,,,,,2025,False
3968.T,2025-10-09,648.4,680.7,4.98,44,-0.76,-3.3,-19.65,,,,,2025,False
4258.T,2025-10-09,3915.3,3640.9,-7.01,12,0.13,-15.08,-27.97,,,,,2025,False
3680.T,2025-10-09,281.6,239.7,-14.87,82,-8.07,-4.47,-19.74,,,,,2025,False
4415.T,2025-10-09,1250.0,1142.4,-8.61,16,-8.16,-17.92,3.84,,,,,2025,False
3323.T,2025-10-09,105.0,101.1,-3.67,12,-13.33,-14.29,-14.29,,,,,2025,False
1887.T,2025-10-09,498.8,609.0,22.09,97,5.91,11.66,21.89,,,,,2025,False
2962.T,2025-10-09,444.0,442.8,-0.26,0,-7.21,5.86,99.1,,,,,2025,False
3415.T,2025-10-09,434.8,415.6,-4.4,24,6.58,4.08,6.49,,,,,2025,False
3845.T,2025-10-08,225.0,220.2,-2.16,38,2.67,14.22,33.33,,,,,2025,False
2722.T,2025-10-08,431.0,380.0,-11.84,63,-7.66,-6.03,-9.05,,,,,2025,False
3300.T,2025-10-08,2445.0,2172.6,-11.14,35,-0.94,-4.29,6.26,,,,,2025,False
3771.T,2025-10-08,2044.2,1859.9,-9.01,17,-7.42,-5.59,-14.2,,,,,2025,False
4318.T,2025-10-08,816.5,892.0,9.25,119,-5.06,11.16,7.17,,,,,2025,False
4058.T,2025-10-08,3107.5,2675.1,-13.91,24,-7.54,-8.41,-41.85,,,,,2025,False
3922.T,2025-10-08,2895.9,2619.5,-9.54,62,-0.14,1.44,-23.34,,,,,2025,False
4395.T,2025-10-08,980.9,930.3,-5.16,17,-2.94,12.65,16.21,,,,,2025,False
3189.T,2025-10-07,688.0,584.8,-15.0,4,-29.07,-61.34,-71.08,,,,,2025,False
2926.T,2025-10-07,114.0,97.8,-14.25,28,-1.75,-16.67,-12.28,,,,,2025,False
3431.T,2025-10-07,1939.1,1706.8,-11.98,40,1.6,-4.55,-9.96,,,,,2025,False
3042.T,2025-10-07,344.0,365.9,6.37,13,-2.0,1.43,-12.78,,,,,2025,False
3671.T,2025-10-07,359.8,343.9,-4.43,26,5.68,-0.22,0.05,,,,,2025,False
3040.T,2025-10-07,1515.4,1628.6,7.47,18,15.3,36.46,20.23,,,,,2025,False
3772.T,2025-10-07,1053.0,1065.0,1.14,119,2.94,-0.38,2.56,,,,,2025,False
3611.T,2025-10-07,2072.0,2218.0,7.05,96,0.83,14.64,7.1,,,,,2025,False
3452.T,2025-10-07,1715.1,1481.3,-13.63,26,-5.27,-11.67,-12.13,,,,,2025,False
2334.T,2025-10-06,440.5,401.6,-8.83,4,-5.33,-0.79,-7.6,,,,,2025,False
3388.T,2025-10-06,2006.2,2098.0,4.58,114,11.1,17.75,3.88,,,,,2025,False
3741.T,2025-10-06,2374.2,3540.0,49.1,97,6.57,34.09,23.16,,,,,2025,False
3284.T,2025-10-06,1221.3,1229.0,0.63,119,1.11,6.12,1.2,,,,,2025,False
1888.T,2025-10-03,4749.9,4358.8,-8.23,27,-2.04,-3.27,-13.16,,,,,2025,False
2410.T,2025-10-03,2222.0,2466.0,10.98,119,-0.45,9.36,10.67,,,,,2025,False
3837.T,2025-10-03,1277.7,1629.9,27.57,97,7.07,27.8,18.02,,,,,2025,False
3242.T,2025-10-03,554.5,528.1,-4.77,110,-1.59,4.41,0.27,,,,,2025,False
4375.T,2025-10-03,923.0,828.8,-10.21,29,-1.19,-6.83,-18.53,,,,,2025,False
2378.T,2025-10-03,1109.0,1045.0,-5.77,119,-5.28,-2.42,-6.13,,,,,2025,False
3640.T,2025-10-03,3084.6,3228.2,4.66,110,1.56,-6.25,1.31,,,,,2025,False
4072.T,2025-10-03,3451.9,3550.2,2.85,16,-0.14,4.15,-14.31,,,,,2025,False
4396.T,2025-10-03,1659.3,1414.6,-14.75,26,-11.51,-9.54,-33.95,,,,,2025,False
2321.T,2025-10-03,200.0,199.8,-0.12,17,9.5,4.0,3.5,,,,,2025,False
2354.T,2025-10-02,681.4,605.2,-11.18,30,-4.64,18.55,28.12,,,,,2025,False
2315.T,2025-10-02,97.0,90.1,-7.11,9,-4.12,5.15,-21.65,,,,,2025,False
3542.T,2025-10-02,1823.2,1601.0,-12.19,6,-8.11,-14.04,-1.93,,,,,2025,False
3271.T,2025-10-02,1069.0,924.0,-13.57,24,-6.36,-12.54,-0.09,,,,,2025,False
4222.T,2025-10-02,647.0,768.1,18.71,31,18.99,11.18,56.87,,,,,2025,False
4301.T,2025-10-02,1955.6,1733.8,-11.34,29,-5.82,-2.94,3.29,,,,,2025,False
4404.T,2025-10-02,2047.4,2258.0,10.29,99,3.23,12.63,9.6,,,,,2025,False
4323.T,2025-10-01,2355.7,2113.6,-10.28,18,-10.61,5.26,-16.16,,,,,2025,False
2323.T,2025-10-01,292.7,251.6,-14.03,1,-9.0,13.67,12.07,,,,,2025,False
3925.T,2025-10-01,1695.5,1381.2,-18.54,89,-5.11,-2.53,-17.72,,,,,2025,False
3178.T,2025-10-01,1236.1,1214.0,-1.79,119,-5.24,0.16,-1.47,,,,,2025,False
3997.T,2025-10-01,293.7,261.5,-10.97,0,14.24,57.33,30.42,,,,,2025,False
4417.T,2025-10-01,3076.2,3855.2,25.32,13,19.52,3.23,-19.22,,,,,2025,False
3683.T,2025-09-30,1405.1,1270.8,-9.56,27,0.42,-4.28,-28.55,,,,,2025,False
4374.T,2025-09-30,3259.4,2800.0,-14.1,19,-14.89,-7.5,-29.74,,,,,2025,False
3077.T,2025-09-30,380.0,583.1,53.45,25,-5.26,25.26,100.0,,,,,2025,False
2130.T,2025-09-30,1216.0,1079.8,-11.2,34,-4.95,2.47,-10.94,,,,,2025,False
3799.T,2025-09-30,1084.6,1110.0,2.35,119,4.72,13.53,3.91,,,,,2025,False
3392.T,2025-09-30,923.5,802.4,-13.12,11,-16.56,-10.44,-3.31,,,,,2025,False
2122.T,2025-09-30,1235.0,1183.0,-4.21,119,0.24,-4.29,-2.83,,,,,2025,False
2935.T,2025-09-30,1142.5,1172.1,2.59,101,-4.76,16.97,5.82,,,,,2025,False
1904.T,2025-09-30,4100.1,5080.0,23.9,119,-0.36,9.47,28.53,,,,,2025,False
2226.T,2025-09-29,4788.2,4690.0,-2.05,119,-5.26,-4.95,-2.78,,,,,2025,False
3676.T,2025-09-29,1006.1,857.7,-14.75,90,-8.62,-9.4,-17.0,,,,,2025,False
2209.T,2025-09-29,2506.5,2395.0,-4.45,119,-1.3,0.08,-3.65,,,,,2025,False
3447.T,2025-09-29,872.4,990.0,13.49,119,-7.09,2.36,12.34,,,,,2025,False
3723.T,2025-09-29,1500.0,1370.2,-8.65,30,-0.67,9.73,28.53,,,,,2025,False
3486.T,2025-09-29,2806.4,2480.4,-11.62,24,-10.84,-25.19,-29.41,,,,,2025,False
1972.T,2025-09-29,1522.2,1311.2,-13.86,114,-0.64,-6.59,-13.87,,,,,2025,False
3393.T,2025-09-29,2723.5,2613.0,-4.06,119,-2.53,0.93,-2.11,,,,,2025,False
2060.T,2025-09-29,1120.1,955.4,-14.7,23,-10.85,-7.61,5.35,,,,,2025,False
2673.T,2025-09-26,204.0,211.6,3.75,2,15.2,-6.86,-14.71,,,,,2025,False
2216.T,2025-09-26,2421.5,2065.8,-14.69,3,-31.51,-34.21,-51.85,,,,,2025,False
2471.T,2025-09-26,337.9,287.2,-15.0,20,-17.14,-19.81,-26.61,,,,,2025,False
3777.T,2025-09-26,61.0,53.6,-12.21,4,-11.48,-21.31,-9.84,,,,,2025,False
4169.T,2025-09-26,354.0,306.8,-13.32,25,-9.32,-19.49,-24.86,,,,,2025,False
2163.T,2025-09-25,1974.1,1930.0,-2.23,119,-0.74,2.98,-2.18,,,,,2025,False
2153.T,2025-09-25,1787.8,1770.0,-0.99,119,-6.06,-2.23,0.18,,,,,2025,False
3691.T,2025-09-25,1403.0,1211.2,-13.67,2,-13.61,3.35,2.64,,,,,2025,False
1929.T,2025-09-25,1222.6,1218.6,-0.33,107,2.3,2.22,1.01,,,,,2025,False
3185.T,2025-09-25,185.0,195.5,5.68,3,23.24,9.19,22.16,,,,,2025,False
3529.T,2025-09-25,1110.0,1037.0,-6.58,4,4.41,13.24,-12.43,,,,,2025,False
2148.T,2025-09-24,1612.4,1799.8,11.63,119,-5.7,-8.81,10.39,,,,,2025,False
2307.T,2025-09-24,1154.0,1012.8,-12.24,27,-6.59,-12.43,-19.18,,,,,2025,False
2820.T,2025-09-24,5041.1,4386.1,-12.99,9,-20.37,-7.38,-14.01,,,,,2025,False
3656.T,2025-09-24,184.0,234.6,27.5,22,45.65,77.17,73.91,,,,,2025,False
3321.T,2025-09-24,1558.4,2078.2,33.36,105,4.51,25.58,29.43,,,,,2025,False
3984.T,2025-09-24,2032.4,1757.1,-13.54,89,-3.77,-6.61,-29.59,,,,,2025,False
2134.T,2025-09-24,50.0,42.0,-16.0,2,-18.0,-38.0,-42.0,,,,,2025,False
3992.T,2025-09-24,602.7,515.6,-14.45,4,-15.21,-11.73,-13.72,,,,,2025,False
3083.T,2025-09-24,865.6,745.0,-13.93,12,-15.96,-13.8,23.15,,,,,2025,False
2193.T,2025-09-22,177.0,151.3,-14.52,46,-1.13,-19.77,-8.47,,,,,2025,False
3850.T,2025-09-22,3820.2,3510.5,-8.11,89,-0.9,-1.42,-22.52,,,,,2025,False
3565.T,2025-09-22,523.5,453.3,-13.41,24,-3.5,0.12,-29.13,,,,,2025,False
2918.T,2025-09-22,2920.8,2973.9,1.82,24,10.2,9.69,5.11,,,,,2025,False
3647.T,2025-09-19,163.0,149.6,-8.22,3,-7.98,-30.06,-14.11,,,,,2025,False
3195.T,2025-09-19,474.0,452.2,-4.6,6,-12.45,6.33,-13.5,,,,,2025,False
4317.T,2025-09-19,631.8,623.0,-1.39,119,0.77,-3.38,-2.97,,,,,2025,False
2676.T,2025-09-19,1893.8,1959.5,3.47,119,2.27,9.37,4.92,,,,,2025,False
3679.T,2025-09-19,529.0,481.1,-9.05,33,-1.84,-12.71,-23.94,,,,,2025,False
3998.T,2025-09-19,399.0,361.2,-9.46,6,-4.76,-19.55,-22.81,,,,,2025,False
3633.T,2025-09-19,1955.2,2174.9,11.24,68,1.08,14.53,-4.05,,,,,2025,False
2112.T,2025-09-19,423.9,507.7,19.77,119,8.18,18.18,21.36,,,,,2025,False
2998.T,2025-09-19,1303.7,1168.7,-10.36,13,-7.89,-31.41,-41.5,,,,,2025,False
3726.T,2025-09-19,631.0,547.4,-13.25,4,-20.29,-18.7,-33.6,,,,,2025,False
2923.T,2025-09-19,8816.9,7589.9,-13.92,28,-8.08,-16.5,-18.41,,,,,2025,False
3371.T,2025-09-19,2327.6,2010.4,-13.63,29,-5.79,-11.79,-17.88,,,,,2025,False
3719.T,2025-09-19,276.7,296.5,7.16,1,36.07,-26.07,-16.15,,,,,2025,False
3134.T,2025-09-19,1341.1,1203.4,-10.27,7,-4.21,-65.24,-66.1,,,,,2025,False
3541.T,2025-09-18,566.0,530.4,-6.29,7,-13.43,-21.38,34.45,,,,,2025,False
2158.T,2025-09-18,937.0,939.2,0.24,14,-3.09,-6.08,-17.61,,,,,2025,False
4064.T,2025-09-18,2155.9,2638.2,22.37,111,-3.07,11.68,18.23,,,,,2025,False
2330.T,2025-09-18,220.0,196.4,-10.75,15,-1.82,-26.82,-49.55,,,,,2025,False
3182.T,2025-09-18,1738.4,1547.5,-10.98,39,1.81,-14.26,-24.73,,,,,2025,False
1967.T,2025-09-18,2034.8,1840.7,-9.54,30,-7.39,-3.5,5.47,,,,,2025,False
4263.T,2025-09-17,894.0,828.8,-7.3,63,2.8,-1.79,7.38,,,,,2025,False
2991.T,2025-09-17,822.0,700.0,-14.84,9,-15.21,-20.44,-28.71,,,,,2025,False
3093.T,2025-09-17,2049.0,1753.4,-14.43,9,-20.45,-19.59,-17.82,,,,,2025,False
4382.T,2025-09-17,1123.0,1067.6,-4.93,16,-8.99,-26.98,-26.8,,,,,2025,False
3665.T,2025-09-17,393.4,420.0,6.76,87,-3.35,0.48,-3.41,,,,,2025,False
2325.T,2025-09-17,5886.2,5306.0,-9.86,8,-7.9,-12.44,-21.0,,,,,2025,False
2311.T,2025-09-17,839.6,828.0,-1.38,119,-5.92,-4.18,-4.36,,,,,2025,False
3267.T,2025-09-16,1073.4,1002.2,-6.63,11,-18.14,-13.36,9.56,,,,,2025,False
4113.T,2025-09-16,1382.3,1176.6,-14.88,29,-10.34,-15.24,-29.15,,,,,2025,False
2982.T,2025-09-16,490.0,426.5,-12.97,17,-5.78,-6.37,-11.85,,,,,2025,False
2674.T,2025-09-16,1776.9,1935.5,8.93,119,-2.44,4.98,9.79,,,,,2025,False
3927.T,2025-09-16,840.0,738.3,-12.1,10,-14.94,-10.24,35.88,,,,,2025,False
4390.T,2025-09-16,3210.5,3316.7,3.31,9,-7.16,-6.24,1.04,,,,,2025,False
3494.T,2025-09-12,510.6,438.2,-14.18,10,-18.53,-26.17,-28.91,,,,,2025,False
4393.T,2025-09-12,9780.0,8330.0,-14.83,5,-22.19,-38.96,-45.19,,,,,2025,False
4346.T,2025-09-12,1039.3,952.0,-8.4,41,0.17,-20.71,-28.31,,,,,2025,False
4265.T,2025-09-12,531.0,520.2,-2.03,1,-32.96,-41.43,-20.9,,,,,2025,False
3853.T,2025-09-12,1490.4,1773.9,19.02,5,-14.41,-31.89,-16.81,,,,,2025,False
2983.T,2025-09-12,1366.3,1179.5,-13.67,9,-15.45,9.85,29.62,,,,,2025,False
1930.T,2025-09-12,1501.7,1378.3,-8.22,29,-7.01,-9.69,3.2,,,,,2025,False
4059.T,2025-09-12,749.0,645.2,-13.87,1,-17.89,-25.63,-34.18,,,,,2025,False
3985.T,2025-09-12,310.0,266.9,-13.9,16,-16.13,-32.58,-34.19,,,,,2025,False
3562.T,2025-09-11,2049.6,1935.4,-5.57,79,-1.75,8.78,-22.57,,,,,2025,False
3773.T,2025-09-11,1139.5,968.5,-15.0,16,-13.74,-13.99,-15.18,,,,,2025,False
3004.T,2025-09-11,2174.7,2423.3,11.43,119,-5.19,3.61,12.93,,,,,2025,False
3553.T,2025-09-10,847.1,1003.2,18.43,116,-2.4,11.28,13.35,,,,,2025,False
3649.T,2025-09-10,820.3,846.3,3.16,90,-3.84,4.32,5.81,,,,,2025,False
3810.T,2025-09-10,320.0,346.0,8.11,46,12.81,-6.25,-15.62,,,,,2025,False
4060.T,2025-09-10,1260.6,1162.4,-7.78,11,-4.87,-19.42,-16.15,,,,,2025,False
4392.T,2025-09-10,304.7,322.2,5.74,97,-3.81,-5.4,4.37,,,,,2025,False
3179.T,2025-09-10,1204.7,1120.4,-7.0,57,-0.32,-12.36,-1.28,,,,,2025,False
3747.T,2025-09-10,875.0,766.7,-12.38,1,-27.89,-21.6,-32.57,,,,,2025,False
2705.T,2025-09-10,5731.6,7139.5,24.56,119,-4.01,1.22,22.47,,,,,2025,False
3662.T,2025-09-10,1092.3,1084.8,-0.69,93,-3.44,4.16,-9.73,,,,,2025,False
4418.T,2025-09-10,979.0,1654.1,68.96,27,-8.58,16.75,-11.44,,,,,2025,False
3652.T,2025-09-09,2202.0,2292.4,4.11,8,2.5,14.35,4.0,,,,,2025,False
2586.T,2025-09-09,245.0,211.6,-13.61,9,-18.78,-48.98,-51.84,,,,,2025,False
3306.T,2025-09-09,819.5,808.9,-1.29,19,-4.81,-10.71,-12.88,,,,,2025,False
4016.T,2025-09-09,1173.2,1078.6,-8.06,51,-4.41,-17.32,-20.65,,,,,2025,False
2485.T,2025-09-09,523.4,444.9,-15.0,40,-6.1,-8.54,-1.41,,,,,2025,False
3236.T,2025-09-09,238.0,256.7,7.86,36,17.23,21.85,55.88,,,,,2025,False
2437.T,2025-09-08,356.0,333.2,-6.4,9,-17.98,-32.58,116.29,,,,,2025,False
4176.T,2025-09-08,546.0,471.8,-13.6,15,-8.06,-38.83,-47.44,,,,,2025,False
4316.T,2025-09-08,1398.0,1198.5,-14.27,0,-10.44,-24.03,-19.46,,,,,2025,False
2342.T,2025-09-08,224.0,202.3,-9.69,21,-5.8,42.86,29.46,,,,,2025,False
2418.T,2025-09-08,732.2,622.4,-15.0,33,-9.86,-26.35,-7.41,,,,,2025,False
3803.T,2025-09-08,1169.0,1206.1,3.18,0,-31.05,-55.6,-57.06,,,,,2025,False
3176.T,2025-09-08,1598.4,1659.0,3.79,96,-2.84,-8.99,3.86,,,,,2025,False
3137.T,2025-09-08,256.5,218.0,-15.0,14,-13.45,-22.42,-0.58,,,,,2025,False
4073.T,2025-09-05,772.0,656.2,-15.0,1,-22.15,-23.83,-33.94,,,,,2025,False
4094.T,2025-09-05,2317.6,2547.1,9.9,119,-3.79,-4.47,12.66,,,,,2025,False
3580.T,2025-09-05,803.4,831.1,3.45,119,3.82,-0.71,3.82,,,,,2025,False
3698.T,2025-09-05,1402.3,1284.3,-8.42,16,-4.21,-20.53,-32.27,,,,,2025,False
4025.T,2025-09-05,3660.2,3660.0,-0.01,119,4.56,-3.75,3.68,,,,,2025,False
3561.T,2025-09-05,1541.8,1319.7,-14.4,57,-9.66,-13.72,-3.09,,,,,2025,False
4124.T,2025-09-05,2988.7,2643.7,-11.54,16,-14.07,-16.85,-19.74,,,,,2025,False
2338.T,2025-09-05,511.0,722.5,41.39,22,41.29,-30.53,-74.56,,,,,2025,False
2700.T,2025-09-05,5387.7,5185.2,-3.76,8,-21.11,-44.57,-60.87,,,,,2025,False
3692.T,2025-09-04,6715.4,7752.2,15.44,12,36.85,21.25,16.49,,,,,2025,False
2475.T,2025-09-04,1722.3,1503.2,-12.72,117,-4.03,-11.0,-11.28,,,,,2025,False
4175.T,2025-09-04,2075.0,2035.8,-1.89,27,12.29,-11.86,-14.07,,,,,2025,False
3139.T,2025-09-04,4037.0,3391.8,-15.98,25,0.24,-14.42,-9.09,,,,,2025,False
3843.T,2025-09-04,1550.4,1549.4,-0.06,119,-0.88,-1.76,-2.45,,,,,2025,False
3109.T,2025-09-04,982.4,1085.9,10.54,119,-0.6,1.78,8.15,,,,,2025,False
3266.T,2025-09-04,101.8,98.3,-3.45,2,-6.8,-14.55,-7.68,,,,,2025,False
2910.T,2025-09-03,1544.8,1316.4,-14.78,61,-6.68,-10.91,-9.75,,,,,2025,False
3664.T,2025-09-03,54.0,47.6,-11.85,15,38.89,-27.78,-40.74,,,,,2025,False
3929.T,2025-09-03,270.0,306.0,13.33,119,-0.74,-1.11,18.15,,,,,2025,False
3131.T,2025-09-03,2989.0,3027.6,1.29,44,7.03,-13.16,-6.26,,,,,2025,False
3135.T,2025-09-02,1862.0,1631.0,-12.41,48,-1.88,-13.96,-46.62,,,,,2025,False
3556.T,2025-09-02,910.0,1120.3,23.11,12,-1.65,3.52,6.26,,,,,2025,False
3315.T,2025-09-02,102.0,92.0,-9.8,22,-6.86,0.0,18.63,,,,,2025,False
2776.T,2025-09-02,160.0,136.8,-14.47,21,-13.12,-27.5,-12.5,,,,,2025,False
2927.T,2025-09-02,840.9,865.0,2.87,119,0.23,0.35,6.08,,,,,2025,False
3547.T,2025-09-02,2728.9,2490.5,-8.73,9,-16.59,-24.66,-29.24,,,,,2025,False
2173.T,2025-09-02,667.1,596.9,-10.52,26,-3.51,16.69,47.36,,,,,2025,False
4168.T,2025-09-02,1001.6,975.3,-2.63,14,-1.78,-10.1,-27.72,,,,,2025,False
4092.T,2025-09-02,2764.1,2462.4,-10.91,46,-0.78,-9.46,20.53,,,,,2025,False
3489.T,2025-09-02,869.6,759.7,-12.64,41,-8.96,-14.0,2.56,,,,,2025,False
4192.T,2025-09-02,457.0,349.0,-23.63,48,-7.22,-35.23,-48.14,,,,,2025,False
3963.T,2025-09-01,564.8,534.3,-5.39,22,2.91,0.17,-14.9,,,,,2025,False
4320.T,2025-09-01,697.2,916.0,31.38,45,10.87,44.43,74.84,,,,,2025,False
3548.T,2025-09-01,720.7,730.0,1.29,119,0.93,0.53,1.15,,,,,2025,False
4412.T,2025-09-01,1501.0,1359.1,-9.45,19,-14.39,3.66,34.44,,,,,2025,False
3935.T,2025-09-01,1075.7,1114.8,3.63,14,-4.38,-15.8,-37.44,,,,,2025,False
3359.T,2025-09-01,576.5,514.2,-10.8,27,-8.76,-9.62,-7.2,,,,,2025,False
3840.T,2025-09-01,116.0,99.4,-14.27,19,-12.93,-38.79,-54.31,,,,,2025,False
3475.T,2025-09-01,1442.2,1270.0,-11.94,39,-0.81,-16.24,2.21,,,,,2025,False
2335.T,2025-09-01,1145.9,1037.7,-9.44,119,-5.26,-8.25,-11.58,,,,,2025,False
3921.T,2025-09-01,2039.8,1763.9,-13.53,38,-10.69,-14.4,-17.2,,,,,2025,False
2053.T,2025-08-29,1660.4,1932.5,16.39,119,-1.8,3.7,13.44,,,,,2025,False
2933.T,2025-08-29,1116.6,1020.8,-8.58,69,0.09,-5.71,-6.59,,,,,2025,False
4013.T,2025-08-29,1274.5,1289.9,1.21,18,5.29,-3.81,-44.68,,,,,2025,False
3010.T,2025-08-29,200.6,189.7,-5.46,51,-0.49,-11.22,-9.76,,,,,2025,False
1964.T,2025-08-29,3754.4,4271.3,13.77,41,6.92,14.62,25.64,,,,,2025,False
4251.T,2025-08-29,1072.3,1368.0,27.58,119,3.61,9.94,21.7,,,,,2025,False
3089.T,2025-08-29,1088.9,1249.5,14.75,90,15.08,14.98,10.94,,,,,2025,False
2429.T,2025-08-28,2451.1,2856.0,16.52,119,1.48,2.76,15.78,,,,,2025,False
4397.T,2025-08-28,548.0,565.2,3.15,29,12.41,-3.83,-25.91,,,,,2025,False
3936.T,2025-08-28,187.0,169.2,-9.55,21,-6.95,-24.06,-28.88,,,,,2025,False
3409.T,2025-08-28,220.0,193.0,-12.3,9,-22.27,-40.45,-45.45,,,,,2025,False
4416.T,2025-08-28,936.0,808.4,-13.64,21,-9.94,-11.97,-44.55,,,,,2025,False
2669.T,2025-08-28,3277.4,3440.0,4.96,119,0.15,2.88,5.73,,,,,2025,False
2120.T,2025-08-28,210.1,187.5,-10.77,29,-0.52,-21.46,1.86,,,,,2025,False
3678.T,2025-08-28,1778.3,1640.2,-7.77,91,4.72,0.11,-4.8,,,,,2025,False
3763.T,2025-08-28,1486.7,1387.9,-6.64,21,-2.72,8.61,-4.16,,,,,2025,False
2656.T,2025-08-27,155.0,142.0,-8.42,8,-16.77,-10.32,-5.81,,,,,2025,False
3983.T,2025-08-27,2636.8,2357.5,-10.59,37,-0.37,-24.48,-24.3,,,,,2025,False
4170.T,2025-08-27,237.0,202.3,-14.64,11,-18.57,-21.1,-25.32,,,,,2025,False
2385.T,2025-08-27,192.0,276.2,43.88,62,0.0,19.79,40.62,,,,,2025,False
3779.T,2025-08-27,265.0,232.0,-12.43,2,-29.81,-27.92,-38.11,,,,,2025,False
3690.T,2025-08-27,646.3,581.0,-10.1,31,-2.37,-9.17,-10.72,,,,,2025,False
3758.T,2025-08-27,349.7,301.4,-13.81,20,-14.89,-14.61,-23.36,,,,,2025,False
3696.T,2025-08-27,2450.9,2330.2,-4.93,22,-1.88,-14.13,-33.98,,,,,2025,False
3687.T,2025-08-26,1890.6,1887.0,-0.19,31,-1.99,-15.0,-20.71,,,,,2025,False
3663.T,2025-08-26,1662.0,1655.5,-0.39,33,15.27,-1.07,-20.52,,,,,2025,False
3205.T,2025-08-26,941.0,1230.9,30.8,119,0.3,8.6,34.2,,,,,2025,False
4165.T,2025-08-26,1169.0,993.6,-15.0,23,-12.66,-30.71,-55.77,,,,,2025,False
2934.T,2025-08-26,1848.0,1742.5,-5.71,18,-4.65,-6.87,-31.49,,,,,2025,False
3989.T,2025-08-26,1060.9,909.0,-14.32,33,-7.71,1.97,12.75,,,,,2025,False
3807.T,2025-08-26,174.0,156.4,-10.11,5,-16.67,-20.69,-36.78,,,,,2025,False
3727.T,2025-08-26,213.3,216.3,1.38,0,-17.89,-20.64,-9.07,,,,,2025,False
4377.T,2025-08-26,2913.9,2481.9,-14.83,23,-12.34,-7.1,-36.27,,,,,2025,False
2108.T,2025-08-26,2537.6,4179.6,64.71,119,10.55,36.62,68.69,,,,,2025,False
3798.T,2025-08-26,718.1,716.0,-0.29,42,5.49,-19.09,-24.45,,,,,2025,False
2498.T,2025-08-26,3218.5,2944.9,-8.5,31,3.0,-4.77,-2.13,,,,,2025,False
4258.T,2025-08-25,3900.3,3640.9,-6.65,43,-1.4,-12.37,-31.98,,,,,2025,False
3415.T,2025-08-25,536.3,477.7,-10.94,15,-15.26,-28.49,-27.66,,,,,2025,False
3323.T,2025-08-25,95.2,104.6,9.79,11,36.46,-14.94,3.96,,,,,2025,False
2461.T,2025-08-25,495.6,471.0,-4.97,119,0.39,5.84,-4.97,,,,,2025,False
1887.T,2025-08-25,483.1,692.0,43.24,119,5.28,11.38,41.17,,,,,2025,False
3968.T,2025-08-25,657.3,680.7,3.56,75,-0.9,12.05,-22.11,,,,,2025,False
3680.T,2025-08-25,332.0,289.7,-12.72,7,-14.58,-19.94,-35.84,,,,,2025,False
4395.T,2025-08-22,1372.3,1409.4,2.7,1,-26.71,-34.47,-10.66,,,,,2025,False
3035.T,2025-08-22,640.3,665.0,3.86,119,-4.46,-5.08,3.7,,,,,2025,False
4058.T,2025-08-22,3579.1,3042.2,-15.0,7,-15.12,-20.55,-49.96,,,,,2025,False
4318.T,2025-08-22,746.9,835.3,11.83,119,8.37,6.74,12.88,,,,,2025,False
4284.T,2025-08-22,486.7,442.6,-9.06,14,-8.18,-6.19,-3.85,,,,,2025,False
2180.T,2025-08-22,677.1,700.5,3.46,47,9.33,28.57,44.3,,,,,2025,False
3771.T,2025-08-22,2015.4,1859.9,-7.71,48,-0.24,-5.24,-15.67,,,,,2025,False
3300.T,2025-08-22,2813.0,2444.6,-13.1,26,-5.97,-19.62,-7.57,,,,,2025,False
3922.T,2025-08-22,2775.6,2822.3,1.68,34,14.79,3.26,-16.19,,,,,2025,False
3845.T,2025-08-22,233.0,202.3,-13.18,3,13.3,-5.15,5.58,,,,,2025,False
2594.T,2025-08-22,2011.1,1982.1,-1.44,119,1.78,-1.2,-0.8,,,,,2025,False
3452.T,2025-08-21,1622.7,1540.8,-5.05,57,10.15,-10.68,-1.34,,,,,2025,False
2926.T,2025-08-21,125.0,122.4,-2.08,18,-10.4,-22.4,-22.4,,,,,2025,False
3431.T,2025-08-21,1921.9,1741.8,-9.37,68,3.36,-2.89,-5.16,,,,,2025,False
3611.T,2025-08-21,1882.0,2362.8,25.55,119,3.37,19.17,24.27,,,,,2025,False
3671.T,2025-08-21,330.6,343.9,4.0,57,7.94,1.47,-5.64,,,,,2025,False
4012.T,2025-08-21,1455.2,1457.0,0.12,50,16.26,-0.67,13.38,,,,,2025,False
3823.T,2025-08-21,117.0,101.1,-13.55,0,-40.17,-58.97,-52.14,,,,,2025,False
3180.T,2025-08-21,1719.7,1500.4,-12.75,16,-13.74,-20.3,-15.73,,,,,2025,False
2334.T,2025-08-20,656.0,822.8,25.43,2,-13.11,-32.47,-33.08,,,,,2025,False
3284.T,2025-08-20,1213.2,1279.5,5.47,119,2.96,3.31,6.03,,,,,2025,False
4406.T,2025-08-20,227.4,217.5,-4.37,71,-1.72,-10.78,-2.59,,,,,2025,False
4240.T,2025-08-20,376.0,326.3,-13.22,27,-3.93,-19.9,20.42,,,,,2025,False
4414.T,2025-08-19,1960.0,1720.4,-12.22,61,0.26,-11.43,-30.56,,,,,2025,False
1888.T,2025-08-19,5680.5,5083.9,-10.5,21,-10.41,-23.72,-15.7,,,,,2025,False
3837.T,2025-08-19,1370.8,1791.9,30.72,119,-6.08,4.31,36.02,,,,,2025,False
4396.T,2025-08-19,1398.2,1460.9,4.48,47,11.43,-0.85,-14.46,,,,,2025,False
3640.T,2025-08-19,2477.5,2918.7,17.81,32,22.34,26.45,47.85,,,,,2025,False
4391.T,2025-08-19,1266.0,1082.9,-14.46,63,-2.84,-11.93,-18.4,,,,,2025,False
4375.T,2025-08-19,1063.0,912.9,-14.12,13,-13.26,-22.86,-23.05,,,,,2025,False
2321.T,2025-08-19,192.0,175.1,-8.8,3,0.52,13.02,-7.81,,,,,2025,False
4072.T,2025-08-19,3239.8,3395.1,4.79,1,12.02,11.87,-4.01,,,,,2025,False
4017.T,2025-08-19,302.0,288.2,-4.59,24,3.31,-17.88,-19.54,,,,,2025,False
3670.T,2025-08-19,2272.5,1933.3,-14.93,45,-6.43,-15.42,-11.24,,,,,2025,False
3042.T,2025-08-19,344.9,309.1,-10.4,36,-6.27,0.28,-4.56,,,,,2025,False
2410.T,2025-08-19,2162.8,2434.0,12.54,119,4.87,7.55,12.54,,,,,2025,False
3242.T,2025-08-19,544.7,566.0,3.91,119,-2.16,7.21,3.91,,,,,2025,False
2378.T,2025-08-19,1167.8,1088.5,-6.8,30,5.5,-13.19,-4.27,,,,,2025,False
3660.T,2025-08-18,625.0,582.2,-6.84,11,-18.08,-27.2,-27.52,,,,,2025,False
4222.T,2025-08-18,738.2,727.7,-1.42,1,13.69,11.01,63.62,,,,,2025,False
4404.T,2025-08-18,2011.0,2441.0,21.38,119,0.33,11.3,19.54,,,,,2025,False
3625.T,2025-08-18,707.0,718.2,1.59,54,3.54,-7.21,-0.99,,,,,2025,False
2315.T,2025-08-18,67.0,66.3,-1.04,1,64.18,29.85,26.87,,,,,2025,False
3542.T,2025-08-18,2275.5,2032.0,-10.7,17,-14.17,-29.56,-17.0,,,,,2025,False
4019.T,2025-08-18,1420.6,1282.7,-9.71,17,-10.49,-32.59,-46.57,,,,,2025,False
3271.T,2025-08-18,1106.0,1076.0,-2.71,8,0.54,-17.99,-13.56,,,,,2025,False
4301.T,2025-08-18,1946.6,1744.7,-10.38,60,1.46,-7.12,3.92,,,,,2025,False
4417.T,2025-08-15,3134.3,3855.2,23.0,44,-0.47,12.08,-11.48,,,,,2025,False
4331.T,2025-08-15,853.4,727.9,-14.71,81,-3.15,-11.37,-15.16,,,,,2025,False
4323.T,2025-08-15,2130.6,2113.6,-0.8,49,4.87,6.0,-0.37,,,,,2025,False
3997.T,2025-08-15,248.9,252.1,1.29,0,27.4,51.2,129.45,,,,,2025,False
3925.T,2025-08-15,1858.4,1581.3,-14.91,76,-7.64,-12.56,-28.29,,,,,2025,False
2323.T,2025-08-15,186.7,185.6,-0.58,1,27.68,38.21,123.93,,,,,2025,False
4374.T,2025-08-14,2853.3,2981.1,4.48,39,11.98,-0.87,-20.51,,,,,2025,False
3392.T,2025-08-14,752.1,840.5,11.76,39,10.23,10.75,13.86,,,,,2025,False
3675.T,2025-08-14,714.5,628.3,-12.06,62,-3.6,-6.92,-13.09,,,,,2025,False
2130.T,2025-08-14,1279.1,1100.5,-13.97,56,-7.28,-12.97,-9.56,,,,,2025,False
3077.T,2025-08-14,738.0,850.0,15.18,2,-45.12,-18.56,-35.77,,,,,2025,False
3683.T,2025-08-14,1427.6,1472.8,3.16,5,3.08,-6.16,-14.61,,,,,2025,False
2305.T,2025-08-14,2097.7,1950.4,-7.02,119,-2.0,-5.86,-7.21,,,,,2025,False
1904.T,2025-08-14,4133.2,4926.0,19.18,119,1.86,-0.33,17.04,,,,,2025,False
3355.T,2025-08-14,1541.8,1776.0,15.19,119,-1.53,2.67,7.99,,,,,2025,False
3741.T,2025-08-14,2276.1,3919.4,72.2,119,0.43,16.16,66.81,,,,,2025,False
2060.T,2025-08-13,1067.1,959.6,-10.08,54,2.71,-7.34,16.72,,,,,2025,False
4015.T,2025-08-13,731.0,681.7,-6.74,15,-6.84,-30.1,-30.23,,,,,2025,False
3920.T,2025-08-13,908.2,961.6,5.88,32,8.55,9.0,4.42,,,,,2025,False
3388.T,2025-08-13,2018.0,2378.0,17.84,119,-0.29,11.86,21.88,,,,,2025,False
2488.T,2025-08-13,1519.8,1335.3,-12.14,85,-2.61,-2.23,-14.97,,,,,2025,False
3486.T,2025-08-13,2270.0,2480.4,9.27,55,8.53,16.12,0.18,,,,,2025,False
1972.T,2025-08-13,1427.8,1398.4,-2.06,33,8.68,-4.17,3.47,,,,,2025,False
3393.T,2025-08-13,2475.2,2729.3,10.27,119,1.92,4.42,9.37,,,,,2025,False
3777.T,2025-08-12,62.0,72.2,16.53,5,-8.06,-16.13,12.9,,,,,2025,False
2673.T,2025-08-12,143.0,153.8,7.59,1,65.73,90.91,54.55,,,,,2025,False
3744.T,2025-08-12,540.0,503.2,-6.81,14,-7.22,0.93,-1.67,,,,,2025,False
2216.T,2025-08-12,2073.2,2077.6,0.21,34,-2.2,-27.54,-22.77,,,,,2025,False
3676.T,2025-08-12,958.6,908.5,-5.22,119,-0.41,-0.09,-5.22,,,,,2025,False
2721.T,2025-08-12,201.0,198.9,-1.04,3,1.49,-1.49,-15.42,,,,,2025,False
4169.T,2025-08-12,349.0,363.8,4.24,15,10.03,-10.89,-24.36,,,,,2025,False
2153.T,2025-08-08,1820.3,1820.0,-0.02,119,-4.44,-10.23,0.48,,,,,2025,False
3189.T,2025-08-08,805.0,712.3,-11.52,1,-24.22,-40.12,-68.94,,,,,2025,False
3185.T,2025-08-08,152.0,187.0,23.03,20,44.74,49.34,47.37,,,,,2025,False
2936.T,2025-08-08,500.0,439.4,-12.11,41,-7.6,-31.0,-29.0,,,,,2025,False
2428.T,2025-08-08,721.5,654.1,-9.33,55,0.68,-11.16,-7.83,,,,,2025,False
2929.T,2025-08-08,923.4,887.5,-3.89,22,10.73,-13.82,-27.98,,,,,2025,False
1929.T,2025-08-08,1196.6,1337.8,11.79,119,5.14,1.16,12.04,,,,,2025,False
3691.T,2025-08-08,1089.0,1428.0,31.13,4,40.5,5.42,40.13,,,,,2025,False
2163.T,2025-08-08,1829.0,2061.0,12.68,119,9.65,5.57,11.7,,,,,2025,False
3070.T,2025-08-07,276.0,253.3,-8.22,7,-51.45,-68.84,-65.94,,,,,2025,False
3984.T,2025-08-07,2100.0,1859.4,-11.46,58,-1.85,-9.85,-18.14,,,,,2025,False
3992.T,2025-08-07,529.2,520.6,-1.62,35,-0.74,-0.6,4.31,,,,,2025,False
3447.T,2025-08-07,805.7,957.8,18.88,119,6.83,6.93,18.64,,,,,2025,False
2148.T,2025-08-07,1521.5,1627.5,6.97,119,6.04,-2.61,6.72,,,,,2025,False
2134.T,2025-08-07,77.0,70.6,-8.38,2,-16.88,-42.86,-46.75,,,,,2025,False
2820.T,2025-08-07,4738.4,4504.2,-4.94,39,6.39,-17.38,7.0,,,,,2025,False
3565.T,2025-08-06,548.6,553.3,0.85,5,6.43,-16.02,-15.61,,,,,2025,False
2918.T,2025-08-06,2645.8,2973.9,12.4,55,3.26,13.11,34.09,,,,,2025,False
2193.T,2025-08-06,213.0,183.6,-13.8,3,-20.66,-23.47,-30.52,,,,,2025,False
3850.T,2025-08-06,3987.4,3556.4,-10.81,44,-8.14,-4.19,-10.73,,,,,2025,False
3490.T,2025-08-06,2900.7,2974.9,2.56,119,-0.89,-4.57,3.24,,,,,2025,False
2164.T,2025-08-05,316.0,314.5,-0.47,0,5.54,-7.59,26.27,,,,,2025,False
2998.T,2025-08-05,969.3,913.1,-5.81,5,31.43,-12.35,-9.69,,,,,2025,False
3195.T,2025-08-05,534.0,544.0,1.87,2,-12.17,11.99,-2.25,,,,,2025,False
3371.T,2025-08-05,2168.3,2010.4,-7.28,60,4.03,-8.22,-5.17,,,,,2025,False
3932.T,2025-08-05,3029.2,2641.5,-12.8,37,-7.28,-13.24,-16.78,,,,,2025,False
3134.T,2025-08-05,1287.5,1208.3,-6.15,38,2.9,-61.71,-64.46,,,,,2025,False
3182.T,2025-08-04,1795.8,1680.4,-6.43,15,-11.25,-5.21,-23.48,,,,,2025,False
2330.T,2025-08-04,197.0,194.6,-1.19,2,34.01,10.66,-15.74,,,,,2025,False
3079.T,2025-08-04,1174.8,1163.8,-0.94,0,-15.24,-4.56,-1.87,,,,,2025,False
2158.T,2025-08-04,952.0,931.6,-2.14,1,-17.23,-4.83,-11.24,,,,,2025,False
1967.T,2025-08-04,1832.7,1840.7,0.43,61,10.38,5.22,22.2,,,,,2025,False
2112.T,2025-08-04,377.6,523.1,38.52,119,3.32,28.32,39.29,,,,,2025,False
3726.T,2025-08-04,630.0,714.8,13.47,19,8.1,-25.87,-27.14,,,,,2025,False
3541.T,2025-08-04,547.0,648.6,18.56,15,-3.47,-14.08,40.04,,,,,2025,False
2804.T,2025-08-04,2028.9,1853.4,-8.65,82,2.75,-6.24,-8.0,,,,,2025,False
4064.T,2025-08-04,1877.5,2639.2,40.57,119,9.03,14.44,45.17,,,,,2025,False
2325.T,2025-08-01,5698.2,5676.0,-0.39,37,14.41,-8.51,-12.25,,,,,2025,False
3093.T,2025-08-01,1641.1,1792.1,9.2,39,10.16,0.83,1.07,,,,,2025,False
3648.T,2025-08-01,1267.0,1165.4,-8.02,39,-1.92,16.05,10.68,,,,,2025,False
3053.T,2025-08-01,206.0,186.2,-9.64,8,-11.17,-13.11,-18.93,,,,,2025,False
4263.T,2025-08-01,877.0,798.2,-8.99,5,10.38,4.22,4.33,,,,,2025,False
3159.T,2025-08-01,314.4,334.0,6.25,119,5.31,3.44,7.2,,,,,2025,False
2667.T,2025-08-01,242.0,231.2,-4.46,18,-2.48,-15.7,26.86,,,,,2025,False
4390.T,2025-07-31,2757.1,3316.7,20.3,40,6.95,7.27,6.34,,,,,2025,False
2676.T,2025-07-31,1941.1,1990.8,2.56,119,-3.53,-2.24,2.56,,,,,2025,False
3927.T,2025-07-31,875.5,855.9,-2.24,29,3.95,-15.58,-4.74,,,,,2025,False
2982.T,2025-07-31,347.5,430.6,23.92,48,25.84,32.02,27.19,,,,,2025,False
4113.T,2025-07-31,1350.3,1258.9,-6.77,40,-0.57,-11.2,-17.74,,,,,2025,False
4193.T,2025-07-30,2531.1,2486.3,-1.77,0,-11.02,-19.95,-20.5,,,,,2025,False
3853.T,2025-07-30,653.2,1136.7,74.01,14,182.04,112.18,107.76,,,,,2025,False
4393.T,2025-07-30,11500.0,12282.5,6.8,12,-5.74,-36.43,-45.83,,,,,2025,False
3529.T,2025-07-30,1184.0,1053.1,-11.05,32,-5.66,-2.96,-3.55,,,,,2025,False
3985.T,2025-07-30,265.0,298.3,12.58,15,22.26,-6.42,-17.36,,,,,2025,False
1930.T,2025-07-30,1325.4,1378.3,3.99,60,7.31,2.17,14.71,,,,,2025,False
3494.T,2025-07-30,492.9,465.1,-5.63,18,-4.41,-17.22,-26.15,,,,,2025,False
2489.T,2025-07-30,343.8,307.2,-10.65,4,-17.33,-19.32,-23.5,,,,,2025,False
4166.T,2025-07-30,906.0,796.0,-12.14,2,-9.38,-23.62,-16.23,,,,,2025,False
3421.T,2025-07-30,1755.8,1570.4,-10.56,60,-5.0,-10.45,-9.79,,,,,2025,False
2268.T,2025-07-29,4098.4,4005.0,-2.28,119,0.24,-1.32,-2.52,,,,,2025,False
3562.T,2025-07-29,2249.1,2012.1,-10.54,22,-5.43,-5.82,-21.13,,,,,2025,False
3559.T,2025-07-29,517.5,468.2,-9.53,95,1.14,-2.08,-6.44,,,,,2025,False
2301.T,2025-07-29,1761.1,1586.6,-9.91,63,1.47,-4.41,-2.02,,,,,2025,False
3662.T,2025-07-28,1285.6,1092.3,-15.03,28,-6.65,-12.42,-3.81,,,,,2025,False
3179.T,2025-07-28,1192.2,1120.4,-6.03,88,-0.08,7.82,-4.83,,,,,2025,False
3810.T,2025-07-28,325.0,365.5,12.46,24,17.85,15.38,-4.62,,,,,2025,False
3553.T,2025-07-28,785.6,1081.9,37.71,119,6.02,9.82,37.09,,,,,2025,False
2533.T,2025-07-28,564.7,544.9,-3.51,44,2.43,-3.29,-14.11,,,,,2025,False
4418.T,2025-07-28,1198.0,1094.8,-8.61,9,-12.35,30.22,-11.35,,,,,2025,False
3747.T,2025-07-28,497.0,429.2,-13.63,10,129.58,88.33,50.91,,,,,2025,False
2586.T,2025-07-25,381.0,385.9,1.29,13,-21.0,-38.32,-60.89,,,,,2025,False
2485.T,2025-07-25,567.6,508.0,-10.51,32,-6.44,-11.35,-8.41,,,,,2025,False
3773.T,2025-07-24,1130.8,985.8,-12.82,10,-13.08,-13.42,-12.14,,,,,2025,False
2418.T,2025-07-24,588.8,633.3,7.56,53,14.29,10.25,-1.15,,,,,2025,False
3176.T,2025-07-24,1452.6,1537.3,5.83,119,3.12,7.18,6.37,,,,,2025,False
4176.T,2025-07-24,406.0,475.2,17.03,45,19.21,-8.37,-6.4,,,,,2025,False
3803.T,2025-07-24,819.0,861.9,5.24,0,21.25,-4.52,-34.8,,,,,2025,False
3137.T,2025-07-24,250.0,216.8,-13.3,2,4.8,-13.2,-8.4,,,,,2025,False
4316.T,2025-07-24,552.0,548.2,-0.68,0,268.12,105.07,82.79,,,,,2025,False
4345.T,2025-07-23,813.4,1057.8,30.05,119,12.4,5.97,33.07,,,,,2025,False
2338.T,2025-07-23,535.0,467.5,-12.62,11,-14.58,7.48,-48.41,,,,,2025,False
3561.T,2025-07-23,1399.6,1331.5,-4.87,78,2.96,3.63,2.28,,,,,2025,False
3987.T,2025-07-23,567.0,531.0,-6.35,24,5.29,-18.69,-10.76,,,,,2025,False
2700.T,2025-07-23,2078.0,5459.0,162.71,17,175.72,105.73,24.64,,,,,2025,False
3698.T,2025-07-23,1421.7,1331.2,-6.37,46,7.16,-7.94,-22.37,,,,,2025,False
4094.T,2025-07-23,2065.2,2595.2,25.67,119,12.27,9.02,29.62,,,,,2025,False
3083.T,2025-07-23,807.4,734.4,-9.05,29,-3.18,-6.23,-3.67,,,,,2025,False
4199.T,2025-07-22,1210.0,1183.2,-2.21,35,7.19,-35.04,21.4,,,,,2025,False
3843.T,2025-07-22,1368.5,1628.2,18.98,119,20.18,15.21,19.55,,,,,2025,False
3139.T,2025-07-22,3841.5,3391.8,-11.7,56,4.71,-11.2,-9.02,,,,,2025,False
3267.T,2025-07-22,817.0,1002.2,22.66,49,7.54,10.3,34.63,,,,,2025,False
3692.T,2025-07-22,6007.0,5776.0,-3.85,14,9.63,96.51,54.82,,,,,2025,False
4175.T,2025-07-22,2309.0,2352.8,1.9,0,-7.8,-9.48,-22.61,,,,,2025,False
3664.T,2025-07-18,63.0,59.5,-5.56,10,-9.52,-20.63,-36.51,,,,,2025,False
2910.T,2025-07-18,1493.7,1324.8,-11.31,92,2.7,-2.43,-7.73,,,,,2025,False
3135.T,2025-07-17,1560.0,1631.0,4.55,79,11.09,10.58,-8.53,,,,,2025,False
3353.T,2025-07-17,3416.3,2903.8,-15.0,2,-8.87,-20.46,-15.27,,,,,2025,False
4168.T,2025-07-17,793.4,1079.0,36.0,27,49.25,21.0,6.63,,,,,2025,False
3489.T,2025-07-17,710.0,759.7,7.0,72,14.06,11.64,15.81,,,,,2025,False
3547.T,2025-07-17,1827.2,2490.5,36.3,40,26.2,22.34,2.18,,,,,2025,False
3556.T,2025-07-17,608.0,1120.3,84.26,43,32.57,55.1,97.53,,,,,2025,False
2462.T,2025-07-17,1376.0,1560.0,13.37,119,5.91,6.62,12.93,,,,,2025,False
4320.T,2025-07-16,646.8,916.0,41.62,76,4.76,37.14,62.8,,,,,2025,False
3963.T,2025-07-16,565.8,534.3,-5.56,53,-3.25,8.89,15.04,,,,,2025,False
3548.T,2025-07-16,749.3,753.1,0.51,119,1.4,-4.58,0.51,,,,,2025,False
3935.T,2025-07-16,934.2,1114.8,19.32,45,8.94,2.84,-14.41,,,,,2025,False
4192.T,2025-07-16,480.0,441.2,-8.09,34,1.46,-12.92,-32.08,,,,,2025,False
4412.T,2025-07-16,1200.0,1359.1,13.26,50,5.0,19.58,102.67,,,,,2025,False
3475.T,2025-07-16,1077.2,1270.0,17.89,70,32.88,35.77,20.4,,,,,2025,False
4251.T,2025-07-15,1103.3,1090.9,-1.12,22,-0.61,5.79,23.0,,,,,2025,False
3010.T,2025-07-15,203.6,203.0,-0.29,29,9.62,-4.81,-7.21,,,,,2025,False
2053.T,2025-07-15,1613.1,1740.3,7.89,119,5.38,1.26,8.31,,,,,2025,False
1964.T,2025-07-15,3297.1,4271.3,29.55,72,12.7,32.12,35.91,,,,,2025,False
3915.T,2025-07-15,2240.2,2066.7,-7.74,49,0.4,-8.19,0.44,,,,,2025,False
4013.T,2025-07-15,862.9,1289.9,49.48,49,25.98,50.34,52.74,,,,,2025,False
3686.T,2025-07-14,178.0,155.0,-12.92,13,-11.24,-32.58,-28.09,,,,,2025,False
2435.T,2025-07-14,214.2,203.6,-4.95,87,-2.7,-3.15,-4.05,,,,,2025,False
2429.T,2025-07-14,2181.8,2748.0,25.95,119,7.81,7.41,28.24,,,,,2025,False
3825.T,2025-07-14,606.3,515.4,-15.0,4,-26.61,-48.55,-52.42,,,,,2025,False
3678.T,2025-07-14,1673.9,1768.5,5.66,119,2.97,11.95,5.6,,,,,2025,False
2120.T,2025-07-14,178.7,193.9,8.51,53,26.06,6.31,2.95,,,,,2025,False
3936.T,2025-07-14,213.0,201.4,-5.42,4,2.35,-26.29,-33.8,,,,,2025,False
3763.T,2025-07-14,1455.5,1509.8,3.73,29,20.53,-0.9,15.21,,,,,2025,False
3409.T,2025-07-14,288.0,249.0,-13.52,0,-29.86,-43.75,-58.33,,,,,2025,False
4397.T,2025-07-14,558.0,565.2,1.3,60,0.36,1.43,-6.81,,,,,2025,False
3983.T,2025-07-11,2929.7,2793.3,-4.66,22,10.5,-17.63,-23.47,,,,,2025,False
3779.T,2025-07-11,190.0,211.6,11.39,27,8.95,0.53,-7.37,,,,,2025,False
3321.T,2025-07-11,1187.4,2141.0,80.32,119,4.77,34.29,84.44,,,,,2025,False
2471.T,2025-07-11,324.4,302.0,-6.9,6,-2.68,-0.3,-14.62,,,,,2025,False
3696.T,2025-07-11,2559.6,2242.7,-12.38,14,-14.21,-6.8,-24.21,,,,,2025,False
3687.T,2025-07-10,1921.3,1774.6,-7.64,35,3.61,4.35,-17.61,,,,,2025,False
2388.T,2025-07-10,95.0,91.0,-4.26,5,-14.74,-24.21,-30.53,,,,,2025,False
4165.T,2025-07-10,1093.0,1051.4,-3.8,38,9.33,-9.33,-21.13,,,,,2025,False
2656.T,2025-07-10,136.0,120.7,-11.25,12,-12.5,-7.35,-3.68,,,,,2025,False
3807.T,2025-07-10,149.0,135.2,-9.3,6,-6.04,-6.71,-16.11,,,,,2025,False
3798.T,2025-07-10,671.7,716.0,6.59,73,9.84,18.8,1.17,,,,,2025,False
3989.T,2025-07-10,991.3,1008.9,1.77,23,14.8,-2.22,19.19,,,,,2025,False
3663.T,2025-07-10,1651.1,1655.5,0.26,64,-1.02,4.08,-1.46,,,,,2025,False
4377.T,2025-07-10,2122.5,2481.9,16.93,54,14.28,16.66,24.85,,,,,2025,False
3205.T,2025-07-10,912.8,1152.8,26.29,119,0.1,3.61,30.1,,,,,2025,False
3415.T,2025-07-09,425.9,497.8,16.87,34,29.4,0.69,5.79,,,,,2025,False
2461.T,2025-07-09,450.3,511.0,13.48,119,8.35,6.21,13.48,,,,,2025,False
1887.T,2025-07-09,477.2,554.0,16.09,119,0.62,6.58,16.72,,,,,2025,False
4258.T,2025-07-09,3164.0,2769.8,-12.46,12,13.52,25.47,-4.55,,,,,2025,False
4318.T,2025-07-08,730.0,921.2,26.19,119,-1.35,11.3,23.91,,,,,2025,False
3922.T,2025-07-08,2358.1,2822.3,19.69,65,18.72,23.4,20.83,,,,,2025,False
3845.T,2025-07-08,113.0,125.0,10.58,15,19.47,92.04,130.09,,,,,2025,False
3300.T,2025-07-08,2042.0,2516.8,23.25,24,21.2,21.11,14.84,,,,,2025,False
3771.T,2025-07-08,1832.1,1859.9,1.52,79,11.79,9.74,5.92,,,,,2025,False
4058.T,2025-07-08,3023.1,3202.6,5.94,36,13.79,0.82,-7.71,,,,,2025,False
2926.T,2025-07-07,116.0,121.6,4.78,0,-0.86,-4.31,-17.24,,,,,2025,False
3452.T,2025-07-07,1314.2,1540.8,17.25,88,11.09,32.61,13.46,,,,,2025,False
3180.T,2025-07-07,1681.1,1508.0,-10.3,45,1.53,-12.24,-6.69,,,,,2025,False
2334.T,2025-07-04,216.5,292.4,35.06,3,66.28,100.92,93.53,,,,,2025,False
3284.T,2025-07-04,1183.0,1277.6,8.0,119,8.94,1.92,7.67,,,,,2025,False
2378.T,2025-07-03,1027.4,1088.5,5.94,61,11.84,6.49,4.75,,,,,2025,False
2693.T,2025-07-03,248.5,229.0,-7.84,119,-2.36,-2.76,-8.24,,,,,2025,False
3671.T,2025-07-03,330.6,305.8,-7.5,1,-5.59,9.41,1.02,,,,,2025,False
3670.T,2025-07-03,2209.6,1919.3,-13.14,8,-16.25,-8.76,-11.04,,,,,2025,False
3242.T,2025-07-03,458.3,575.0,25.45,119,8.57,17.99,24.58,,,,,2025,False
3837.T,2025-07-03,1125.7,1629.0,44.72,119,19.88,10.72,41.75,,,,,2025,False
2321.T,2025-07-03,119.0,153.8,29.29,22,1.68,67.23,78.99,,,,,2025,False
3640.T,2025-07-03,2571.5,2584.9,0.52,19,-3.51,16.58,14.52,,,,,2025,False
4396.T,2025-07-03,1291.9,1460.9,13.08,78,5.47,25.19,11.93,,,,,2025,False
4375.T,2025-07-03,1040.0,1013.2,-2.58,35,8.65,-16.83,-19.04,,,,,2025,False
1888.T,2025-07-03,4284.6,5083.9,18.65,52,18.55,8.48,7.92,,,,,2025,False
3323.T,2025-07-02,87.3,96.1,10.11,34,-7.95,44.34,-6.07,,,,,2025,False
3660.T,2025-07-02,519.0,582.2,12.19,42,16.18,-9.83,-7.9,,,,,2025,False
2315.T,2025-07-02,61.0,62.0,1.72,11,9.84,65.57,59.02,,,,,2025,False
3271.T,2025-07-02,1030.0,1045.0,1.46,26,12.82,5.15,-13.3,,,,,2025,False
4222.T,2025-07-02,515.2,726.0,40.9,29,11.35,27.5,37.12,,,,,2025,False
3647.T,2025-07-02,141.0,152.2,7.91,48,7.09,19.15,-17.73,,,,,2025,False
4404.T,2025-07-02,1693.7,2311.0,36.45,119,9.79,21.45,34.38,,,,,2025,False
3542.T,2025-07-02,1616.9,1996.6,23.48,20,30.67,13.37,-1.9,,,,,2025,False
3370.T,2025-07-01,573.6,490.1,-14.56,0,-37.26,-42.63,-42.81,,,,,2025,False
3276.T,2025-07-01,1136.3,1270.0,11.77,119,0.95,13.23,11.94,,,,,2025,False
4417.T,2025-07-01,3050.4,3855.2,26.38,75,3.56,3.78,5.4,,,,,2025,False
3355.T,2025-06-30,1453.6,1628.1,12.0,119,2.43,11.26,12.34,,,,,2025,False
2130.T,2025-06-30,1219.9,1100.5,-9.79,87,-7.88,1.19,0.72,,,,,2025,False
3921.T,2025-06-30,1776.2,1769.7,-0.36,73,-4.58,8.09,2.84,,,,,2025,False
3741.T,2025-06-30,2594.9,2205.7,-15.0,43,-4.35,-7.56,24.95,,,,,2025,False
3486.T,2025-06-27,1941.6,2480.4,27.75,86,12.5,43.4,6.05,,,,,2025,False
2060.T,2025-06-27,950.7,959.6,0.94,85,10.22,17.51,8.44,,,,,2025,False
1972.T,2025-06-27,1204.7,1398.4,16.07,64,11.55,22.63,17.69,,,,,2025,False
2488.T,2025-06-27,1404.8,1378.9,-1.85,96,-0.96,5.91,-0.6,,,,,2025,False
3393.T,2025-06-27,2651.3,2714.7,2.39,119,-6.1,1.15,2.25,,,,,2025,False
3154.T,2025-06-27,879.0,812.0,-7.62,119,-3.87,-0.34,-8.19,,,,,2025,False
3823.T,2025-06-27,103.0,104.0,0.97,11,-24.27,-31.07,-53.4,,,,,2025,False
4015.T,2025-06-27,916.0,793.9,-13.33,10,-20.85,-26.09,-46.18,,,,,2025,False
2673.T,2025-06-26,127.0,153.8,21.14,8,9.45,78.74,44.88,,,,,2025,False
3625.T,2025-06-26,915.0,824.5,-9.89,6,-5.79,-18.58,-26.99,,,,,2025,False
3777.T,2025-06-26,44.0,44.2,0.45,0,54.55,31.82,-2.27,,,,,2025,False
2216.T,2025-06-26,1479.4,2077.6,40.43,65,9.03,62.88,5.69,,,,,2025,False
2721.T,2025-06-26,188.0,244.8,30.21,15,6.91,-1.6,0.0,,,,,2025,False
2163.T,2025-06-25,1874.1,2019.2,7.74,119,-0.51,5.44,8.47,,,,,2025,False
2459.T,2025-06-25,238.0,249.9,5.0,58,1.68,2.52,0.42,,,,,2025,False
2936.T,2025-06-25,465.0,471.8,1.45,39,10.32,1.29,-35.91,,,,,2025,False
3189.T,2025-06-25,1112.0,972.4,-12.55,1,-10.25,-54.68,-76.26,,,,,2025,False
1929.T,2025-06-25,1048.5,1234.0,17.7,119,5.87,16.79,18.07,,,,,2025,False
2148.T,2025-06-24,1530.0,1415.4,-7.49,119,0.56,5.32,-6.0,,,,,2025,False
3070.T,2025-06-24,231.0,274.6,18.85,14,16.88,-51.52,-66.67,,,,,2025,False
2134.T,2025-06-24,51.0,54.4,6.67,0,39.22,-3.92,-39.22,,,,,2025,False
3992.T,2025-06-24,508.6,520.6,2.36,66,2.12,16.96,2.24,,,,,2025,False
2820.T,2025-06-24,4876.9,4504.2,-7.64,70,-7.32,3.57,-4.26,,,,,2025,False
2918.T,2025-06-23,2246.5,2973.9,32.38,86,11.35,23.1,44.15,,,,,2025,False
2162.T,2025-06-23,542.0,461.5,-14.84,28,-13.19,-15.57,-12.45,,,,,2025,False
3565.T,2025-06-23,564.3,553.3,-1.96,36,-2.9,-8.98,-6.6,,,,,2025,False
2193.T,2025-06-23,207.0,198.0,-4.32,23,0.0,-15.94,-28.99,,,,,2025,False
3850.T,2025-06-23,3736.6,3368.4,-9.86,14,-4.34,2.37,0.79,,,,,2025,False
2998.T,2025-06-20,1187.0,1059.4,-10.75,4,-23.0,6.67,-25.42,,,,,2025,False
3134.T,2025-06-20,1200.4,1208.3,0.66,69,-2.71,7.97,-64.99,,,,,2025,False
3121.T,2025-06-20,356.3,319.7,-10.26,23,-5.85,-23.96,-39.65,,,,,2025,False
3932.T,2025-06-20,2941.0,2641.5,-10.18,68,-2.47,-2.8,-8.87,,,,,2025,False
4064.T,2025-06-19,1753.2,2391.0,36.38,119,1.1,22.14,35.31,,,,,2025,False
3691.T,2025-06-19,985.0,1116.0,13.3,3,15.63,34.21,37.87,,,,,2025,False
3726.T,2025-06-19,768.0,755.6,-1.61,2,-16.28,-15.49,-30.99,,,,,2025,False
3541.T,2025-06-19,395.0,341.7,-13.49,7,31.65,45.32,9.62,,,,,2025,False
3182.T,2025-06-19,1671.0,1680.4,0.56,46,-0.24,2.73,-16.04,,,,,2025,False
4395.T,2025-06-19,973.6,1409.4,44.76,45,-8.45,4.54,5.87,,,,,2025,False
4179.T,2025-06-18,346.0,338.3,-2.23,0,2.31,-11.27,-7.8,,,,,2025,False
4263.T,2025-06-18,618.0,736.1,19.11,23,1.78,43.85,46.6,,,,,2025,False
2667.T,2025-06-18,262.0,242.2,-7.54,19,-6.11,-8.02,-39.69,,,,,2025,False
3984.T,2025-06-18,1840.6,1859.4,1.02,93,-0.23,11.61,4.15,,,,,2025,False
4382.T,2025-06-18,1301.0,1125.4,-13.5,9,-21.45,-14.3,-34.44,,,,,2025,False
3093.T,2025-06-18,1826.9,1792.1,-1.9,70,-2.84,14.16,-9.21,,,,,2025,False
2325.T,2025-06-18,5914.8,5676.0,-4.04,68,-3.83,0.19,-12.19,,,,,2025,False
2983.T,2025-06-18,866.4,1179.5,36.14,69,-2.03,53.3,73.25,,,,,2025,False
3791.T,2025-06-18,2433.0,2112.0,-13.19,9,-33.99,-37.2,-42.91,,,,,2025,False
3053.T,2025-06-18,219.0,189.5,-13.45,39,-7.31,-15.07,-14.16,,,,,2025,False
3131.T,2025-06-17,2836.2,3027.6,6.75,98,-5.69,12.79,-7.74,,,,,2025,False
3927.T,2025-06-17,1002.0,857.6,-14.41,12,-14.69,-15.29,-24.95,,,,,2025,False
2982.T,2025-06-17,286.7,430.6,50.19,79,13.03,70.57,64.44,,,,,2025,False
2676.T,2025-06-17,2120.3,1844.9,-12.99,23,-11.05,-11.68,-0.7,,,,,2025,False
4347.T,2025-06-17,1888.7,1661.9,-12.01,49,-2.02,-8.28,5.49,,,,,2025,False
3853.T,2025-06-16,593.6,601.5,1.34,14,2.35,147.57,71.02,,,,,2025,False
3529.T,2025-06-16,1129.0,1077.8,-4.53,62,6.82,-3.45,9.39,,,,,2025,False
3421.T,2025-06-16,1705.3,1570.4,-7.91,91,5.03,-1.09,-8.9,,,,,2025,False
3597.T,2025-06-16,9887.2,9590.0,-3.01,119,-3.61,-4.72,-2.9,,,,,2025,False
4393.T,2025-06-16,10940.0,10378.5,-5.13,12,2.01,-10.6,-45.89,,,,,2025,False
2305.T,2025-06-16,2083.1,1980.7,-4.92,119,-0.84,-1.87,-5.43,,,,,2025,False
3985.T,2025-06-16,249.0,298.3,19.82,46,14.06,26.51,-5.22,,,,,2025,False
3930.T,2025-06-16,1507.0,1310.7,-13.03,61,-7.56,-10.22,-38.75,,,,,2025,False
4416.T,2025-06-16,1135.0,999.6,-11.93,6,-20.18,-25.2,-30.57,,,,,2025,False
2268.T,2025-06-13,4128.2,3980.1,-3.59,119,1.19,-0.48,-3.35,,,,,2025,False
3920.T,2025-06-13,945.5,877.2,-7.22,4,-8.11,4.99,-0.54,,,,,2025,False
3559.T,2025-06-13,564.5,537.3,-4.82,3,-6.08,-4.69,-11.46,,,,,2025,False
3676.T,2025-06-13,886.5,916.4,3.37,119,4.29,7.69,3.48,,,,,2025,False
3662.T,2025-06-12,1191.3,1092.3,-8.31,59,4.4,-10.47,-2.25,,,,,2025,False
3747.T,2025-06-12,392.0,397.8,1.48,2,47.19,119.9,71.17,,,,,2025,False
2533.T,2025-06-12,539.3,544.9,1.04,75,9.44,7.62,-6.9,,,,,2025,False
3810.T,2025-06-12,325.0,325.6,0.17,5,5.85,0.62,-6.77,,,,,2025,False
4418.T,2025-06-12,1170.0,1094.8,-6.43,40,-3.42,-14.96,2.22,,,,,2025,False
4323.T,2025-06-12,1976.9,2113.6,6.92,93,-9.56,6.44,15.78,,,,,2025,False
2586.T,2025-06-11,159.0,176.0,10.66,5,115.72,62.89,-22.64,,,,,2025,False
3137.T,2025-06-10,223.5,198.5,-11.2,10,-5.15,12.98,-10.07,,,,,2025,False
2385.T,2025-06-10,157.3,163.4,3.89,8,2.34,24.59,61.46,,,,,2025,False
4176.T,2025-06-10,380.0,363.0,-4.47,15,-1.05,42.89,-15.79,,,,,2025,False
2158.T,2025-06-10,649.0,557.6,-14.08,25,-10.32,40.22,31.9,,,,,2025,False
2418.T,2025-06-10,561.0,633.3,12.88,84,-0.17,30.34,-3.52,,,,,2025,False
3773.T,2025-06-10,1139.5,1062.2,-6.78,41,0.17,-6.7,-13.49,,,,,2025,False
4345.T,2025-06-09,813.4,880.7,8.27,119,-1.67,8.82,9.72,,,,,2025,False
4166.T,2025-06-09,756.0,812.6,7.49,34,-4.1,4.5,-16.4,,,,,2025,False
3561.T,2025-06-09,1326.6,1331.5,0.37,109,4.02,17.19,-1.3,,,,,2025,False
3652.T,2025-06-09,2073.0,1982.2,-4.38,19,-1.83,-0.29,16.55,,,,,2025,False
3987.T,2025-06-09,490.0,495.6,1.13,15,3.27,3.06,-8.37,,,,,2025,False
3042.T,2025-06-09,318.4,309.1,-2.93,85,-6.17,-0.0,6.48,,,,,2025,False
3698.T,2025-06-09,1380.1,1312.3,-4.91,17,-0.28,-1.69,-19.6,,,,,2025,False
3940.T,2025-06-09,134.3,124.9,-6.99,26,-0.72,7.97,-2.17,,,,,2025,False
2700.T,2025-06-09,2723.1,2351.2,-13.66,2,-21.76,89.96,9.86,,,,,2025,False
4427.T,2025-06-09,535.0,475.2,-11.19,0,-28.6,-35.51,-45.42,,,,,2025,False
2338.T,2025-06-09,487.0,474.3,-2.61,42,-1.85,3.29,-24.02,,,,,2025,False
4199.T,2025-06-06,1006.0,1202.8,19.56,21,10.83,21.77,-27.14,,,,,2025,False
3176.T,2025-06-06,1401.5,1453.8,3.73,119,0.14,12.26,2.54,,,,,2025,False
3692.T,2025-06-06,5388.3,5665.7,5.15,17,1.11,23.89,52.78,,,,,2025,False
3139.T,2025-06-06,3567.8,3391.8,-4.93,87,2.47,12.6,-4.14,,,,,2025,False
4249.T,2025-06-05,2398.2,2299.9,-4.1,119,-7.93,-1.12,-5.48,,,,,2025,False
3135.T,2025-06-04,1693.0,1439.0,-15.0,16,-15.3,7.91,-4.67,,,,,2025,False
4167.T,2025-06-04,523.0,479.4,-8.34,10,-13.19,-29.45,-40.15,,,,,2025,False
3489.T,2025-06-04,661.3,759.7,14.87,103,5.38,31.73,14.95,,,,,2025,False
3556.T,2025-06-04,509.0,1120.3,120.1,74,19.84,82.12,92.93,,,,,2025,False
4168.T,2025-06-04,797.2,1079.0,35.35,58,-6.2,29.25,17.19,,,,,2025,False
1914.T,2025-06-04,610.5,636.5,4.26,119,3.31,3.63,2.52,,,,,2025,False
4237.T,2025-06-04,326.0,302.2,-7.3,88,2.11,-3.02,-8.76,,,,,2025,False
4192.T,2025-06-03,488.0,446.2,-8.56,60,-2.66,-7.38,-36.89,,,,,2025,False
3548.T,2025-06-03,724.5,727.4,0.39,119,4.61,1.58,1.45,,,,,2025,False
4040.T,2025-06-03,3246.5,2817.9,-13.2,50,-6.04,-12.27,-7.03,,,,,2025,False
3083.T,2025-06-03,986.0,908.6,-7.85,1,-24.02,-19.02,-33.53,,,,,2025,False
2910.T,2025-06-03,1488.8,1411.9,-5.16,119,2.97,3.43,-4.9,,,,,2025,False
4412.T,2025-06-03,1150.0,1032.0,-10.26,21,-9.57,28.26,45.39,,,,,2025,False
3963.T,2025-06-03,552.2,537.6,-2.64,13,2.8,2.8,1.75,,,,,2025,False
3935.T,2025-06-03,656.2,758.2,15.54,29,5.09,72.16,48.05,,,,,2025,False
3388.T,2025-06-03,1761.4,2302.4,30.72,119,1.8,14.08,31.55,,,,,2025,False
3475.T,2025-06-03,1085.0,1270.0,17.05,101,0.81,35.06,10.41,,,,,2025,False
4229.T,2025-06-03,2778.1,3556.1,28.01,119,0.18,11.74,28.01,,,,,2025,False
3683.T,2025-06-02,1212.5,1472.8,21.47,56,0.81,19.52,10.89,,,,,2025,False
2053.T,2025-06-02,1464.6,1753.1,19.7,119,3.95,17.18,20.16,,,,,2025,False
1964.T,2025-06-02,3359.7,4271.3,27.13,103,-2.58,11.89,29.94,,,,,2025,False
4013.T,2025-06-02,893.6,859.1,-3.87,29,7.88,37.51,40.29,,,,,2025,False
3553.T,2025-06-02,746.8,848.2,13.57,119,-1.14,12.53,14.22,,,,,2025,False
3915.T,2025-06-02,2780.4,2683.5,-3.48,22,2.25,-20.18,-26.02,,,,,2025,False
3010.T,2025-06-02,234.9,201.6,-14.17,14,-13.33,-13.33,-22.92,,,,,2025,False
2429.T,2025-05-30,2081.0,2497.7,20.03,119,4.02,15.96,21.4,,,,,2025,False
3417.T,2025-05-30,1047.7,1394.4,33.08,119,-1.4,18.79,32.71,,,,,2025,False
3678.T,2025-05-30,1630.0,1783.2,9.4,119,3.89,10.84,9.82,,,,,2025,False
4390.T,2025-05-30,2334.3,3316.7,42.09,83,0.51,25.31,42.79,,,,,2025,False
3825.T,2025-05-30,474.3,544.5,14.79,8,12.16,-17.94,-47.84,,,,,2025,False
3409.T,2025-05-30,181.0,214.2,18.34,10,40.33,19.34,-22.65,,,,,2025,False
3763.T,2025-05-30,1217.1,1509.8,24.05,60,15.83,22.95,36.19,,,,,2025,False
2120.T,2025-05-30,170.2,193.9,13.97,84,7.26,26.26,-2.45,,,,,2025,False
3936.T,2025-05-30,168.0,166.6,-0.83,1,53.57,11.31,-18.45,,,,,2025,False
3983.T,2025-05-29,2587.9,2793.3,7.93,53,11.13,5.51,-23.96,,,,,2025,False
3321.T,2025-05-29,1160.0,1638.5,41.25,119,6.9,12.12,41.41,,,,,2025,False
2471.T,2025-05-29,337.0,302.0,-10.37,37,-3.72,-2.58,-17.77,,,,,2025,False
4414.T,2025-05-29,2302.0,2011.1,-12.64,15,-9.69,-18.94,-24.63,,,,,2025,False
3779.T,2025-05-29,162.0,193.8,19.63,12,4.94,152.47,16.67,,,,,2025,False
3696.T,2025-05-29,2035.4,2259.1,10.99,45,15.36,14.18,-0.09,,,,,2025,False
3040.T,2025-05-28,1254.1,1628.6,29.86,108,4.55,11.16,43.57,,,,,2025,False
3501.T,2025-05-28,1138.0,1202.8,5.7,119,-4.15,1.55,6.48,,,,,2025,False
3457.T,2025-05-28,1195.8,1041.0,-12.95,93,-2.5,-8.52,-13.28,,,,,2025,False
2656.T,2025-05-28,150.0,130.9,-12.73,3,-11.33,-6.67,-22.67,,,,,2025,False
4165.T,2025-05-28,1104.0,1112.6,0.78,23,5.8,5.34,-24.18,,,,,2025,False
3687.T,2025-05-28,2141.2,1917.7,-10.44,27,-2.36,-11.38,-24.34,,,,,2025,False
3205.T,2025-05-28,893.0,1014.4,13.59,119,6.32,5.06,17.07,,,,,2025,False
3807.T,2025-05-28,170.0,161.5,-5.0,6,-7.06,23.53,-18.82,,,,,2025,False
4377.T,2025-05-28,2094.8,2003.7,-4.35,34,6.1,33.66,26.05,,,,,2025,False
3798.T,2025-05-28,564.2,716.0,26.91,104,12.06,21.85,2.1,,,,,2025,False
3663.T,2025-05-28,1395.4,1655.5,18.64,95,5.46,19.53,20.81,,,,,2025,False
3989.T,2025-05-28,953.7,910.6,-4.52,25,1.68,13.41,6.66,,,,,2025,False
2217.T,2025-05-27,1691.7,1513.4,-10.54,119,-6.96,-8.43,-10.84,,,,,2025,False
4258.T,2025-05-27,2711.3,2850.1,5.12,41,13.39,44.04,30.83,,,,,2025,False
4169.T,2025-05-27,340.0,314.5,-7.5,20,-8.24,9.12,-17.65,,,,,2025,False
2892.T,2025-05-27,3114.8,3072.5,-1.36,14,0.15,9.57,10.45,,,,,2025,False
3415.T,2025-05-27,293.8,497.8,69.43,65,42.28,75.5,28.52,,,,,2025,False
3544.T,2025-05-27,858.0,801.0,-6.64,119,-1.52,-2.68,-6.06,,,,,2025,False
3300.T,2025-05-26,1999.6,2516.8,25.87,55,7.1,40.68,18.72,,,,,2025,False
2763.T,2025-05-26,1129.8,1194.0,5.68,119,1.39,7.06,5.86,,,,,2025,False
4058.T,2025-05-26,2890.1,2928.3,1.32,26,5.12,23.84,-4.43,,,,,2025,False
4318.T,2025-05-26,694.6,786.9,13.28,119,5.83,5.92,15.9,,,,,2025,False
4240.T,2025-05-26,276.6,359.8,30.07,54,4.63,31.67,8.9,,,,,2025,False
4320.T,2025-05-26,611.3,916.0,49.84,113,0.46,13.13,66.85,,,,,2025,False
3639.T,2025-05-23,263.0,258.4,-1.75,20,-2.28,12.17,-5.7,,,,,2025,False
3180.T,2025-05-23,1529.8,1508.0,-1.43,76,2.26,12.41,-12.09,,,,,2025,False
3452.T,2025-05-23,1173.2,1540.8,31.33,119,11.77,36.53,21.75,,,,,2025,False
3845.T,2025-05-22,102.0,114.8,12.5,28,-4.9,82.35,122.55,,,,,2025,False
4231.T,2025-05-22,744.2,906.3,21.78,119,-1.04,20.39,18.75,,,,,2025,False
2334.T,2025-05-22,102.1,90.6,-11.25,0,50.15,464.15,345.64,,,,,2025,False
3358.T,2025-05-22,102.0,92.6,-9.17,96,-2.94,-2.94,-11.76,,,,,2025,False
2926.T,2025-05-22,94.0,100.3,6.7,30,-4.26,24.47,7.45,,,,,2025,False
3284.T,2025-05-22,1104.6,1264.0,14.43,119,5.38,9.74,13.55,,,,,2025,False
3772.T,2025-05-21,1040.0,1090.0,4.81,119,0.67,-0.29,4.42,,,,,2025,False
4375.T,2025-05-21,800.0,1013.2,26.65,66,26.5,35.38,9.0,,,,,2025,False
3843.T,2025-05-21,1429.8,1328.6,-7.08,22,-2.99,15.78,6.26,,,,,2025,False
2321.T,2025-05-21,101.0,111.4,10.25,39,13.86,86.14,95.05,,,,,2025,False
3640.T,2025-05-21,2278.0,2584.9,13.47,50,3.87,8.59,41.54,,,,,2025,False
3242.T,2025-05-21,444.0,589.9,32.84,119,4.74,20.9,33.5,,,,,2025,False
2435.T,2025-05-21,328.1,305.2,-7.0,0,-37.94,-33.24,-35.0,,,,,2025,False
4396.T,2025-05-21,1154.6,1460.9,26.53,109,8.82,16.95,19.99,,,,,2025,False
3031.T,2025-05-21,745.8,693.6,-7.0,17,-7.6,-8.25,-15.82,,,,,2025,False
4222.T,2025-05-20,772.9,696.5,-9.88,5,-34.23,-7.44,-2.31,,,,,2025,False
3719.T,2025-05-20,278.7,240.2,-13.79,13,-7.8,-13.83,41.13,,,,,2025,False
2315.T,2025-05-20,62.0,63.8,2.82,2,8.06,3.23,46.77,,,,,2025,False
3271.T,2025-05-20,918.3,1045.0,13.79,57,1.36,20.22,0.73,,,,,2025,False
3542.T,2025-05-20,1004.9,1507.6,50.03,31,44.92,125.57,69.2,,,,,2025,False
2462.T,2025-05-20,1440.0,1473.0,2.29,119,-5.19,-0.29,2.22,,,,,2025,False
3660.T,2025-05-20,519.0,582.2,12.18,73,4.81,12.9,-5.4,,,,,2025,False
3647.T,2025-05-20,124.0,129.2,4.19,11,32.26,21.77,10.48,,,,,2025,False
1967.T,2025-05-19,1569.3,1840.7,17.3,115,8.89,26.12,17.16,,,,,2025,False
4417.T,2025-05-19,3242.9,2945.2,-9.18,32,-2.44,1.52,14.29,,,,,2025,False
3799.T,2025-05-16,862.1,1103.3,27.98,119,2.03,10.25,26.04,,,,,2025,False
3371.T,2025-05-16,2052.7,2010.4,-2.06,116,4.78,11.55,-1.75,,,,,2025,False
4255.T,2025-05-16,751.0,1123.0,49.53,67,-9.19,25.17,44.34,,,,,2025,False
2499.T,2025-05-16,304.7,354.7,16.4,119,5.02,4.38,16.72,,,,,2025,False
3741.T,2025-05-16,2298.2,2451.7,6.68,32,20.17,1.6,18.76,,,,,2025,False
4094.T,2025-05-16,1830.0,2210.2,20.77,119,4.37,25.22,19.11,,,,,2025,False
2130.T,2025-05-16,1172.4,1100.5,-6.13,118,4.39,5.46,-5.38,,,,,2025,False
1972.T,2025-05-15,1094.2,1398.4,27.8,95,3.66,32.06,25.67,,,,,2025,False
3486.T,2025-05-15,1988.7,2480.4,24.72,117,-2.81,13.75,28.43,,,,,2025,False
3823.T,2025-05-15,102.0,112.2,10.0,4,19.61,-38.24,-42.16,,,,,2025,False
4015.T,2025-05-15,705.0,816.8,15.87,41,11.77,5.11,-29.79,,,,,2025,False
4335.T,2025-05-15,1216.7,1141.0,-6.22,119,2.79,-3.18,-5.73,,,,,2025,False
3837.T,2025-05-15,988.1,1390.6,40.73,119,4.71,43.24,39.64,,,,,2025,False
3071.T,2025-05-15,118.7,103.1,-13.11,119,-10.66,-9.02,-13.11,,,,,2025,False
2060.T,2025-05-15,890.1,959.6,7.81,116,3.57,20.22,10.65,,,,,2025,False
3393.T,2025-05-15,2313.3,2606.0,12.65,119,9.14,7.86,9.13,,,,,2025,False
2480.T,2025-05-14,1430.3,1640.4,14.69,108,-3.49,7.86,13.06,,,,,2025,False
2475.T,2025-05-14,1802.1,1627.5,-9.69,31,-0.27,-7.47,-13.81,,,,,2025,False
3625.T,2025-05-14,772.2,824.5,6.77,37,20.8,7.48,-6.12,,,,,2025,False
2221.T,2025-05-14,2969.7,2967.7,-0.07,119,-0.8,0.2,-0.9,,,,,2025,False
2673.T,2025-05-14,219.0,247.4,12.95,0,-44.29,-36.99,30.59,,,,,2025,False
2216.T,2025-05-14,1260.9,2077.6,64.77,96,14.12,59.0,15.52,,,,,2025,False
4113.T,2025-05-14,1143.0,1258.9,10.14,95,5.08,20.0,5.51,,,,,2025,False
2936.T,2025-05-13,442.0,436.0,-1.36,17,0.68,15.61,-22.17,,,,,2025,False
3189.T,2025-05-13,514.0,1304.8,153.84,21,175.1,42.41,-7.59,,,,,2025,False
3011.T,2025-05-12,149.8,146.4,-2.31,0,-7.79,-7.14,-5.84,,,,,2025,False
3992.T,2025-05-12,474.3,488.1,2.91,29,11.78,8.06,9.21,,,,,2025,False
2820.T,2025-05-12,5152.8,4504.2,-12.59,101,-13.38,-9.58,-22.39,,,,,2025,False
3070.T,2025-05-12,176.0,174.2,-0.99,0,-11.36,52.27,-51.14,,,,,2025,False
3082.T,2025-05-12,897.7,920.7,2.56,119,1.44,0.89,2.22,,,,,2025,False
2134.T,2025-05-12,22.0,24.6,12.05,3,18.18,272.73,100.0,,,,,2025,False
3922.T,2025-05-09,2316.3,2822.3,21.85,107,-3.0,16.31,27.73,,,,,2025,False
3565.T,2025-05-09,422.2,535.9,26.94,60,9.98,22.21,8.59,,,,,2025,False
2924.T,2025-05-09,1946.8,2073.7,6.51,108,-0.55,15.46,9.83,,,,,2025,False
3370.T,2025-05-09,276.4,481.7,74.28,36,5.04,30.58,34.53,,,,,2025,False
3850.T,2025-05-09,3407.2,3748.7,10.02,18,10.53,19.91,5.77,,,,,2025,False
2162.T,2025-05-09,558.8,538.3,-3.68,28,8.35,-16.52,-23.27,,,,,2025,False
3932.T,2025-05-08,3308.6,2908.1,-12.1,3,-11.26,-10.52,-20.51,,,,,2025,False
2294.T,2025-05-08,2675.3,2524.6,-5.63,119,-1.82,-0.69,-5.23,,,,,2025,False
3134.T,2025-05-08,1141.0,1234.8,8.22,26,20.97,13.59,-56.46,,,,,2025,False
2198.T,2025-05-08,780.1,758.0,-2.83,119,-1.74,-1.37,-2.83,,,,,2025,False
2998.T,2025-05-08,989.1,1098.0,11.01,11,15.6,-1.8,-0.2,,,,,2025,False
3611.T,2025-05-08,1729.4,2198.7,27.14,119,2.33,3.44,25.25,,,,,2025,False
3675.T,2025-05-07,672.3,686.3,2.08,88,5.39,13.33,-1.66,,,,,2025,False
3541.T,2025-05-07,346.0,355.3,2.69,27,7.51,47.98,34.68,,,,,2025,False
3182.T,2025-05-07,1501.8,1680.4,11.9,77,9.95,18.85,9.78,,,,,2025,False
4395.T,2025-05-07,873.6,806.5,-7.68,22,-4.54,3.97,11.84,,,,,2025,False
2459.T,2025-05-07,292.0,266.0,-8.9,15,-21.23,-14.73,38.36,,,,,2025,False
3093.T,2025-05-02,1912.0,1758.2,-8.04,21,-5.47,-10.84,-14.85,,,,,2025,False
3053.T,2025-05-02,217.0,193.8,-10.69,70,-0.46,-3.69,-17.97,,,,,2025,False
4404.T,2025-05-02,1594.0,2127.0,33.43,119,-1.38,16.96,30.25,,,,,2025,False
3997.T,2025-05-02,123.9,205.2,65.56,69,1.2,4.9,142.57,,,,,2025,False
2751.T,2025-05-02,3426.6,3486.5,1.75,119,-0.58,-1.16,0.73,,,,,2025,False
1930.T,2025-05-02,1145.2,1473.1,28.64,119,-0.34,14.3,18.25,,,,,2025,False
2325.T,2025-05-02,3933.4,5676.0,44.3,99,46.38,45.37,32.8,,,,,2025,False
2676.T,2025-05-01,1963.7,1844.9,-6.05,54,0.71,-2.97,-0.82,,,,,2025,False
2982.T,2025-05-01,250.4,430.6,71.97,110,16.03,38.39,82.05,,,,,2025,False
3143.T,2025-05-01,604.8,602.6,-0.36,68,-10.59,-5.3,21.51,,,,,2025,False
4393.T,2025-04-30,10270.0,9222.5,-10.2,7,-6.62,9.06,-25.8,,,,,2025,False
3529.T,2025-04-30,999.0,1085.4,8.65,91,21.82,20.22,16.02,,,,,2025,False
2303.T,2025-04-30,2163.4,2414.0,11.58,119,5.16,10.89,12.09,,,,,2025,False
4416.T,2025-04-30,710.0,729.3,2.72,8,18.87,24.08,18.17,,,,,2025,False
3329.T,2025-04-28,2052.7,2113.1,2.94,119,-0.53,1.4,3.09,,,,,2025,False
2918.T,2025-04-25,2168.6,3199.0,47.51,119,-0.04,18.1,48.42,,,,,2025,False
4418.T,2025-04-25,850.0,1094.8,28.8,71,30.94,42.24,108.35,,,,,2025,False
2112.T,2025-04-25,301.5,458.5,52.08,119,4.79,26.52,63.58,,,,,2025,False
3662.T,2025-04-25,1015.4,1124.1,10.7,37,5.17,28.04,10.78,,,,,2025,False
3810.T,2025-04-25,272.0,325.6,19.69,36,8.46,18.01,30.15,,,,,2025,False
3524.T,2025-04-25,1358.8,1472.8,8.39,119,1.07,0.92,8.25,,,,,2025,False
2533.T,2025-04-25,450.2,544.9,21.03,106,8.7,28.48,21.52,,,,,2025,False
2586.T,2025-04-24,149.0,151.3,1.54,11,9.4,132.21,69.13,,,,,2025,False
2418.T,2025-04-23,520.9,633.3,21.58,115,12.22,13.6,23.86,,,,,2025,False
3137.T,2025-04-23,327.5,294.1,-10.2,3,-30.84,-27.18,-34.96,,,,,2025,False
3691.T,2025-04-23,729.0,635.8,-12.78,13,2.61,56.52,67.08,,,,,2025,False
3202.T,2025-04-23,101.8,108.6,6.73,119,-0.96,3.85,6.73,,,,,2025,False
4310.T,2025-04-22,2667.3,2773.2,3.97,17,-3.79,-16.68,-5.79,,,,,2025,False
3698.T,2025-04-22,984.6,1312.3,33.27,48,33.86,40.75,30.22,,,,,2025,False
2735.T,2025-04-22,708.5,622.0,-12.21,112,0.41,-5.21,-4.27,,,,,2025,False
2700.T,2025-04-22,1715.9,2319.6,35.19,10,18.09,24.57,134.93,,,,,2025,False
3771.T,2025-04-22,1660.3,1963.6,18.27,119,4.51,11.33,21.39,,,,,2025,False
3183.T,2025-04-21,1260.1,1252.4,-0.61,119,2.44,-0.99,-0.99,,,,,2025,False
3692.T,2025-04-21,3208.0,4656.4,45.15,18,41.06,75.12,234.68,,,,,2025,False
2477.T,2025-04-21,3406.7,3013.2,-11.55,41,-3.04,-10.2,-3.48,,,,,2025,False
3139.T,2025-04-21,3612.2,3391.8,-6.1,118,-10.67,6.62,-7.59,,,,,2025,False
4019.T,2025-04-18,993.5,1282.7,29.11,98,-4.5,7.4,18.3,,,,,2025,False
2792.T,2025-04-18,1577.4,1495.8,-5.18,119,-4.16,-9.67,-5.55,,,,,2025,False
3791.T,2025-04-17,2134.5,1884.4,-11.71,13,-16.02,-25.7,-31.6,,,,,2025,False
3135.T,2025-04-17,1455.0,1462.0,0.48,47,6.25,5.43,19.24,,,,,2025,False
3489.T,2025-04-17,602.2,785.0,30.36,119,4.01,18.48,35.9,,,,,2025,False
3475.T,2025-04-16,1203.4,1065.8,-11.44,28,-3.55,-7.58,21.69,,,,,2025,False
3963.T,2025-04-16,508.7,458.4,-9.89,17,-16.35,10.08,12.36,,,,,2025,False
2910.T,2025-04-16,1534.2,1433.8,-6.55,119,-4.82,-3.15,-5.39,,,,,2025,False
4412.T,2025-04-16,837.0,1040.4,24.3,51,29.03,38.71,80.41,,,,,2025,False
3935.T,2025-04-16,539.3,758.2,40.58,60,10.93,65.39,96.72,,,,,2025,False
4013.T,2025-04-15,630.8,646.6,2.51,16,34.43,39.62,109.12,,,,,2025,False
1964.T,2025-04-15,3119.0,3309.8,6.12,31,10.49,6.02,35.8,,,,,2025,False
3683.T,2025-04-15,996.4,1472.8,47.81,87,16.29,25.12,45.53,,,,,2025,False
1914.T,2025-04-15,624.0,586.0,-6.08,20,-6.79,6.02,-3.55,,,,,2025,False
3915.T,2025-04-15,2349.2,2683.5,14.23,53,17.81,10.68,-11.27,,,,,2025,False
3409.T,2025-04-14,178.0,168.0,-5.62,4,7.3,32.02,-7.3,,,,,2025,False
3521.T,2025-04-14,135.9,150.5,10.71,119,4.29,13.57,10.71,,,,,2025,False
3763.T,2025-04-14,968.4,1509.8,55.9,91,23.92,48.29,50.25,,,,,2025,False
3678.T,2025-04-14,1618.2,1852.5,14.48,119,4.22,7.3,14.29,,,,,2025,False
3825.T,2025-04-14,350.1,538.9,53.91,25,19.83,73.18,-4.19,,,,,2025,False
3779.T,2025-04-11,156.0,167.4,7.34,0,5.77,25.0,21.15,,,,,2025,False
3276.T,2025-04-11,1119.2,1248.6,11.56,119,-1.62,2.31,12.08,,,,,2025,False
4323.T,2025-04-11,1790.8,2371.5,32.42,119,4.59,-0.77,30.83,,,,,2025,False
3663.T,2025-04-10,1186.3,1810.8,52.64,119,24.55,36.93,50.05,,,,,2025,False
4377.T,2025-04-10,1620.4,2003.7,23.66,65,22.62,29.89,57.7,,,,,2025,False
3195.T,2025-04-10,348.0,368.9,6.01,7,8.62,11.78,24.71,,,,,2025,False
3040.T,2025-04-10,1098.3,1503.6,36.9,119,6.78,19.83,37.53,,,,,2025,False
4165.T,2025-04-10,997.0,1050.0,5.32,23,19.76,8.53,1.71,,,,,2025,False
3807.T,2025-04-10,125.0,152.2,21.72,25,9.6,18.4,12.0,,,,,2025,False
3457.T,2025-04-10,1170.8,1141.7,-2.49,43,7.73,-7.59,-8.18,,,,,2025,False
3989.T,2025-04-10,949.0,984.7,3.77,25,13.48,1.59,0.39,,,,,2025,False
3544.T,2025-04-09,866.5,803.0,-7.32,119,4.79,-4.09,-7.32,,,,,2025,False
4258.T,2025-04-09,1945.2,2850.1,46.52,72,10.36,66.75,109.46,,,,,2025,False
1888.T,2025-04-09,3688.5,5083.9,37.83,110,6.44,15.64,31.67,,,,,2025,False
4301.T,2025-04-09,1569.1,2005.1,27.79,119,0.5,0.5,29.62,,,,,2025,False
2217.T,2025-04-09,1699.7,1577.7,-7.18,42,3.84,-8.39,-8.39,,,,,2025,False
3300.T,2025-04-08,1778.6,2516.8,41.51,86,16.6,15.26,41.29,,,,,2025,False
2009.T,2025-04-08,776.0,993.4,28.02,119,9.63,11.73,28.89,,,,,2025,False
4320.T,2025-04-08,523.6,773.0,47.63,119,20.86,18.89,50.88,,,,,2025,False
4058.T,2025-04-08,2162.3,2224.5,2.87,22,18.73,34.34,38.2,,,,,2025,False
3452.T,2025-04-07,1138.0,1722.7,51.38,119,10.38,15.98,48.87,,,,,2025,False
3284.T,2025-04-04,923.4,1258.2,36.26,119,21.37,28.32,29.53,,,,,2025,False
2334.T,2025-04-04,83.0,77.4,-6.7,1,-11.69,131.33,496.39,,,,,2025,False
3031.T,2025-04-03,814.8,719.2,-11.74,47,-3.63,-18.97,-14.6,,,,,2025,False
3242.T,2025-04-03,425.8,556.5,30.68,119,4.49,7.86,31.83,,,,,2025,False
4396.T,2025-04-03,950.8,1689.0,77.64,119,9.74,35.35,76.86,,,,,2025,False
3843.T,2025-04-03,1308.6,1328.6,1.53,53,11.27,1.39,21.68,,,,,2025,False
2321.T,2025-04-03,94.0,94.4,0.37,0,2.13,22.34,96.81,,,,,2025,False
3676.T,2025-04-03,941.1,794.0,-15.63,1,2.07,-0.21,1.88,,,,,2025,False
3542.T,2025-04-02,748.9,992.0,32.45,28,50.46,115.5,118.28,,,,,2025,False
2315.T,2025-04-02,61.0,50.0,-18.03,2,-11.48,1.64,75.41,,,,,2025,False
3271.T,2025-04-02,849.2,751.2,-11.54,2,12.67,19.06,29.89,,,,,2025,False
4222.T,2025-04-02,388.4,355.4,-8.49,1,1.53,39.54,88.27,,,,,2025,False
3719.T,2025-04-02,225.3,164.0,-27.19,2,-1.32,7.89,85.53,,,,,2025,False
3559.T,2025-04-02,447.9,379.3,-15.32,2,-1.09,17.94,14.88,,,,,2025,False
2435.T,2025-04-02,218.1,187.0,-14.25,1,-3.54,-7.52,-5.31,,,,,2025,False
4375.T,2025-04-02,759.0,639.0,-15.81,2,5.67,37.02,23.85,,,,,2025,False
3321.T,2025-04-01,1118.9,898.0,-19.75,3,-2.97,12.05,36.83,,,,,2025,False
1967.T,2025-04-01,1421.9,1153.5,-18.87,3,13.04,24.16,43.24,,,,,2025,False
2594.T,2025-04-01,2036.9,2057.8,1.02,119,0.2,-4.39,0.93,,,,,2025,False
3741.T,2025-03-31,2227.0,1819.9,-18.28,4,-2.42,15.64,7.05,,,,,2025,False
3696.T,2025-03-31,2233.5,1769.9,-20.76,4,-7.71,5.12,14.94,,,,,2025,False
4064.T,2025-03-31,1778.3,1511.5,-15.0,3,-8.78,0.27,23.24,,,,,2025,False
4344.T,2025-03-31,220.0,154.0,-30.0,4,-8.64,-20.91,-19.09,,,,,2025,False
3486.T,2025-03-28,1803.8,1633.1,-9.46,4,2.3,11.27,49.23,,,,,2025,False
3447.T,2025-03-28,730.4,620.9,-15.0,5,-4.23,-1.72,18.63,,,,,2025,False
4015.T,2025-03-28,622.0,539.8,-13.22,4,9.49,45.02,9.0,,,,,2025,False
3371.T,2025-03-28,2003.2,1651.5,-17.56,5,-4.36,6.11,13.63,,,,,2025,False
3393.T,2025-03-28,2093.4,1666.0,-20.42,5,-5.28,25.88,26.65,,,,,2025,False
4073.T,2025-03-28,670.0,574.6,-14.24,4,-16.27,-16.42,-8.36,,,,,2025,False
1972.T,2025-03-28,1052.2,1458.3,38.59,119,6.16,12.32,38.41,,,,,2025,False
2705.T,2025-03-28,5112.5,5791.5,13.28,119,1.56,3.13,14.26,,,,,2025,False
3823.T,2025-03-28,115.0,100.3,-12.78,1,-11.3,-11.3,-40.0,,,,,2025,False
4113.T,2025-03-27,1146.9,979.0,-14.64,5,-13.34,2.79,17.4,,,,,2025,False
2216.T,2025-03-27,1066.6,947.3,-11.18,6,30.32,46.25,116.74,,,,,2025,False
3333.T,2025-03-27,1459.0,1201.7,-17.64,6,-10.24,-12.81,-7.41,,,,,2025,False
3937.T,2025-03-27,1298.5,1115.1,-14.12,5,-11.15,-30.13,-16.84,,,,,2025,False
2359.T,2025-03-27,1789.7,1478.1,-17.41,6,-3.92,5.5,15.4,,,,,2025,False
3133.T,2025-03-27,918.0,795.6,-13.33,2,-6.97,-17.32,-25.38,,,,,2025,False
2936.T,2025-03-26,571.0,504.0,-11.73,14,-21.72,-19.09,-20.14,,,,,2025,False
3355.T,2025-03-25,1314.0,1103.3,-16.03,8,-6.44,7.98,19.2,,,,,2025,False
2820.T,2025-03-25,3650.3,4455.2,22.05,51,30.9,34.28,41.09,,,,,2025,False
3992.T,2025-03-25,410.6,354.9,-13.58,7,6.21,20.05,40.81,,,,,2025,False
2162.T,2025-03-24,489.8,455.7,-6.95,8,7.61,10.25,-6.17,,,,,2025,False
3565.T,2025-03-24,415.0,353.0,-14.93,5,-7.56,36.93,20.94,,,,,2025,False
2338.T,2025-03-24,485.0,431.0,-11.13,9,-5.15,-5.98,19.59,,,,,2025,False
3922.T,2025-03-24,2454.5,2093.9,-14.69,9,-18.35,-8.67,30.01,,,,,2025,False
3562.T,2025-03-24,1761.5,1491.7,-15.31,9,0.82,8.61,14.16,,,,,2025,False
3932.T,2025-03-21,2904.2,2699.8,-7.04,10,13.75,2.45,-2.28,,,,,2025,False
2294.T,2025-03-21,2909.6,2557.5,-12.1,54,-0.0,-11.73,-8.66,,,,,2025,False
3611.T,2025-03-21,1692.9,1533.6,-9.41,9,-1.53,3.17,15.25,,,,,2025,False
2134.T,2025-03-21,20.0,17.8,-10.75,9,75.0,140.0,180.0,,,,,2025,False
2198.T,2025-03-21,809.1,775.2,-4.19,119,0.0,-7.66,-3.95,,,,,2025,False
3541.T,2025-03-19,333.0,295.0,-11.43,10,7.81,12.61,62.16,,,,,2025,False
2108.T,2025-03-19,2282.6,1946.3,-14.73,11,-2.33,-0.35,23.2,,,,,2025,False
2459.T,2025-03-19,371.0,467.5,26.01,0,-22.37,-35.58,-31.54,,,,,2025,False
3182.T,2025-03-19,1313.7,1196.6,-8.91,7,13.79,27.43,22.23,,,,,2025,False
1887.T,2025-03-19,483.4,429.8,-11.09,11,-6.73,-5.55,6.03,,,,,2025,False
2924.T,2025-03-18,1841.4,1683.6,-8.57,12,9.98,1.52,26.12,,,,,2025,False
2751.T,2025-03-18,3646.7,3496.5,-4.12,119,-2.86,-8.36,-5.49,,,,,2025,False
3093.T,2025-03-18,1731.0,1605.2,-7.27,12,10.17,6.16,19.68,,,,,2025,False
2325.T,2025-03-18,4217.8,3868.6,-8.28,11,-8.95,40.7,41.67,,,,,2025,False
4404.T,2025-03-18,1648.7,1430.7,-13.22,12,-4.3,-4.88,23.31,,,,,2025,False
2378.T,2025-03-18,1083.0,943.9,-12.84,12,-4.95,-7.69,9.75,,,,,2025,False
3053.T,2025-03-18,217.0,187.8,-13.43,11,-3.23,0.92,-15.21,,,,,2025,False
2428.T,2025-03-18,718.3,583.5,-18.77,12,-9.84,-2.23,0.3,,,,,2025,False
2991.T,2025-03-18,566.9,501.0,-11.61,11,-3.73,2.34,23.49,,,,,2025,False
2676.T,2025-03-17,1999.2,1735.3,-13.2,12,-11.66,5.38,-6.14,,,,,2025,False
3134.T,2025-03-17,1226.0,1099.2,-10.34,11,-10.57,0.09,13.21,,,,,2025,False
2982.T,2025-03-17,238.9,196.9,-17.6,13,-2.8,20.4,97.33,,,,,2025,False
3747.T,2025-03-17,746.0,670.6,-10.1,0,-45.98,-47.99,19.03,,,,,2025,False
2305.T,2025-03-14,2009.9,2042.1,1.6,119,1.21,3.06,1.31,,,,,2025,False
4393.T,2025-03-14,7800.0,8372.5,7.34,5,14.87,34.1,25.9,,,,,2025,False
4416.T,2025-03-14,727.0,668.1,-8.1,10,-4.68,45.53,18.98,,,,,2025,False
2112.T,2025-03-12,320.7,269.7,-15.88,16,-8.07,0.34,19.87,,,,,2025,False
3662.T,2025-03-12,908.6,821.1,-9.63,16,4.6,25.88,36.55,,,,,2025,False
3810.T,2025-03-12,298.0,283.0,-5.03,14,-2.68,0.34,15.44,,,,,2025,False
2497.T,2025-03-11,747.3,637.6,-14.68,16,-12.95,-25.94,-18.61,,,,,2025,False
2586.T,2025-03-11,156.0,154.7,-0.83,7,-8.97,1.92,62.18,,,,,2025,False
3137.T,2025-03-10,211.5,186.2,-11.99,15,-28.37,0.95,19.15,,,,,2025,False
2418.T,2025-03-10,543.4,516.8,-4.89,17,-9.19,4.32,35.11,,,,,2025,False
3837.T,2025-03-10,1015.2,907.1,-10.65,17,-11.83,6.97,28.25,,,,,2025,False
2922.T,2025-03-10,2120.3,1981.1,-6.57,119,-6.89,-5.49,-6.71,,,,,2025,False
3176.T,2025-03-07,1439.0,1276.6,-11.29,18,-11.86,-2.34,9.74,,,,,2025,False
2340.T,2025-03-07,469.0,424.0,-9.59,19,-4.05,2.77,5.97,,,,,2025,False
4310.T,2025-03-07,3561.4,3276.9,-7.99,13,-30.32,-33.72,-28.02,,,,,2025,False
3836.T,2025-03-06,1800.6,1508.4,-16.23,20,-16.34,-17.43,-15.86,,,,,2025,False
3139.T,2025-03-06,2790.5,3900.1,39.76,119,-8.04,26.63,42.22,,,,,2025,False
3183.T,2025-03-06,1339.9,1258.9,-6.05,17,-18.6,-6.31,-3.37,,,,,2025,False
3692.T,2025-03-06,2951.4,2602.5,-11.82,2,-8.95,81.89,126.52,,,,,2025,False
2792.T,2025-03-05,1604.5,1499.7,-6.53,119,-4.93,-6.65,-7.39,,,,,2025,False
3917.T,2025-03-05,559.0,506.6,-9.37,20,-13.95,-7.33,0.0,,,,,2025,False
3489.T,2025-03-04,557.3,507.1,-9.0,22,6.91,20.03,54.61,,,,,2025,False
3135.T,2025-03-04,1468.0,1359.1,-7.41,21,-0.89,8.79,27.59,,,,,2025,False
3726.T,2025-03-04,900.0,778.6,-13.49,4,-35.11,-26.56,-28.22,,,,,2025,False
3189.T,2025-03-03,500.0,447.0,-10.6,5,-5.4,76.2,40.6,,,,,2025,False
3475.T,2025-03-03,804.5,1065.8,32.47,59,-2.77,37.76,89.51,,,,,2025,False
2910.T,2025-03-03,1560.5,1534.0,-1.7,119,-2.56,-4.03,-1.7,,,,,2025,False
3935.T,2025-03-03,451.9,360.5,-20.22,23,3.91,40.0,151.74,,,,,2025,False
3798.T,2025-03-03,493.3,408.8,-17.12,23,-0.92,19.18,46.17,,,,,2025,False
3529.T,2025-02-28,1110.0,951.2,-14.31,23,-0.36,7.3,3.96,,,,,2025,False
1964.T,2025-02-28,3488.2,3126.2,-10.38,23,-1.89,-3.13,9.7,,,,,2025,False
4013.T,2025-02-28,516.7,518.5,0.34,24,13.63,60.46,129.94,,,,,2025,False
3825.T,2025-02-27,446.0,474.3,6.36,6,-9.21,13.16,-9.43,,,,,2025,False
3763.T,2025-02-27,762.2,832.7,9.24,25,11.73,59.93,106.85,,,,,2025,False
3521.T,2025-02-27,158.1,152.0,-3.87,7,-7.29,-6.68,-1.77,,,,,2025,False
3678.T,2025-02-27,1552.8,1422.1,-8.42,25,4.21,5.91,15.78,,,,,2025,False
3920.T,2025-02-26,727.0,623.8,-14.2,25,-6.04,33.03,41.14,,,,,2025,False
3983.T,2025-02-26,2445.4,2211.4,-9.57,25,2.16,5.47,9.58,,,,,2025,False
3807.T,2025-02-25,162.0,151.0,-6.79,4,-6.79,19.75,-4.94,,,,,2025,False
4377.T,2025-02-25,1786.1,1613.9,-9.64,26,-0.79,15.9,54.38,,,,,2025,False
3195.T,2025-02-25,491.0,552.5,12.53,1,-13.24,-21.38,9.98,,,,,2025,False
3989.T,2025-02-25,932.1,889.0,-4.62,26,8.48,3.83,20.89,,,,,2025,False
3457.T,2025-02-25,1117.9,1077.9,-3.58,27,10.85,6.2,-3.48,,,,,2025,False
4258.T,2025-02-21,1639.2,1728.8,5.46,28,21.4,58.12,131.87,,,,,2025,False
4418.T,2025-02-21,995.0,871.2,-12.44,5,-12.16,5.33,7.94,,,,,2025,False
4251.T,2025-02-21,1173.0,1041.3,-11.23,23,-8.26,-22.96,-8.18,,,,,2025,False
4323.T,2025-02-21,1954.0,1688.8,-13.57,27,-6.91,-5.89,8.09,,,,,2025,False
2217.T,2025-02-21,1633.3,1577.7,-3.41,73,4.79,3.33,-3.88,,,,,2025,False
3683.T,2025-02-20,1060.9,1014.0,-4.42,21,1.38,8.48,30.14,,,,,2025,False
3300.T,2025-02-20,1838.6,1838.2,-0.03,28,11.66,5.7,53.97,,,,,2025,False
3675.T,2025-02-20,679.1,621.4,-8.51,28,4.76,-1.15,7.39,,,,,2025,False
2158.T,2025-02-20,653.0,565.2,-13.44,26,-9.95,-9.95,29.71,,,,,2025,False
3660.T,2025-02-19,512.0,436.1,-14.83,27,-11.11,1.95,21.67,,,,,2025,False
3997.T,2025-02-19,158.0,140.6,-10.98,5,-15.82,-22.94,87.71,,,,,2025,False
4263.T,2025-02-19,650.0,555.0,-14.62,28,-9.85,-12.46,26.92,,,,,2025,False
4058.T,2025-02-19,2472.1,2272.6,-8.07,29,0.88,7.07,48.59,,,,,2025,False
3452.T,2025-02-19,1091.3,1189.1,8.96,29,18.41,6.98,42.23,,,,,2025,False
4320.T,2025-02-19,597.3,550.7,-7.81,29,6.72,2.34,13.44,,,,,2025,False
2882.T,2025-02-18,2085.2,2090.0,0.23,119,-1.68,-3.34,0.23,,,,,2025,False
3284.T,2025-02-18,1005.8,898.8,-10.64,31,-1.0,11.33,26.72,,,,,2025,False
3623.T,2025-02-18,1318.0,1120.3,-15.0,6,-7.83,-22.76,-20.4,,,,,2025,False
3663.T,2025-02-18,1282.1,1112.2,-13.25,30,-8.99,6.55,35.21,,,,,2025,False
3647.T,2025-02-18,168.0,147.0,-12.47,1,-19.05,-26.79,-10.12,,,,,2025,False
3791.T,2025-02-17,2434.7,2120.2,-12.92,12,-16.62,-21.97,-32.68,,,,,2025,False
4396.T,2025-02-17,1018.9,911.0,-10.59,31,0.14,15.63,34.22,,,,,2025,False
3843.T,2025-02-17,1478.2,1308.6,-11.48,31,0.77,-1.63,8.83,,,,,2025,False
1914.T,2025-02-17,623.6,570.4,-8.54,31,4.62,-6.89,1.76,,,,,2025,False
3031.T,2025-02-17,854.6,735.2,-13.97,32,4.43,-12.51,-20.38,,,,,2025,False
4179.T,2025-02-17,485.0,442.0,-8.87,3,-16.49,-34.64,-27.22,,,,,2025,False
3676.T,2025-02-17,1048.8,914.4,-12.82,31,1.19,-19.28,-10.08,,,,,2025,False
2130.T,2025-02-17,1187.4,1009.3,-14.99,30,-8.03,-4.2,6.91,,,,,2025,False
2315.T,2025-02-14,64.0,58.6,-8.36,6,0.0,-1.56,0.0,,,,,2025,False
3271.T,2025-02-14,671.5,751.2,11.87,33,20.6,38.77,64.27,,,,,2025,False
4222.T,2025-02-14,444.9,399.2,-10.27,11,16.93,100.89,76.17,,,,,2025,False
3326.T,2025-02-14,620.0,551.0,-11.13,27,3.23,-9.03,2.74,,,,,2025,False
4390.T,2025-02-14,2406.5,2201.2,-8.53,10,-7.24,-2.71,13.5,,,,,2025,False
3559.T,2025-02-14,557.4,621.1,11.42,2,-10.71,-24.39,-3.65,,,,,2025,False
3205.T,2025-02-14,963.4,807.4,-16.19,27,6.24,-9.84,-6.03,,,,,2025,False
4375.T,2025-02-14,798.0,725.9,-9.04,10,-5.26,-6.27,45.61,,,,,2025,False
4124.T,2025-02-13,2398.8,2186.4,-8.85,33,-2.57,-1.14,-0.41,,,,,2025,False
4165.T,2025-02-13,1107.0,1241.8,12.18,2,7.05,-2.98,7.95,,,,,2025,False
3771.T,2025-02-13,1529.5,1287.9,-15.79,34,0.18,13.2,30.77,,,,,2025,False
2929.T,2025-02-13,920.8,790.1,-14.2,33,-1.89,-1.26,-1.1,,,,,2025,False
2594.T,2025-02-13,2031.1,1993.2,-1.86,119,-0.49,-0.98,-2.01,,,,,2025,False
3625.T,2025-02-13,682.0,647.1,-5.12,15,-0.58,21.66,21.4,,,,,2025,False
1967.T,2025-02-13,1316.1,1278.3,-2.87,33,6.11,16.57,49.34,,,,,2025,False
3915.T,2025-02-12,2527.6,2160.3,-14.53,17,-11.65,2.08,-9.37,,,,,2025,False
3741.T,2025-02-12,2651.0,2265.5,-14.54,12,-12.3,-12.57,-4.7,,,,,2025,False
4417.T,2025-02-12,2728.1,2381.5,-12.7,10,-7.21,14.89,22.49,,,,,2025,False
3696.T,2025-02-12,3063.7,2624.6,-14.33,1,-20.85,-39.59,-24.77,,,,,2025,False
4344.T,2025-02-12,245.0,214.2,-12.57,6,-8.57,-17.55,-24.08,,,,,2025,False
4064.T,2025-02-12,1807.9,1585.6,-12.3,34,1.57,-8.73,6.57,,,,,2025,False
1972.T,2025-02-10,1109.7,937.9,-15.48,36,-5.31,-1.06,26.09,,,,,2025,False
2901.T,2025-02-10,806.7,706.9,-12.38,11,-10.48,-16.78,-22.34,,,,,2025,False
2301.T,2025-02-10,2013.0,1615.6,-19.74,18,-18.2,-18.56,-10.03,,,,,2025,False
3486.T,2025-02-10,1483.1,1633.1,10.11,35,21.75,26.62,45.71,,,,,2025,False
3447.T,2025-02-10,757.9,684.4,-9.7,34,-4.11,-5.91,4.4,,,,,2025,False
3823.T,2025-02-10,45.0,49.3,9.56,1,302.22,135.56,64.44,,,,,2025,False
3393.T,2025-02-10,2124.7,1910.5,-10.08,35,-4.17,-2.95,20.03,,,,,2025,False
2469.T,2025-02-10,2818.7,2427.9,-13.87,31,-10.78,-21.4,-15.55,,,,,2025,False
3937.T,2025-02-07,1329.4,1181.4,-11.13,19,-1.68,-25.05,-23.61,,,,,2025,False
2321.T,2025-02-07,117.0,118.2,0.98,2,0.0,-22.22,54.7,,,,,2025,False
2216.T,2025-02-07,1118.8,1021.8,-8.67,36,-6.72,12.41,83.7,,,,,2025,False
4113.T,2025-02-07,1040.3,1032.2,-0.78,36,4.3,10.8,33.25,,,,,2025,False
2936.T,2025-02-06,511.0,559.3,9.45,37,15.46,-15.26,-0.39,,,,,2025,False
2009.T,2025-02-06,711.8,882.3,23.96,119,7.13,19.52,23.82,,,,,2025,False
3133.T,2025-02-06,1220.0,1072.7,-12.07,10,-24.1,-31.15,-43.69,,,,,2025,False
3415.T,2025-02-05,340.1,293.3,-13.77,26,-8.99,-18.55,43.48,,,,,2025,False
3371.T,2025-02-05,2161.9,1858.0,-14.06,36,-8.82,-14.35,-2.44,,,,,2025,False
3921.T,2025-02-04,1670.4,1447.9,-13.32,25,-5.4,-12.43,6.58,,,,,2025,False
3562.T,2025-02-04,1989.2,1666.4,-16.23,14,-19.07,-7.3,17.7,,,,,2025,False
3981.T,2025-02-04,1706.0,1549.7,-9.16,13,-14.53,-23.33,-23.89,,,,,2025,False
3070.T,2025-02-04,119.0,108.8,-8.57,17,-8.4,-9.24,115.13,,,,,2025,False
3922.T,2025-02-04,2300.8,2111.7,-8.22,40,1.97,-4.9,22.02,,,,,2025,False
4264.T,2025-02-04,1894.0,1765.4,-6.79,17,-4.44,-9.4,-9.87,,,,,2025,False
3565.T,2025-02-04,284.9,329.4,15.6,22,21.56,42.43,91.86,,,,,2025,False
3932.T,2025-02-03,2878.2,2611.9,-9.25,23,-1.14,16.66,2.11,,,,,2025,False
3611.T,2025-02-03,1762.4,1573.5,-10.72,40,0.31,0.41,-0.02,,,,,2025,False
4347.T,2025-02-03,1806.0,1583.5,-12.32,19,-13.79,-15.07,1.06,,,,,2025,False
2120.T,2025-02-03,184.4,168.1,-8.87,8,-15.98,-22.16,3.09,,,,,2025,False
3541.T,2025-01-31,317.0,295.0,-6.96,41,-1.58,10.09,57.41,,,,,2025,False
2338.T,2025-01-30,541.0,626.4,15.79,23,31.61,-12.75,-9.24,,,,,2025,False
4404.T,2025-01-30,1553.8,1430.7,-7.92,43,-2.41,2.34,19.56,,,,,2025,False
3053.T,2025-01-30,160.0,187.8,17.41,42,0.62,36.88,31.87,,,,,2025,False
2325.T,2025-01-30,3923.6,3992.2,1.75,41,19.13,0.62,43.47,,,,,2025,False
2162.T,2025-01-29,384.5,339.9,-11.58,10,-8.29,58.26,23.92,,,,,2025,False
3772.T,2025-01-29,1021.7,832.0,-18.56,44,-3.93,-0.46,-1.24,,,,,2025,False
2676.T,2025-01-29,1869.9,1735.3,-7.19,43,2.52,2.96,2.11,,,,,2025,False
4416.T,2025-01-28,723.0,663.0,-8.3,4,7.47,-3.73,24.07,,,,,2025,False
4393.T,2025-01-28,6700.0,8372.5,24.96,36,22.84,57.31,68.06,,,,,2025,False
2498.T,2025-01-28,2740.8,2391.2,-12.76,15,-16.02,-9.68,-9.15,,,,,2025,False
2674.T,2025-01-28,1798.8,1528.8,-15.01,45,-4.56,0.12,-8.38,,,,,2025,False
3844.T,2025-01-27,2095.0,1831.1,-12.6,17,-13.15,-23.7,-17.68,,,,,2025,False
2112.T,2025-01-24,330.8,330.8,-0.0,22,2.79,-8.56,10.95,,,,,2025,False
3810.T,2025-01-24,324.0,351.9,8.61,8,-5.25,-15.74,-0.93,,,,,2025,False
3662.T,2025-01-24,971.7,821.1,-15.5,47,-10.0,2.4,30.1,,,,,2025,False
3182.T,2025-01-24,1401.8,1296.7,-7.5,15,-9.25,4.52,18.57,,,,,2025,False
2586.T,2025-01-23,159.0,180.2,13.33,6,-15.09,-5.66,116.98,,,,,2025,False
4346.T,2025-01-22,820.3,734.5,-10.46,21,-8.19,-3.68,9.37,,,,,2025,False
3242.T,2025-01-22,402.9,475.0,17.91,119,2.38,9.5,19.12,,,,,2025,False
3137.T,2025-01-22,183.0,218.4,19.37,14,15.3,105.19,9.84,,,,,2025,False
3267.T,2025-01-22,712.3,710.4,-0.27,47,7.42,5.36,9.62,,,,,2025,False
2418.T,2025-01-22,421.0,516.8,22.76,48,30.0,22.79,36.32,,,,,2025,False
4310.T,2025-01-21,2999.5,3276.9,9.25,44,17.99,-12.98,-24.76,,,,,2025,False
2340.T,2025-01-21,477.0,471.0,-1.26,17,-0.63,1.05,1.47,,,,,2025,False
4015.T,2025-01-21,530.0,562.7,6.17,49,5.47,22.45,46.23,,,,,2025,False
3968.T,2025-01-20,602.7,556.7,-7.63,17,-24.19,-22.89,-17.88,,,,,2025,False
3139.T,2025-01-20,2805.9,2738.7,-2.39,21,-1.92,23.24,39.34,,,,,2025,False
3692.T,2025-01-20,2359.9,2496.8,5.8,26,17.4,43.76,147.78,,,,,2025,False
3836.T,2025-01-20,1874.4,1729.6,-7.73,33,0.68,-5.04,-20.51,,,,,2025,False
4026.T,2025-01-20,1622.9,1446.0,-10.9,37,0.35,-23.53,-26.69,,,,,2025,False
2436.T,2025-01-20,848.1,758.6,-10.55,26,-4.07,-13.14,4.3,,,,,2025,False
2428.T,2025-01-20,761.7,693.9,-8.9,26,-1.61,-12.62,-7.86,,,,,2025,False
3321.T,2025-01-17,1075.3,898.0,-16.49,52,0.71,-3.79,11.15,,,,,2025,False
2792.T,2025-01-17,1641.1,1460.4,-11.02,119,-2.18,-6.29,-12.28,,,,,2025,False
3093.T,2025-01-17,1608.1,1433.4,-10.86,22,-8.95,18.59,10.62,,,,,2025,False
3917.T,2025-01-17,585.0,596.0,1.88,23,5.3,-11.62,-10.77,,,,,2025,False
3489.T,2025-01-16,506.7,507.1,0.09,53,8.51,18.1,37.05,,,,,2025,False
4198.T,2025-01-16,879.7,904.9,2.86,28,11.88,-13.09,-7.92,,,,,2025,False
3189.T,2025-01-15,390.0,524.4,34.47,29,2.82,29.74,251.28,,,,,2025,False
3475.T,2025-01-15,827.8,777.9,-6.03,34,0.94,41.27,34.47,,,,,2025,False
3185.T,2025-01-15,188.0,161.5,-14.1,2,-2.13,-22.34,-20.74,,,,,2025,False
3935.T,2025-01-15,427.8,427.8,-0.0,53,14.25,28.83,76.37,,,,,2025,False
2303.T,2025-01-15,2105.0,1855.8,-11.84,54,7.14,-1.93,7.93,,,,,2025,False
3798.T,2025-01-14,486.9,408.8,-16.04,55,-2.6,-5.81,38.55,,,,,2025,False
1964.T,2025-01-14,3039.4,3126.2,2.85,54,8.07,4.52,5.79,,,,,2025,False
3529.T,2025-01-14,989.0,969.0,-2.02,54,16.18,-3.13,27.1,,,,,2025,False
3678.T,2025-01-10,1411.6,1422.1,0.74,56,10.2,13.53,21.0,,,,,2025,False
3825.T,2025-01-10,342.3,409.0,19.49,5,111.43,-0.29,69.14,,,,,2025,False
3548.T,2025-01-10,719.9,593.0,-17.63,56,-0.88,-8.49,5.54,,,,,2025,False
2345.T,2025-01-09,347.0,490.4,41.34,6,-38.04,-38.9,-36.6,,,,,2025,False
3807.T,2025-01-08,133.0,129.2,-2.86,5,33.83,-9.77,8.27,,,,,2025,False
4377.T,2025-01-08,1555.0,1622.0,4.31,40,-7.22,-1.15,34.97,,,,,2025,False
3989.T,2025-01-08,808.8,781.9,-3.34,18,3.37,13.95,17.21,,,,,2025,False
3176.T,2025-01-08,1440.9,1279.5,-11.2,57,-0.07,-12.78,-2.6,,,,,2025,False
3457.T,2025-01-08,1139.0,1077.9,-5.37,58,2.87,0.25,-5.18,,,,,2025,False
2217.T,2025-01-07,1575.0,1577.7,0.17,104,2.38,3.89,-0.76,,,,,2025,False
4323.T,2025-01-07,2096.8,1817.5,-13.32,6,-16.89,-23.51,-13.7,,,,,2025,False
4418.T,2025-01-07,939.0,963.9,2.65,32,-3.73,-22.47,14.59,,,,,2025,False
4258.T,2025-01-07,1713.9,1539.2,-10.19,15,-9.43,11.61,80.55,,,,,2025,False
3333.T,2025-01-06,1430.4,1201.7,-15.99,60,-4.11,-17.54,-10.66,,,,,2025,False
3675.T,2025-01-06,782.9,666.4,-14.87,27,-7.75,-29.63,-11.64,,,,,2025,False
3300.T,2025-01-06,2193.0,1929.7,-12.01,26,-7.6,-25.93,-8.12,,,,,2025,False
4058.T,2024-12-30,2172.3,2221.1,2.25,43,-1.46,2.65,31.58,,,,,2024,False
4263.T,2024-12-30,606.0,590.8,-2.52,33,10.73,-18.65,-0.17,,,,,2024,False
3261.T,2024-12-30,1054.6,930.4,-11.77,61,0.09,-6.86,-7.32,,,,,2024,False
3452.T,2024-12-30,1219.9,1189.1,-2.53,60,-4.92,-0.86,6.17,,,,,2024,False
2882.T,2024-12-27,2155.5,1899.4,-11.88,62,-2.25,-6.54,-6.08,,,,,2024,False
3663.T,2024-12-27,1340.7,1225.1,-8.62,28,-1.09,-15.23,9.99,,,,,2024,False
3791.T,2024-12-26,2414.8,2077.1,-13.99,11,-0.33,-21.7,-9.48,,,,,2024,False
3031.T,2024-12-26,678.4,735.2,8.38,63,26.68,29.33,0.59,,,,,2024,False
2130.T,2024-12-26,980.7,1009.3,2.92,61,-4.33,7.38,24.5,,,,,2024,False
3135.T,2024-12-25,1406.0,1509.6,7.37,34,8.82,6.69,4.05,,,,,2024,False
3271.T,2024-12-25,642.6,751.2,16.89,64,0.45,41.11,61.21,,,,,2024,False
3205.T,2024-12-25,772.6,807.4,4.5,58,16.8,-1.59,19.36,,,,,2024,False
4390.T,2024-12-25,2448.6,2202.9,-10.04,41,3.92,-14.39,-3.98,,,,,2024,False
2491.T,2024-12-24,1072.0,850.7,-20.65,23,6.03,-28.67,-30.24,,,,,2024,False
2533.T,2024-12-24,374.2,548.1,46.46,119,-1.14,15.6,46.98,,,,,2024,False
2929.T,2024-12-24,964.7,881.7,-8.6,11,-0.99,-10.46,-14.98,,,,,2024,False
4124.T,2024-12-24,3125.9,2727.8,-12.74,30,1.41,-25.89,-23.26,,,,,2024,False
1967.T,2024-12-24,1319.9,1278.3,-3.15,64,-6.59,9.5,26.81,,,,,2024,False
3915.T,2024-12-23,2131.1,2359.1,10.7,36,22.19,-0.93,40.93,,,,,2024,False
2991.T,2024-12-23,604.7,536.6,-11.27,48,-7.56,-4.15,-5.12,,,,,2024,False
3696.T,2024-12-23,3233.4,2963.9,-8.34,6,-16.11,-27.06,-24.38,,,,,2024,False
3486.T,2024-12-20,1314.7,1633.1,24.22,66,7.5,37.35,53.69,,,,,2024,False
3393.T,2024-12-20,2060.1,1910.5,-7.26,66,0.04,3.0,26.43,,,,,2024,False
2469.T,2024-12-20,2836.1,2578.8,-9.07,13,-4.22,-8.95,-18.99,,,,,2024,False
2301.T,2024-12-20,2115.3,1615.6,-23.62,49,-1.69,-17.27,-19.37,,,,,2024,False
2321.T,2024-12-19,105.0,101.1,-3.67,1,20.0,16.19,14.29,,,,,2024,False
2216.T,2024-12-19,1043.1,1070.4,2.62,49,13.68,1.31,41.86,,,,,2024,False
4222.T,2024-12-19,367.6,370.6,0.81,0,-5.39,34.77,41.51,,,,,2024,False
2009.T,2024-12-18,717.1,896.7,25.04,119,-2.48,9.14,23.7,,,,,2024,False
3415.T,2024-12-17,299.8,302.5,0.9,52,-0.65,-9.25,45.01,,,,,2024,False
3134.T,2024-12-17,1121.8,1099.2,-2.01,68,10.55,10.22,6.49,,,,,2024,False
3195.T,2024-12-17,307.0,280.0,-8.79,6,-12.38,43.0,27.69,,,,,2024,False
3623.T,2024-12-16,1456.9,1401.4,-3.82,4,-17.96,-16.63,-31.14,,,,,2024,False
3562.T,2024-12-16,1852.2,1666.4,-10.03,45,4.37,-4.74,4.22,,,,,2024,False
3921.T,2024-12-16,1686.3,1465.6,-13.09,56,-3.8,-3.88,7.75,,,,,2024,False
3565.T,2024-12-16,278.7,284.1,1.96,12,8.19,49.51,100.64,,,,,2024,False
3981.T,2024-12-16,1897.8,1674.9,-11.75,1,-8.78,-21.94,-36.64,,,,,2024,False
2594.T,2024-12-16,2027.1,1956.4,-3.49,119,-0.73,0.1,-3.68,,,,,2024,False
1887.T,2024-12-13,496.8,429.8,-13.49,72,-5.2,-2.89,-8.3,,,,,2024,False
2120.T,2024-12-13,190.1,169.7,-10.75,18,-1.5,-19.0,-4.5,,,,,2024,False
3932.T,2024-12-13,2588.3,2611.9,0.91,54,5.06,7.11,12.98,,,,,2024,False
2776.T,2024-12-12,169.0,148.8,-11.98,6,-14.2,-21.89,-26.04,,,,,2024,False
2983.T,2024-12-11,645.4,665.4,3.1,18,0.72,10.63,25.6,,,,,2024,False
2338.T,2024-12-11,479.0,626.4,30.78,54,16.7,-6.26,-0.63,,,,,2024,False
4404.T,2024-12-11,1500.0,1430.7,-4.62,74,-1.4,9.79,4.16,,,,,2024,False
3053.T,2024-12-11,201.0,171.7,-14.58,8,-23.88,4.48,4.98,,,,,2024,False
2268.T,2024-12-11,4000.4,4128.2,3.2,119,-1.95,-3.18,2.46,,,,,2024,False
3920.T,2024-12-11,657.8,622.9,-5.3,40,-1.19,6.37,44.93,,,,,2024,False
3221.T,2024-12-10,3237.0,2826.9,-12.67,41,-7.61,-12.42,-22.58,,,,,2024,False
3772.T,2024-12-10,1062.8,938.4,-11.71,74,-6.0,-6.27,-1.4,,,,,2024,False
4165.T,2024-12-10,1172.0,1025.1,-12.53,13,-24.91,-4.95,7.51,,,,,2024,False
4393.T,2024-12-09,5900.0,8372.5,41.91,67,19.32,27.63,73.39,,,,,2024,False
3196.T,2024-12-09,2223.0,1927.9,-13.27,76,-12.33,-1.56,-4.33,,,,,2024,False
3940.T,2024-12-09,118.4,108.4,-8.46,75,1.94,1.94,13.45,,,,,2024,False
4416.T,2024-12-09,583.0,592.4,1.62,2,21.78,24.36,79.76,,,,,2024,False
3844.T,2024-12-06,2141.6,1894.6,-11.53,41,-4.51,-19.4,-19.65,,,,,2024,False
3834.T,2024-12-05,602.4,643.2,6.76,119,2.36,5.82,6.92,,,,,2024,False
3662.T,2024-12-05,899.8,821.1,-8.75,78,1.4,-1.08,31.1,,,,,2024,False
4375.T,2024-12-05,833.0,759.0,-8.88,12,-13.33,-11.28,10.8,,,,,2024,False
2813.T,2024-12-05,5291.2,5173.8,-2.22,42,5.25,-19.11,-31.44,,,,,2024,False
2586.T,2024-12-04,164.0,144.5,-11.89,1,-35.98,-19.51,-3.66,,,,,2024,False
3687.T,2024-12-04,1783.7,1831.2,2.67,21,17.66,-6.27,12.16,,,,,2024,False
3900.T,2024-12-04,1590.0,1406.8,-11.53,18,-13.02,-29.06,-34.78,,,,,2024,False
3242.T,2024-12-03,417.1,448.8,7.6,119,-3.42,0.03,7.37,,,,,2024,False
4054.T,2024-12-03,1201.6,1047.4,-12.83,20,-12.59,-21.23,-35.31,,,,,2024,False
3267.T,2024-12-03,919.8,776.9,-15.53,24,-4.04,-18.83,-12.34,,,,,2024,False
2418.T,2024-12-02,433.5,516.8,19.22,80,-2.21,28.06,32.12,,,,,2024,False
4011.T,2024-12-02,6475.0,5843.8,-9.75,3,-13.2,-31.2,-49.27,,,,,2024,False
2340.T,2024-12-02,466.0,471.0,1.07,48,0.43,-0.21,4.08,,,,,2024,False
2173.T,2024-12-02,553.0,489.4,-11.5,79,-4.23,-5.27,-9.6,,,,,2024,False
4310.T,2024-12-02,2778.3,3276.9,17.95,75,8.12,27.39,-10.0,,,,,2024,False
3139.T,2024-11-29,2754.9,2738.7,-0.59,52,-5.91,1.01,24.01,,,,,2024,False
4417.T,2024-11-29,2664.2,2263.6,-15.04,13,-3.32,-10.89,26.35,,,,,2024,False
3836.T,2024-11-29,2031.8,1789.0,-11.95,26,-2.28,-8.96,-28.47,,,,,2024,False
3182.T,2024-11-29,1554.2,1353.9,-12.89,11,-19.75,-19.36,0.51,,,,,2024,False
2428.T,2024-11-29,839.0,719.6,-14.24,40,-3.6,-18.88,-14.61,,,,,2024,False
2932.T,2024-11-29,1574.5,1217.1,-22.7,48,-5.33,-24.05,-18.7,,,,,2024,False
4406.T,2024-11-29,198.0,178.4,-9.87,80,-6.31,-0.97,-3.93,,,,,2024,False
2112.T,2024-11-28,282.9,330.8,16.94,58,3.91,14.66,13.74,,,,,2024,False
2792.T,2024-11-28,1548.5,1498.7,-3.21,119,3.24,1.93,-3.4,,,,,2024,False
3475.T,2024-11-26,790.0,777.9,-1.53,65,5.28,0.98,39.56,,,,,2024,False
3321.T,2024-11-26,1129.3,1013.2,-10.28,84,4.04,-7.72,3.5,,,,,2024,False
3798.T,2024-11-25,492.3,466.5,-5.24,68,4.36,-1.78,12.6,,,,,2024,False
2676.T,2024-11-25,1801.7,1735.3,-3.68,85,-0.65,5.61,11.0,,,,,2024,False
2471.T,2024-11-25,319.1,273.6,-14.25,32,-5.59,-6.5,6.51,,,,,2024,False
3529.T,2024-11-25,950.0,969.0,2.0,85,2.74,17.05,20.42,,,,,2024,False
1964.T,2024-11-25,2859.0,3126.2,9.34,85,13.59,20.55,18.35,,,,,2024,False
2751.T,2024-11-22,3393.0,3431.6,1.14,119,-1.91,6.74,1.14,,,,,2024,False
3825.T,2024-11-22,391.2,348.3,-10.96,0,-22.25,18.5,40.0,,,,,2024,False
2788.T,2024-11-22,432.2,368.9,-14.65,86,-4.56,-10.6,-18.24,,,,,2024,False
2820.T,2024-11-22,3833.4,3602.4,-6.02,20,-4.45,-18.78,31.34,,,,,2024,False
2901.T,2024-11-22,729.1,717.8,-1.55,13,-0.55,3.96,-4.91,,,,,2024,False
2325.T,2024-11-22,3556.1,3170.7,-10.84,30,1.22,20.26,29.64,,,,,2024,False
1888.T,2024-11-21,3351.2,3235.5,-3.45,35,4.06,-0.84,14.11,,,,,2024,False
2345.T,2024-11-21,417.0,392.0,-6.0,2,-0.72,-57.31,-48.68,,,,,2024,False
3077.T,2024-11-21,367.0,312.0,-15.0,86,-13.9,-9.54,-15.26,,,,,2024,False
3611.T,2024-11-21,1779.8,1573.9,-11.57,87,3.75,-3.55,-3.05,,,,,2024,False
3989.T,2024-11-20,859.6,830.6,-3.38,28,6.35,11.71,14.0,,,,,2024,False
3807.T,2024-11-20,134.0,124.0,-7.46,4,23.88,29.1,17.16,,,,,2024,False
3968.T,2024-11-20,590.0,556.7,-5.65,55,3.45,-24.22,-16.76,,,,,2024,False
3176.T,2024-11-20,1450.4,1316.6,-9.22,88,-0.72,-7.06,-5.5,,,,,2024,False
4377.T,2024-11-20,1605.9,1447.3,-9.88,38,-1.94,10.81,24.03,,,,,2024,False
4258.T,2024-11-19,1502.4,1640.7,9.21,30,11.26,20.36,67.22,,,,,2024,False
2156.T,2024-11-19,435.0,441.1,1.4,9,-6.87,-23.28,-18.2,,,,,2024,False
4323.T,2024-11-19,1734.9,1882.3,8.5,36,11.4,13.46,5.54,,,,,2024,False
4418.T,2024-11-19,890.0,983.4,10.5,22,24.83,18.88,12.02,,,,,2024,False
3333.T,2024-11-18,1433.2,1322.9,-7.7,90,0.93,-2.37,-9.36,,,,,2024,False
2936.T,2024-11-18,430.0,391.8,-8.87,6,-14.42,41.86,10.7,,,,,2024,False
3300.T,2024-11-18,2034.9,1992.0,-2.11,38,4.12,-6.37,-5.1,,,,,2024,False
3675.T,2024-11-18,630.2,666.4,5.74,58,10.31,7.14,5.9,,,,,2024,False
1914.T,2024-11-15,557.6,570.4,2.28,91,-0.83,10.17,4.13,,,,,2024,False
4264.T,2024-11-15,2005.0,1797.0,-10.37,23,-5.64,-3.29,-14.46,,,,,2024,False
2915.T,2024-11-15,2149.2,1874.1,-12.8,33,-5.17,-13.99,-17.44,,,,,2024,False
4058.T,2024-11-15,1816.6,2221.1,22.26,74,9.66,40.51,38.76,,,,,2024,False
3261.T,2024-11-15,1146.5,1045.6,-8.8,31,3.52,-9.64,-2.65,,,,,2024,False
3452.T,2024-11-15,1262.9,1240.2,-1.8,20,-4.17,-12.61,-5.59,,,,,2024,False
3719.T,2024-11-14,229.3,203.3,-11.34,12,-8.62,-3.02,13.36,,,,,2024,False
4255.T,2024-11-14,577.0,650.2,12.69,1,14.73,27.56,25.65,,,,,2024,False
4113.T,2024-11-14,892.9,906.1,1.47,37,9.48,22.9,25.95,,,,,2024,False
3663.T,2024-11-14,1304.6,1204.4,-7.68,40,4.53,-6.22,9.81,,,,,2024,False
3791.T,2024-11-13,2324.4,2357.7,1.43,31,5.77,5.13,-19.67,,,,,2024,False
2130.T,2024-11-13,1085.4,970.8,-10.57,14,-9.13,6.7,9.71,,,,,2024,False
3031.T,2024-11-13,670.8,735.2,9.6,94,3.39,26.84,13.9,,,,,2024,False
3371.T,2024-11-12,2043.0,1937.8,-5.15,66,7.46,-1.08,-2.19,,,,,2024,False
4390.T,2024-11-12,2614.1,2288.5,-12.45,42,-4.34,-6.4,-11.08,,,,,2024,False
3271.T,2024-11-12,597.5,751.2,25.72,95,1.61,12.86,51.29,,,,,2024,False
2315.T,2024-11-12,58.0,51.0,-12.07,2,1.72,10.34,3.45,,,,,2024,False
3205.T,2024-11-12,748.6,807.4,7.86,89,1.72,24.23,15.66,,,,,2024,False
4026.T,2024-11-11,1717.4,1517.4,-11.65,21,2.11,-2.28,-26.03,,,,,2024,False
3696.T,2024-11-08,2093.2,1924.7,-8.05,4,54.92,45.21,-9.56,,,,,2024,False
3915.T,2024-11-08,1904.1,2359.1,23.89,67,5.36,29.26,35.71,,,,,2024,False
2108.T,2024-11-08,2244.4,1946.3,-13.28,97,-1.0,-1.08,-1.44,,,,,2024,False
3393.T,2024-11-07,1810.6,1910.5,5.51,97,8.27,16.48,12.15,,,,,2024,False
4344.T,2024-11-07,235.0,207.4,-11.74,4,-18.72,-1.28,-10.21,,,,,2024,False
2301.T,2024-11-07,1654.1,1881.9,13.77,71,0.06,21.35,-0.71,,,,,2024,False
2469.T,2024-11-07,2966.3,2664.9,-10.16,9,-2.83,-4.98,-25.64,,,,,2024,False
3486.T,2024-11-07,1122.9,1633.1,45.44,97,15.82,33.16,66.05,,,,,2024,False
2216.T,2024-11-06,949.7,1070.4,12.71,80,9.33,29.67,36.04,,,,,2024,False
2053.T,2024-11-06,1298.4,1455.9,12.13,119,-4.81,-7.79,14.14,,,,,2024,False
2440.T,2024-11-05,313.0,286.4,-8.48,27,-4.47,-10.86,-7.99,,,,,2024,False
4345.T,2024-10-31,876.4,770.9,-12.04,73,-3.49,-10.57,-13.15,,,,,2024,False
3565.T,2024-10-31,205.1,284.1,38.56,43,33.23,38.8,94.57,,,,,2024,False
4027.T,2024-10-31,1524.2,1376.1,-9.71,60,1.24,-9.83,-13.72,,,,,2024,False
3623.T,2024-10-31,1265.2,1401.4,10.76,35,14.39,-9.15,-10.92,,,,,2024,False
3921.T,2024-10-31,1772.3,1766.5,-0.33,29,1.13,-8.16,-16.81,,,,,2024,False
3562.T,2024-10-31,1560.2,1666.4,6.81,76,8.17,29.76,18.56,,,,,2024,False
3329.T,2024-10-30,2021.1,2062.6,2.05,119,-1.37,0.54,2.2,,,,,2024,False
2674.T,2024-10-29,1760.9,1528.8,-13.18,104,-5.71,2.2,2.38,,,,,2024,False
4092.T,2024-10-29,2510.3,2197.7,-12.45,9,-10.91,-11.21,-19.48,,,,,2024,False
2776.T,2024-10-29,181.0,153.8,-15.0,1,-12.15,-26.52,-34.25,,,,,2024,False
2134.T,2024-10-28,21.0,21.2,1.19,11,-4.76,-4.76,-4.76,,,,,2024,False
2882.T,2024-10-28,2165.4,1899.4,-12.28,105,-3.84,-2.42,-4.99,,,,,2024,False
4404.T,2024-10-28,1334.0,1430.7,7.25,105,-0.69,12.74,21.5,,,,,2024,False
2735.T,2024-10-28,692.3,599.8,-13.36,48,-4.83,-7.32,3.19,,,,,2024,False
3053.T,2024-10-28,196.0,178.5,-8.93,38,-2.55,-18.37,10.71,,,,,2024,False
4165.T,2024-10-25,881.0,1400.0,58.9,22,81.16,-3.29,26.79,,,,,2024,False
3221.T,2024-10-25,3242.0,2847.8,-12.16,70,-5.17,-7.6,-15.55,,,,,2024,False
3772.T,2024-10-25,1049.1,938.4,-10.55,105,1.68,-1.78,-5.64,,,,,2024,False
4179.T,2024-10-24,346.0,355.3,2.69,9,-1.45,9.83,-14.16,,,,,2024,False
4393.T,2024-10-24,4780.0,8372.5,75.16,98,11.3,36.82,86.4,,,,,2024,False
4316.T,2024-10-24,426.0,387.6,-9.01,25,-2.35,-7.75,-15.73,,,,,2024,False
3844.T,2024-10-23,1756.4,2061.4,17.37,32,22.7,16.54,-8.82,,,,,2024,False
4375.T,2024-10-22,818.0,782.0,-4.4,40,8.44,-17.24,-0.98,,,,,2024,False
2198.T,2024-10-22,725.5,809.1,11.53,119,-3.43,4.19,11.27,,,,,2024,False
2813.T,2024-10-22,4812.0,4456.8,-7.38,15,14.74,12.55,-14.96,,,,,2024,False
2586.T,2024-10-21,110.0,139.4,26.73,2,84.55,54.55,38.18,,,,,2024,False
4386.T,2024-10-21,670.6,596.6,-11.03,109,-5.67,-6.37,-11.81,,,,,2024,False
3900.T,2024-10-21,1364.0,1419.5,4.07,49,13.05,-4.25,-20.75,,,,,2024,False
3660.T,2024-10-18,474.1,420.0,-11.42,17,-4.42,-10.11,-6.32,,,,,2024,False
4054.T,2024-10-18,928.6,1105.4,19.04,34,29.71,7.56,-1.49,,,,,2024,False
4015.T,2024-10-18,516.0,450.0,-12.79,18,-7.36,2.71,28.88,,,,,2024,False
2268.T,2024-10-18,4112.3,3912.5,-4.86,119,-5.33,-4.74,-4.14,,,,,2024,False
2303.T,2024-10-17,2272.2,2171.0,-4.45,55,-2.83,-7.05,-9.45,,,,,2024,False
3679.T,2024-10-17,574.6,502.2,-12.61,15,-14.9,-24.17,-27.43,,,,,2024,False
4412.T,2024-10-17,609.0,519.4,-14.72,59,-7.55,-16.26,38.26,,,,,2024,False
3139.T,2024-10-16,2715.2,2738.7,0.87,83,-4.25,5.79,21.33,,,,,2024,False
3836.T,2024-10-16,2248.3,1929.5,-14.18,11,-10.94,-17.37,-25.47,,,,,2024,False
3939.T,2024-10-16,561.2,491.3,-12.46,20,-14.91,-18.25,-30.88,,,,,2024,False
3182.T,2024-10-16,1350.3,1438.9,6.56,40,9.38,3.59,2.13,,,,,2024,False
2932.T,2024-10-16,1890.6,1607.0,-15.0,20,-16.47,-22.9,-36.24,,,,,2024,False
2428.T,2024-10-16,690.1,750.8,8.8,44,25.0,8.47,-6.83,,,,,2024,False
3918.T,2024-10-15,945.3,809.9,-14.33,46,-3.57,-14.57,-14.59,,,,,2024,False
3803.T,2024-10-15,636.0,642.6,1.04,0,-20.75,-25.16,-20.13,,,,,2024,False
4112.T,2024-10-15,2104.5,1831.8,-12.96,20,-12.8,-18.74,-32.8,,,,,2024,False
3196.T,2024-10-15,2279.3,2015.5,-11.57,54,-3.38,-13.76,-7.35,,,,,2024,False
2792.T,2024-10-11,1673.9,1442.2,-13.84,115,-7.27,-0.05,-7.55,,,,,2024,False
2158.T,2024-10-11,675.0,584.8,-13.36,30,-3.56,-10.67,-21.93,,,,,2024,False
3475.T,2024-10-10,806.2,777.9,-3.51,96,-1.05,3.04,45.42,,,,,2024,False
3798.T,2024-10-09,524.5,492.2,-6.15,29,6.32,-7.43,-14.71,,,,,2024,False
3529.T,2024-10-09,900.0,782.0,-13.11,14,2.44,11.11,6.11,,,,,2024,False
2676.T,2024-10-09,1994.5,1749.3,-12.29,116,-7.55,-8.49,-12.54,,,,,2024,False
2753.T,2024-10-09,1733.5,1475.1,-14.91,116,-7.53,-7.2,-20.48,,,,,2024,False
3431.T,2024-10-09,1888.7,1614.1,-14.54,115,-5.76,-6.15,-12.78,,,,,2024,False
2901.T,2024-10-08,498.4,627.4,25.89,10,97.6,43.91,12.5,,,,,2024,False
3558.T,2024-10-08,1973.0,1721.3,-12.76,4,-10.2,-25.17,-46.87,,,,,2024,False
2325.T,2024-10-08,3759.3,3417.5,-9.09,27,0.0,-13.89,-3.2,,,,,2024,False
3776.T,2024-10-07,211.0,185.2,-12.25,17,-13.89,-12.0,-39.47,,,,,2024,False
2884.T,2024-10-07,1630.0,1435.6,-11.92,9,-13.37,-19.57,-47.55,,,,,2024,False
1888.T,2024-10-07,3370.0,3235.5,-3.99,66,2.23,-0.84,7.15,,,,,2024,False
3489.T,2024-10-07,511.8,507.1,-0.91,119,-4.71,3.12,8.16,,,,,2024,False
4238.T,2024-10-07,1405.0,1201.4,-14.48,64,-0.61,-9.7,-25.41,,,,,2024,False
3928.T,2024-10-07,430.0,376.6,-12.43,3,-13.95,-26.51,-53.72,,,,,2024,False
2345.T,2024-10-07,297.0,392.0,31.99,33,16.5,26.6,-30.64,,,,,2024,False
4377.T,2024-10-04,1455.0,1464.0,0.62,65,-7.78,5.51,-5.38,,,,,2024,False
3968.T,2024-10-04,569.7,556.7,-2.28,86,0.34,10.78,-28.9,,,,,2024,False
3989.T,2024-10-04,885.0,762.7,-13.83,3,-16.68,-7.97,-1.38,,,,,2024,False
2820.T,2024-10-04,4316.2,3805.6,-11.83,12,-17.29,-21.93,-13.15,,,,,2024,False
3692.T,2024-10-04,2127.3,1954.4,-8.13,13,-5.84,2.06,26.32,,,,,2024,False
4418.T,2024-10-03,862.0,983.4,14.09,53,2.32,9.16,-13.69,,,,,2024,False
2156.T,2024-10-03,648.2,744.7,14.88,3,-17.56,-40.92,-48.88,,,,,2024,False
4258.T,2024-10-03,1569.6,1368.0,-12.84,10,-14.52,10.78,18.54,,,,,2024,False
2294.T,2024-10-02,2525.1,2852.9,12.98,119,-0.26,7.82,12.42,,,,,2024,False
3333.T,2024-10-02,1619.8,1413.1,-12.76,25,-11.64,-11.35,-15.04,,,,,2024,False
3981.T,2024-10-02,1381.5,1906.5,38.0,50,-3.53,17.11,-0.62,,,,,2024,False
3300.T,2024-10-02,1905.3,1650.3,-13.38,14,-9.95,15.8,1.75,,,,,2024,False
3997.T,2024-10-02,138.0,124.2,-10.05,3,-15.98,-1.27,-14.11,,,,,2024,False
4222.T,2024-10-02,371.6,324.3,-12.73,12,-16.53,-1.87,5.33,,,,,2024,False
4264.T,2024-10-01,1750.0,1802.0,2.97,15,5.94,3.77,-7.43,,,,,2024,False
2915.T,2024-10-01,2222.0,1937.6,-12.8,54,-5.52,-11.9,-18.88,,,,,2024,False
2217.T,2024-10-01,1478.6,1707.6,15.48,119,2.43,7.4,14.21,,,,,2024,False
3452.T,2024-10-01,964.9,1240.2,28.53,51,8.57,27.9,37.18,,,,,2024,False
3358.T,2024-10-01,111.0,98.6,-11.17,15,-15.32,-18.92,-20.72,,,,,2024,False
4288.T,2024-10-01,616.0,527.0,-14.45,10,-17.69,-19.48,-17.69,,,,,2024,False
2148.T,2024-10-01,1468.2,1414.5,-3.66,119,-3.21,-5.33,-5.21,,,,,2024,False
3663.T,2024-09-30,1190.3,1204.4,1.18,71,6.51,10.41,-2.97,,,,,2024,False
4058.T,2024-09-30,2246.6,1936.5,-13.81,14,-6.28,-7.16,2.96,,,,,2024,False
3261.T,2024-09-30,1355.1,1168.2,-13.79,30,-6.17,-14.89,-20.45,,,,,2024,False
4346.T,2024-09-30,833.0,731.2,-12.22,30,-8.76,-10.4,-7.59,,,,,2024,False
3719.T,2024-09-30,287.6,252.0,-12.37,9,-5.5,-25.77,-22.68,,,,,2024,False
3176.T,2024-09-30,1430.5,1418.9,-0.81,119,-3.45,6.76,-0.2,,,,,2024,False
2305.T,2024-09-27,1962.1,2050.9,4.52,119,-0.92,2.08,1.89,,,,,2024,False
3541.T,2024-09-27,318.0,322.2,1.31,0,-19.5,-26.73,5.03,,,,,2024,False
3791.T,2024-09-27,2149.4,1757.7,-18.22,10,-17.16,15.63,-7.77,,,,,2024,False
2209.T,2024-09-27,2463.1,2423.7,-1.6,119,-3.82,-2.21,-3.96,,,,,2024,False
2226.T,2024-09-27,4881.8,4398.5,-9.9,93,-1.1,-5.2,-9.81,,,,,2024,False
3199.T,2024-09-27,1673.9,1453.1,-13.19,47,-4.37,-8.86,-6.28,,,,,2024,False
3031.T,2024-09-27,702.2,635.0,-9.57,43,0.93,-4.33,29.27,,,,,2024,False
3321.T,2024-09-27,1098.6,1136.0,3.4,119,-3.3,6.94,3.06,,,,,2024,False
3093.T,2024-09-27,1680.6,1430.3,-14.89,9,-22.14,-19.95,8.53,,,,,2024,False
3687.T,2024-09-27,1638.1,1404.2,-14.28,17,-11.73,8.83,-2.06,,,,,2024,False
2418.T,2024-09-27,397.8,603.1,51.62,119,-3.64,4.85,47.19,,,,,2024,False
3271.T,2024-09-26,688.7,585.4,-15.0,17,-14.92,-11.44,30.4,,,,,2024,False
4390.T,2024-09-26,2263.6,2311.0,2.1,70,2.08,9.65,-2.42,,,,,2024,False
3205.T,2024-09-26,813.0,990.9,21.88,119,-6.34,-6.34,7.41,,,,,2024,False
3371.T,2024-09-26,1754.4,1937.8,10.45,97,10.05,24.32,15.17,,,,,2024,False
3983.T,2024-09-26,2581.5,2197.6,-14.87,16,-15.02,-11.96,-3.23,,,,,2024,False
2378.T,2024-09-25,1044.8,1088.9,4.22,119,-1.32,-5.54,6.29,,,,,2024,False
4026.T,2024-09-25,1877.8,1787.0,-4.84,10,-9.04,-20.54,-20.54,,,,,2024,False
3542.T,2024-09-25,769.3,685.1,-10.94,35,-6.11,-25.19,4.96,,,,,2024,False
4392.T,2024-09-25,316.7,262.5,-17.12,34,-10.81,-9.61,-16.62,,,,,2024,False
3696.T,2024-09-24,1439.0,1227.1,-14.72,20,-13.27,112.22,69.93,,,,,2024,False
2108.T,2024-09-24,2633.7,2299.6,-12.69,24,-9.76,-16.94,-14.11,,,,,2024,False
3486.T,2024-09-20,1134.4,986.8,-13.01,19,-12.5,14.08,62.37,,,,,2024,False
4014.T,2024-09-20,590.0,508.3,-13.85,33,-10.0,-21.86,-27.29,,,,,2024,False
3393.T,2024-09-20,1833.0,2123.8,15.87,119,-5.6,12.89,16.67,,,,,2024,False
3284.T,2024-09-20,977.5,989.3,1.21,119,-4.6,-6.48,2.9,,,,,2024,False
4344.T,2024-09-20,203.0,207.4,2.17,35,0.0,-21.18,14.78,,,,,2024,False
2469.T,2024-09-20,3304.5,3025.7,-8.44,26,-5.42,-14.88,-22.49,,,,,2024,False
2983.T,2024-09-20,577.8,665.4,15.16,73,-4.84,17.26,24.23,,,,,2024,False
3653.T,2024-09-19,1848.0,1584.4,-14.26,16,-16.23,-27.87,-33.71,,,,,2024,False
3193.T,2024-09-19,3844.4,3565.6,-7.25,22,-3.56,-28.32,-32.94,,,,,2024,False
2216.T,2024-09-19,1153.8,986.2,-14.53,18,-15.44,-10.57,-8.13,,,,,2024,False
2410.T,2024-09-18,1713.2,1692.9,-1.18,119,0.27,1.27,-1.02,,,,,2024,False
2053.T,2024-09-18,1399.7,1244.3,-11.1,39,-5.34,-11.63,-4.94,,,,,2024,False
2440.T,2024-09-17,374.0,319.0,-14.71,13,-10.43,-23.8,-15.51,,,,,2024,False
3921.T,2024-09-13,1809.6,1766.5,-2.38,60,5.34,-1.85,-17.35,,,,,2024,False
2354.T,2024-09-13,742.8,662.3,-10.84,24,-6.7,-7.22,-16.81,,,,,2024,False
3623.T,2024-09-13,1677.4,1475.5,-12.04,6,-23.26,-12.86,-30.14,,,,,2024,False
3565.T,2024-09-13,190.9,196.7,3.03,34,15.66,47.81,112.4,,,,,2024,False
4417.T,2024-09-12,3136.0,2878.7,-8.2,19,-9.56,-23.2,-15.2,,,,,2024,False
3625.T,2024-09-12,594.8,525.8,-11.6,1,-14.5,-5.83,14.0,,,,,2024,False
3788.T,2024-09-12,2698.5,2470.9,-8.43,39,2.78,-8.3,-16.94,,,,,2024,False
4396.T,2024-09-12,998.6,861.9,-13.68,27,-7.69,-11.65,-0.08,,,,,2024,False
3841.T,2024-09-12,1721.5,1512.7,-12.13,1,-16.83,-29.74,-22.66,,,,,2024,False
4323.T,2024-09-12,1780.3,1647.1,-7.48,26,-1.46,6.18,-2.06,,,,,2024,False
2674.T,2024-09-11,1738.8,1646.6,-5.31,51,6.47,-3.5,0.95,,,,,2024,False
2776.T,2024-09-11,191.0,190.4,-0.31,1,-21.47,-12.57,-25.13,,,,,2024,False
4092.T,2024-09-11,2519.8,2377.7,-5.64,40,5.82,-11.58,-13.41,,,,,2024,False
2923.T,2024-09-11,7501.3,6967.8,-7.11,60,5.1,-6.14,-12.55,,,,,2024,False
3053.T,2024-09-10,162.0,189.5,17.01,20,17.28,20.99,17.28,,,,,2024,False
2134.T,2024-09-10,19.0,25.5,34.21,7,5.26,0.0,0.0,,,,,2024,False
2735.T,2024-09-10,807.0,698.1,-13.49,20,-14.57,-17.3,-17.62,,,,,2024,False
3440.T,2024-09-10,989.7,909.4,-8.12,22,5.76,-10.05,-11.71,,,,,2024,False
2882.T,2024-09-10,2000.2,2031.4,1.56,119,6.63,7.02,1.22,,,,,2024,False
2193.T,2024-09-10,190.0,174.2,-8.29,18,-9.47,-14.74,-30.0,,,,,2024,False
3221.T,2024-09-09,3149.1,3178.7,0.94,35,13.59,3.42,-9.63,,,,,2024,False
4165.T,2024-09-09,1005.0,1400.0,39.3,53,-8.26,18.61,12.04,,,,,2024,False
3416.T,2024-09-09,949.2,956.7,0.79,12,3.4,31.81,-6.61,,,,,2024,False
3675.T,2024-09-06,641.9,666.4,3.83,105,0.76,7.1,8.86,,,,,2024,False
4316.T,2024-09-06,587.0,562.7,-4.14,0,-14.99,-33.22,-40.89,,,,,2024,False
4393.T,2024-09-04,5630.0,4998.0,-11.23,4,2.84,-7.28,41.39,,,,,2024,False
2813.T,2024-09-04,4208.1,4465.0,6.1,46,12.3,24.6,4.33,,,,,2024,False
3611.T,2024-09-04,1543.8,1767.9,14.51,119,10.49,7.05,15.28,,,,,2024,False
2315.T,2024-09-03,51.0,44.2,-13.33,24,-9.8,5.88,13.73,,,,,2024,False
4386.T,2024-09-03,632.9,603.9,-4.59,47,0.69,3.7,2.19,,,,,2024,False
3083.T,2024-09-03,864.6,761.0,-11.99,8,-18.95,-5.25,-25.68,,,,,2024,False
2933.T,2024-09-03,1142.7,1016.4,-11.06,70,-2.7,-6.58,-10.2,,,,,2024,False
3900.T,2024-09-03,1355.9,1419.5,4.69,80,-6.41,16.23,-15.55,,,,,2024,False
2586.T,2024-09-03,87.0,118.2,35.8,9,37.93,96.55,50.57,,,,,2024,False
3388.T,2024-09-02,1423.8,1407.1,-1.17,119,-2.96,-8.26,0.35,,,,,2024,False
4054.T,2024-09-02,824.8,844.0,2.33,8,10.79,40.77,14.15,,,,,2024,False
4015.T,2024-09-02,610.0,569.5,-6.64,27,3.28,-19.02,-13.44,,,,,2024,False
3915.T,2024-09-02,2354.1,2077.7,-11.74,4,-9.35,-16.84,-1.64,,,,,2024,False
3679.T,2024-08-30,547.0,503.8,-7.9,46,4.52,-8.52,-25.22,,,,,2024,False
2669.T,2024-08-30,3191.2,3234.2,1.35,119,-2.62,-0.46,1.35,,,,,2024,False
3660.T,2024-08-30,527.0,488.1,-7.39,5,-2.46,-18.75,-13.26,,,,,2024,False
2498.T,2024-08-30,2122.8,2460.9,15.93,111,-3.62,-4.53,8.2,,,,,2024,False
2459.T,2024-08-30,244.0,210.8,-13.61,0,-25.0,-26.64,-10.66,,,,,2024,False
3836.T,2024-08-29,1760.3,1932.5,9.78,42,22.36,20.91,4.86,,,,,2024,False
3139.T,2024-08-29,2994.2,2569.2,-14.19,35,-5.75,-8.57,-5.97,,,,,2024,False
3815.T,2024-08-29,496.0,425.8,-14.14,19,-14.31,-12.3,4.23,,,,,2024,False
2153.T,2024-08-29,1680.1,1532.8,-8.77,119,4.05,-4.49,-8.02,,,,,2024,False
2428.T,2024-08-29,801.3,715.6,-10.7,16,-12.0,4.47,-13.53,,,,,2024,False
3421.T,2024-08-29,1665.4,1639.0,-1.58,119,0.98,1.85,-1.35,,,,,2024,False
2932.T,2024-08-29,1547.5,1620.5,4.72,51,22.18,2.36,-22.04,,,,,2024,False
3939.T,2024-08-29,503.0,491.3,-2.33,51,2.97,-1.73,-12.3,,,,,2024,False
4059.T,2024-08-28,715.0,640.0,-10.49,4,-15.1,-20.14,-22.94,,,,,2024,False
3196.T,2024-08-28,2168.7,2030.6,-6.36,84,7.79,-4.33,-4.27,,,,,2024,False
3035.T,2024-08-28,582.0,535.9,-7.92,119,-5.26,-8.72,-7.08,,,,,2024,False
4112.T,2024-08-28,2337.0,2096.4,-10.3,7,-6.14,-22.19,-35.88,,,,,2024,False
3918.T,2024-08-28,1007.5,886.6,-12.0,37,-3.01,-12.31,-11.56,,,,,2024,False
2594.T,2024-08-27,2083.5,2051.9,-1.51,119,-3.28,-2.47,-1.04,,,,,2024,False
2158.T,2024-08-27,716.0,663.0,-7.4,32,1.26,-15.64,-15.92,,,,,2024,False
4113.T,2024-08-27,934.1,840.4,-10.03,8,-4.72,9.74,8.11,,,,,2024,False
3665.T,2024-08-27,319.5,272.9,-14.57,38,-5.14,-13.14,-6.03,,,,,2024,False
2477.T,2024-08-27,3641.1,3199.3,-12.13,8,-3.37,-6.07,-15.25,,,,,2024,False
2792.T,2024-08-27,1540.8,1575.5,2.25,119,6.42,1.11,3.07,,,,,2024,False
3793.T,2024-08-27,1101.0,935.8,-15.0,1,-38.87,-35.51,-13.9,,,,,2024,False
3680.T,2024-08-27,326.7,307.6,-5.84,22,0.3,-21.56,-23.05,,,,,2024,False
2173.T,2024-08-27,633.7,547.4,-13.63,8,-1.48,-18.96,-18.09,,,,,2024,False
3179.T,2024-08-26,1262.9,1148.3,-9.08,6,-8.29,-25.46,-25.61,,,,,2024,False
2370.T,2024-08-26,46.0,47.6,3.48,11,0.0,-8.7,-21.74,,,,,2024,False
3182.T,2024-08-26,1267.1,1240.4,-2.11,45,11.64,30.86,0.39,,,,,2024,False
3937.T,2024-08-23,1279.1,1184.6,-7.39,50,5.61,-0.29,-1.97,,,,,2024,False
3678.T,2024-08-23,1416.4,1248.5,-11.85,35,-5.99,-9.56,10.77,,,,,2024,False
3798.T,2024-08-23,525.4,481.4,-8.38,9,-3.34,-7.88,-8.63,,,,,2024,False
3529.T,2024-08-23,763.0,782.0,2.49,45,3.54,23.2,48.49,,,,,2024,False
3431.T,2024-08-23,1923.0,1723.6,-10.37,61,-1.76,-9.03,-13.63,,,,,2024,False
4064.T,2024-08-22,1607.4,1803.2,12.18,119,-1.2,-3.14,11.83,,,,,2024,False
3558.T,2024-08-22,2000.5,1898.2,-5.12,34,7.51,-10.11,-33.12,,,,,2024,False
2753.T,2024-08-22,1780.2,1665.3,-6.45,36,3.59,-12.24,-14.8,,,,,2024,False
2325.T,2024-08-22,3580.3,3417.5,-4.55,58,-6.49,-1.76,21.78,,,,,2024,False
4197.T,2024-08-22,2353.7,2336.7,-0.72,119,1.02,9.71,-1.3,,,,,2024,False
2884.T,2024-08-21,1579.0,1626.9,3.03,27,15.33,-8.68,-40.53,,,,,2024,False
3489.T,2024-08-21,475.3,561.2,18.07,119,6.09,7.1,18.14,,,,,2024,False
1888.T,2024-08-21,3473.3,3083.9,-11.21,11,-7.3,-3.51,-3.92,,,,,2024,False
2162.T,2024-08-21,409.6,372.8,-8.99,40,2.12,-21.7,-13.44,,,,,2024,False
1914.T,2024-08-21,661.7,621.7,-6.04,12,-2.95,-16.85,-3.93,,,,,2024,False
3776.T,2024-08-21,205.2,188.6,-8.1,12,0.48,-13.33,-25.29,,,,,2024,False
1930.T,2024-08-21,1082.8,1159.7,7.11,119,1.55,-2.02,4.3,,,,,2024,False
4377.T,2024-08-20,1345.1,1464.0,8.84,96,7.93,18.9,37.21,,,,,2024,False
1964.T,2024-08-20,2571.3,3164.3,23.07,119,-4.43,1.44,28.64,,,,,2024,False
3989.T,2024-08-20,639.2,702.8,9.93,15,26.45,41.1,42.27,,,,,2024,False
3968.T,2024-08-20,610.4,559.0,-8.41,26,0.63,-2.86,-25.14,,,,,2024,False
2820.T,2024-08-20,4111.4,4203.5,2.24,23,11.98,-11.63,-23.08,,,,,2024,False
3692.T,2024-08-20,1789.3,2518.0,40.72,26,32.56,4.89,54.83,,,,,2024,False
4258.T,2024-08-19,1527.3,1585.8,3.83,28,13.84,-3.32,18.4,,,,,2024,False
3548.T,2024-08-16,715.4,706.3,-1.27,119,-3.16,-2.03,-1.27,,,,,2024,False
3494.T,2024-08-16,557.9,520.6,-6.68,0,-28.67,-35.2,-36.62,,,,,2024,False
3333.T,2024-08-16,1366.0,1413.1,3.45,56,12.21,3.61,2.15,,,,,2024,False
3300.T,2024-08-16,1534.7,1650.3,7.53,45,9.81,24.02,27.31,,,,,2024,False
3662.T,2024-08-16,633.6,614.5,-3.01,17,-4.6,-7.67,40.49,,,,,2024,False
2294.T,2024-08-16,2463.7,2664.0,8.13,119,2.03,5.44,9.01,,,,,2024,False
4374.T,2024-08-16,2385.4,2236.8,-6.23,12,-5.7,-2.39,-3.56,,,,,2024,False
4167.T,2024-08-16,451.0,419.9,-6.9,20,-3.55,-16.63,-12.2,,,,,2024,False
3981.T,2024-08-16,1314.6,1906.5,45.03,81,0.95,-4.07,31.25,,,,,2024,False
2915.T,2024-08-15,2104.1,2025.7,-3.73,46,5.73,1.96,-15.97,,,,,2024,False
3452.T,2024-08-15,872.2,1240.2,42.19,82,-0.63,24.69,38.0,,,,,2024,False
2009.T,2024-08-14,622.6,659.0,5.85,83,-0.88,-1.17,17.71,,,,,2024,False
3176.T,2024-08-14,1289.6,1470.3,14.01,119,3.45,8.42,16.65,,,,,2024,False
3663.T,2024-08-14,805.8,1204.4,49.47,102,20.19,69.35,53.4,,,,,2024,False
3667.T,2024-08-14,324.0,293.2,-9.49,0,-44.75,-46.3,-57.72,,,,,2024,False
4058.T,2024-08-14,1750.6,1936.5,10.62,45,15.38,8.34,46.49,,,,,2024,False
2148.T,2024-08-14,1519.8,1503.8,-1.05,119,-3.28,-7.96,0.82,,,,,2024,False
3719.T,2024-08-14,246.1,236.0,-4.08,17,2.41,0.4,-2.01,,,,,2024,False
3925.T,2024-08-13,1493.9,1614.9,8.1,119,-10.12,0.0,9.75,,,,,2024,False
3791.T,2024-08-13,1805.4,1887.8,4.56,39,15.47,27.37,31.83,,,,,2024,False
4251.T,2024-08-13,1316.5,1142.8,-13.19,1,-28.84,-27.27,-24.65,,,,,2024,False
2305.T,2024-08-13,1987.8,2010.6,1.15,119,-2.49,-2.15,1.34,,,,,2024,False
3093.T,2024-08-13,1690.7,1612.5,-4.62,34,-3.63,-25.69,-11.86,,,,,2024,False
4404.T,2024-08-09,1281.5,1304.0,1.76,54,11.51,5.61,11.6,,,,,2024,False
3205.T,2024-08-09,760.6,715.2,-5.97,67,4.07,-2.15,14.35,,,,,2024,False
3271.T,2024-08-09,499.5,585.4,17.2,48,17.69,22.12,25.38,,,,,2024,False
3199.T,2024-08-08,1621.9,1507.1,-7.08,68,1.96,-2.97,-0.95,,,,,2024,False
3542.T,2024-08-08,788.9,761.2,-3.5,24,3.97,-10.42,-8.06,,,,,2024,False
4026.T,2024-08-08,1423.2,1614.6,13.45,18,8.48,20.13,13.36,,,,,2024,False
2108.T,2024-08-07,2124.3,2317.8,9.11,55,19.11,10.92,1.49,,,,,2024,False
3189.T,2024-08-07,281.0,282.2,0.43,8,-8.19,34.88,33.1,,,,,2024,False
3393.T,2024-08-06,1749.0,2087.8,19.37,119,6.04,1.83,21.96,,,,,2024,False
2469.T,2024-08-06,2125.8,2817.2,32.53,22,44.46,38.41,40.68,,,,,2024,False
4025.T,2024-08-06,3545.6,3387.4,-4.46,65,3.13,-0.41,-8.12,,,,,2024,False
4344.T,2024-08-06,191.0,207.4,8.59,66,6.28,20.94,21.99,,,,,2024,False
2216.T,2024-08-05,804.6,986.2,22.57,49,24.05,17.95,46.56,,,,,2024,False
2217.T,2024-08-02,1362.6,1628.4,19.5,119,9.83,11.03,16.82,,,,,2024,False
2053.T,2024-08-02,1284.4,1256.1,-2.2,68,12.31,-0.97,-7.59,,,,,2024,False
2440.T,2024-08-01,311.0,333.2,7.14,40,23.79,0.32,-9.97,,,,,2024,False
4424.T,2024-08-01,599.0,549.9,-8.19,0,-43.74,-42.4,-45.74,,,,,2024,False
3109.T,2024-07-31,1046.5,894.2,-14.56,2,-6.16,-9.97,-9.89,,,,,2024,False
3623.T,2024-07-31,1371.6,1339.4,-2.35,1,11.39,-5.59,-11.58,,,,,2024,False
3932.T,2024-07-31,2238.4,1902.7,-15.0,2,-11.78,-9.93,28.32,,,,,2024,False
3159.T,2024-07-31,324.0,310.4,-4.2,119,-2.4,-6.01,-6.63,,,,,2024,False
3921.T,2024-07-31,1679.6,1430.1,-14.85,2,4.44,6.55,-1.47,,,,,2024,False
4417.T,2024-07-30,2450.0,2339.7,-4.5,2,26.0,5.53,7.74,,,,,2024,False
3687.T,2024-07-30,1661.0,1235.0,-25.65,3,-6.66,-12.95,3.03,,,,,2024,False
4323.T,2024-07-30,1621.1,1377.9,-15.0,3,1.25,8.33,10.24,,,,,2024,False
3841.T,2024-07-30,2930.2,2889.1,-1.4,1,-54.53,-51.71,-55.46,,,,,2024,False
3457.T,2024-07-29,1026.4,880.6,-14.2,4,0.66,-3.0,14.73,,,,,2024,False
4092.T,2024-07-29,2296.5,1899.1,-17.31,4,14.2,8.65,-3.03,,,,,2024,False
2674.T,2024-07-29,1896.5,1658.3,-12.56,4,0.73,-7.2,-5.59,,,,,2024,False
2776.T,2024-07-29,144.0,120.0,-16.67,4,20.83,18.06,-6.94,,,,,2024,False
2998.T,2024-07-29,871.8,725.5,-16.78,3,-14.08,-24.55,-35.9,,,,,2024,False
2735.T,2024-07-26,696.9,639.0,-8.3,5,0.93,-3.55,-9.31,,,,,2024,False
3440.T,2024-07-26,1019.1,848.0,-16.79,5,2.2,-20.03,-15.96,,,,,2024,False
3788.T,2024-07-26,2883.0,2412.1,-16.33,5,-4.6,-10.67,-19.11,,,,,2024,False
2193.T,2024-07-26,205.0,176.0,-14.15,5,1.46,-18.54,-28.29,,,,,2024,False
3053.T,2024-07-26,147.0,123.0,-16.33,5,19.05,29.25,6.8,,,,,2024,False
3221.T,2024-07-25,2943.1,2560.0,-13.02,6,3.33,10.66,-0.83,,,,,2024,False
3416.T,2024-07-25,972.3,833.8,-14.25,6,-4.18,-4.65,5.44,,,,,2024,False
4165.T,2024-07-25,961.0,863.6,-10.14,5,20.29,-5.1,-12.17,,,,,2024,False
3676.T,2024-07-24,956.4,867.9,-9.25,6,-17.99,-20.02,-19.32,,,,,2024,False
2676.T,2024-07-24,1792.1,1608.0,-10.27,7,3.23,5.39,1.32,,,,,2024,False
2268.T,2024-07-23,4185.3,3917.4,-6.4,119,-3.72,-2.33,-6.28,,,,,2024,False
4073.T,2024-07-23,782.0,674.9,-13.7,7,-15.6,-17.14,-34.4,,,,,2024,False
2813.T,2024-07-22,6086.8,5198.3,-14.6,8,-32.76,-17.64,-10.39,,,,,2024,False
3996.T,2024-07-22,617.0,476.0,-22.85,9,-11.83,-18.96,-34.52,,,,,2024,False
3083.T,2024-07-19,865.6,766.0,-11.51,5,-4.45,-4.68,-17.22,,,,,2024,False
2134.T,2024-07-19,21.0,19.6,-6.9,4,-4.76,-4.76,-9.52,,,,,2024,False
4386.T,2024-07-19,720.7,726.1,0.74,0,-14.51,-5.11,-11.57,,,,,2024,False
3154.T,2024-07-19,872.8,709.4,-18.72,10,-10.43,-4.71,-5.94,,,,,2024,False
3649.T,2024-07-19,1042.6,919.0,-11.85,10,-10.55,-21.18,-16.2,,,,,2024,False
3323.T,2024-07-19,90.3,78.6,-12.9,10,-18.28,-26.36,-30.76,,,,,2024,False
3168.T,2024-07-18,745.3,646.9,-13.21,10,-15.6,-27.59,-32.19,,,,,2024,False
3565.T,2024-07-18,192.8,169.4,-12.17,10,-14.17,14.5,49.17,,,,,2024,False
3915.T,2024-07-18,2170.8,1780.2,-17.99,11,1.28,-12.69,19.13,,,,,2024,False
2982.T,2024-07-17,216.0,170.4,-21.12,12,-8.62,-9.91,-11.96,,,,,2024,False
3547.T,2024-07-17,1714.4,1510.0,-11.92,11,-17.29,-13.67,-24.53,,,,,2024,False
3939.T,2024-07-16,548.7,500.3,-8.82,12,-13.48,0.49,-15.48,,,,,2024,False
3922.T,2024-07-16,2013.8,1760.5,-12.58,10,-18.97,-22.56,-0.34,,,,,2024,False
2153.T,2024-07-16,1788.8,1519.5,-15.06,13,-11.99,-8.82,-14.58,,,,,2024,False
3139.T,2024-07-16,2899.6,2492.8,-14.03,13,-1.47,-5.12,-6.02,,,,,2024,False
3469.T,2024-07-16,1032.9,913.3,-11.58,13,-7.94,-1.91,3.64,,,,,2024,False
2428.T,2024-07-16,669.3,561.9,-16.06,13,8.03,4.23,13.52,,,,,2024,False
1929.T,2024-07-16,1059.6,905.3,-14.56,13,-8.5,-9.37,-12.02,,,,,2024,False
3421.T,2024-07-16,1762.7,1489.1,-15.52,13,-10.71,-2.84,-6.01,,,,,2024,False
2932.T,2024-07-16,1633.3,1407.7,-13.81,13,-0.58,13.04,-9.27,,,,,2024,False
3836.T,2024-07-16,1404.1,1198.5,-14.64,12,16.05,64.82,31.39,,,,,2024,False
4231.T,2024-07-16,806.5,687.8,-14.72,12,-16.96,-17.38,-20.01,,,,,2024,False
2163.T,2024-07-12,1897.3,1612.7,-15.0,13,-12.17,-12.17,-2.43,,,,,2024,False
3321.T,2024-07-12,1115.4,987.2,-11.49,14,-9.08,-3.58,-4.44,,,,,2024,False
3196.T,2024-07-12,2438.4,2025.4,-16.94,14,-6.04,-7.25,-20.08,,,,,2024,False
4318.T,2024-07-12,685.0,588.4,-14.09,14,-11.38,-6.56,-0.93,,,,,2024,False
4112.T,2024-07-12,2525.2,2199.0,-12.92,13,-4.72,-15.99,-30.95,,,,,2024,False
4176.T,2024-07-12,401.0,353.6,-11.82,12,-18.95,-21.95,-17.21,,,,,2024,False
3024.T,2024-07-12,1111.4,1024.0,-7.86,12,-12.68,-10.59,-7.44,,,,,2024,False
2594.T,2024-07-11,2049.9,2012.2,-1.83,119,0.48,-3.43,-1.54,,,,,2024,False
3696.T,2024-07-11,1489.1,1486.7,-0.16,14,-21.9,-12.83,78.42,,,,,2024,False
3680.T,2024-07-11,367.8,357.5,-2.79,12,-19.95,-17.55,-31.38,,,,,2024,False
2477.T,2024-07-11,3478.9,3303.7,-5.04,15,0.28,-3.81,-12.72,,,,,2024,False
3276.T,2024-07-11,1125.5,996.9,-11.42,15,-3.14,-4.62,-7.92,,,,,2024,False
3179.T,2024-07-10,1416.7,1218.4,-14.0,15,-12.43,-28.06,-32.5,,,,,2024,False
3984.T,2024-07-10,2062.7,1875.1,-9.1,15,-19.34,-11.73,-12.06,,,,,2024,False
3529.T,2024-07-09,578.0,690.0,19.38,38,29.41,51.56,74.22,,,,,2024,False
2488.T,2024-07-09,924.3,832.9,-9.89,17,-9.08,2.0,18.64,,,,,2024,False
3678.T,2024-07-09,1445.0,1230.7,-14.83,16,-12.28,-10.69,-6.07,,,,,2024,False
3798.T,2024-07-09,456.2,425.9,-6.65,16,-2.78,11.32,10.26,,,,,2024,False
3431.T,2024-07-09,2219.1,1753.6,-20.98,17,-19.65,-15.1,-18.63,,,,,2024,False
4011.T,2024-07-09,5590.0,5176.5,-7.4,9,-21.11,-9.21,-1.97,,,,,2024,False
2418.T,2024-07-09,473.1,421.9,-10.82,16,-21.22,-18.16,-11.01,,,,,2024,False
3937.T,2024-07-09,1319.1,1144.0,-13.28,16,-21.96,-4.17,-7.77,,,,,2024,False
2753.T,2024-07-08,1818.6,1559.7,-14.24,18,-10.37,-3.67,-9.63,,,,,2024,False
4064.T,2024-07-08,1856.4,1646.2,-11.33,16,-21.36,-12.47,-9.27,,,,,2024,False
3140.T,2024-07-08,992.1,989.1,-0.3,119,-3.82,-2.41,-0.2,,,,,2024,False
3927.T,2024-07-08,1225.3,1104.5,-9.86,14,-53.63,-45.56,-45.48,,,,,2024,False
2983.T,2024-07-08,503.6,447.2,-11.2,16,-17.01,13.99,43.23,,,,,2024,False
3558.T,2024-07-08,1885.6,1874.8,-0.58,16,-13.27,8.54,-21.55,,,,,2024,False
2325.T,2024-07-08,4156.0,3697.1,-11.04,11,-19.67,-7.45,-17.04,,,,,2024,False
4347.T,2024-07-08,1710.0,1547.2,-9.52,16,-12.84,-18.23,-5.78,,,,,2024,False
3744.T,2024-07-05,594.0,546.6,-7.99,17,-22.39,-26.77,-41.25,,,,,2024,False
3040.T,2024-07-05,1214.3,1054.4,-13.17,18,-27.27,1.62,-5.57,,,,,2024,False
3776.T,2024-07-05,206.2,171.0,-17.06,18,-26.07,0.47,-13.25,,,,,2024,False
3983.T,2024-07-05,2621.9,2264.6,-13.63,18,-17.43,-14.42,-8.56,,,,,2024,False
4392.T,2024-07-05,325.2,288.6,-11.27,14,-23.68,-6.43,-17.03,,,,,2024,False
3489.T,2024-07-05,579.0,513.7,-11.28,17,-24.21,-10.93,-10.46,,,,,2024,False
4264.T,2024-07-05,2131.0,1820.0,-14.59,12,-34.63,-21.77,-15.91,,,,,2024,False
1888.T,2024-07-05,3135.3,2748.8,-12.33,19,-5.09,8.38,10.03,,,,,2024,False
2884.T,2024-07-05,1570.0,1576.8,0.43,6,-12.29,3.5,-16.37,,,,,2024,False
1904.T,2024-07-05,4149.5,3566.7,-14.04,19,-12.7,-6.87,-13.95,,,,,2024,False
2315.T,2024-07-05,56.0,53.6,-4.38,17,-17.86,-17.86,-5.36,,,,,2024,False
2415.T,2024-07-04,1475.5,1295.9,-12.17,20,-23.91,-10.37,-1.55,,,,,2024,False
4377.T,2024-07-04,1245.0,1134.9,-8.84,19,-25.43,12.12,27.15,,,,,2024,False
2820.T,2024-07-04,3184.7,4203.5,31.99,54,-1.68,34.46,13.85,,,,,2024,False
2933.T,2024-07-04,1228.5,1051.6,-14.4,20,-16.63,-9.18,-15.53,,,,,2024,False
3968.T,2024-07-04,621.0,529.0,-14.82,20,-21.22,-10.14,0.67,,,,,2024,False
2354.T,2024-07-04,765.4,665.1,-13.11,19,-27.9,-8.45,-21.21,,,,,2024,False
1964.T,2024-07-04,3067.2,2697.6,-12.05,14,-31.31,-19.61,6.03,,,,,2024,False
2652.T,2024-07-04,498.2,497.2,-0.2,19,-19.36,-21.97,-21.77,,,,,2024,False
3286.T,2024-07-04,741.8,665.2,-10.33,20,-22.64,4.97,4.34,,,,,2024,False
3692.T,2024-07-04,2229.7,2288.1,2.62,9,-25.59,-5.04,-10.83,,,,,2024,False
4288.T,2024-07-04,765.0,739.5,-3.33,0,-26.01,-23.66,-33.46,,,,,2024,False
3134.T,2024-07-03,1068.2,995.0,-6.85,20,-7.04,-8.0,13.81,,,,,2024,False
3843.T,2024-07-03,1284.7,1092.2,-14.99,21,-8.31,-14.24,7.57,,,,,2024,False
3042.T,2024-07-03,335.7,298.6,-11.05,1,-16.86,-20.35,-19.48,,,,,2024,False
2060.T,2024-07-03,873.2,772.1,-11.58,21,-7.52,-6.54,-13.0,,,,,2024,False
4258.T,2024-07-03,1258.7,1294.5,2.85,14,-0.36,21.34,40.32,,,,,2024,False
3236.T,2024-07-02,199.4,176.9,-11.29,6,-14.08,-12.14,-20.87,,,,,2024,False
4175.T,2024-07-02,1502.0,1343.8,-10.53,6,-11.25,-13.45,-7.92,,,,,2024,False
3333.T,2024-07-02,1404.2,1413.1,0.64,87,-2.45,15.22,1.73,,,,,2024,False
2378.T,2024-07-02,1006.6,886.4,-11.94,22,-1.65,-0.79,-0.89,,,,,2024,False
3662.T,2024-07-02,684.7,618.0,-9.75,21,-7.75,-12.29,37.38,,,,,2024,False
3242.T,2024-07-02,369.4,319.6,-13.49,22,-1.77,-2.78,11.65,,,,,2024,False
4167.T,2024-07-02,490.0,519.4,5.99,14,-0.61,-17.35,-34.49,,,,,2024,False
3374.T,2024-07-01,2871.3,2448.4,-14.73,16,-12.54,-23.7,-24.47,,,,,2024,False
2915.T,2024-07-01,1901.7,1771.6,-6.84,23,7.74,12.61,1.23,,,,,2024,False
4286.T,2024-07-01,1344.6,1420.2,5.62,11,4.58,-30.57,-51.71,,,,,2024,False
3284.T,2024-07-01,1041.7,889.2,-14.64,23,-1.8,-8.55,-11.8,,,,,2024,False
4360.T,2024-07-01,645.9,555.6,-13.99,22,-10.12,-22.85,-16.81,,,,,2024,False
4058.T,2024-06-28,1727.9,1620.4,-6.22,22,2.91,25.46,21.63,,,,,2024,False
2148.T,2024-06-28,1714.7,1440.6,-15.98,24,-1.82,-13.18,-20.97,,,,,2024,False
3663.T,2024-06-28,836.8,761.5,-9.0,23,1.16,42.36,59.03,,,,,2024,False
3667.T,2024-06-28,299.0,254.0,-15.05,17,19.4,-37.12,-52.51,,,,,2024,False
3193.T,2024-06-28,3611.6,3321.9,-8.02,23,1.16,13.08,-23.78,,,,,2024,False
3597.T,2024-06-28,10312.9,8931.6,-13.39,24,-5.78,-8.62,-18.72,,,,,2024,False
3315.T,2024-06-27,124.0,109.0,-12.1,18,-9.68,-17.74,-25.81,,,,,2024,False
3111.T,2024-06-27,371.0,320.0,-13.75,24,-10.78,-16.17,-19.68,,,,,2024,False
4345.T,2024-06-27,774.5,670.3,-13.45,25,-0.0,6.68,15.62,,,,,2024,False
4251.T,2024-06-27,1570.8,1437.1,-8.51,18,-7.74,-34.23,-40.65,,,,,2024,False
3093.T,2024-06-27,1795.0,1765.0,-1.67,22,4.69,-1.91,-24.3,,,,,2024,False
4027.T,2024-06-27,1534.1,1336.2,-12.9,25,1.53,2.51,-3.49,,,,,2024,False
3791.T,2024-06-27,1162.2,1526.0,31.31,25,59.62,80.33,132.68,,,,,2024,False
2305.T,2024-06-27,2044.9,2004.0,-2.0,119,-1.67,-2.28,-2.33,,,,,2024,False
3271.T,2024-06-26,467.8,427.8,-8.54,25,2.46,38.19,29.57,,,,,2024,False
4100.T,2024-06-26,2146.0,1882.8,-12.27,25,-9.88,-16.87,-45.95,,,,,2024,False
4404.T,2024-06-26,1382.0,1240.0,-10.27,26,1.33,7.74,2.4,,,,,2024,False
3010.T,2024-06-26,225.4,195.7,-13.18,19,-8.97,-23.93,-40.17,,,,,2024,False
4199.T,2024-06-26,1719.0,1462.0,-14.95,1,-38.86,-47.59,-59.34,,,,,2024,False
3925.T,2024-06-26,1580.1,1411.5,-10.67,26,1.39,-10.15,-8.87,,,,,2024,False
3205.T,2024-06-26,626.5,698.4,11.47,5,20.16,33.2,24.42,,,,,2024,False
2788.T,2024-06-26,544.6,496.4,-8.86,14,-11.88,-32.36,-24.1,,,,,2024,False
3679.T,2024-06-26,573.7,489.0,-14.76,26,-4.31,-0.17,-19.57,,,,,2024,False
3815.T,2024-06-25,626.0,591.6,-5.5,25,-4.47,-30.99,-29.07,,,,,2024,False
2751.T,2024-06-25,3462.6,3023.6,-12.68,27,-1.44,-6.9,-1.58,,,,,2024,False
2108.T,2024-06-24,2002.3,2336.6,16.7,27,33.91,34.09,10.05,,,,,2024,False
2997.T,2024-06-24,827.0,997.9,20.67,8,18.62,6.41,12.94,,,,,2024,False
3189.T,2024-06-24,375.0,368.9,-1.63,5,4.8,-30.4,-8.0,,,,,2024,False
3388.T,2024-06-24,1715.0,1420.1,-17.2,25,-2.43,-20.38,-25.87,,,,,2024,False
4237.T,2024-06-24,382.3,324.9,-15.0,27,-10.13,-20.51,-24.3,,,,,2024,False
3544.T,2024-06-24,826.9,717.2,-13.27,28,-1.79,-2.99,-5.5,,,,,2024,False
4344.T,2024-06-21,205.0,206.6,0.76,27,5.85,-2.44,-13.66,,,,,2024,False
4025.T,2024-06-21,4207.4,3732.3,-11.29,29,-4.36,-10.68,-18.83,,,,,2024,False
3133.T,2024-06-21,965.0,878.9,-8.92,19,-8.29,-19.07,1.87,,,,,2024,False
2330.T,2024-06-21,269.0,232.9,-13.42,5,-6.32,-34.2,-27.88,,,,,2024,False
3393.T,2024-06-21,1945.8,1715.6,-11.83,29,1.11,-6.59,4.78,,,,,2024,False
2301.T,2024-06-20,1797.2,1483.9,-17.43,30,-2.81,-12.53,19.17,,,,,2024,False
3176.T,2024-06-20,1455.7,1297.3,-10.88,29,-1.15,-6.12,2.5,,,,,2024,False
2216.T,2024-06-20,743.8,797.6,7.23,30,20.69,43.48,45.42,,,,,2024,False
4026.T,2024-06-20,1729.8,1529.6,-11.57,29,-7.8,-3.54,-12.03,,,,,2024,False
3415.T,2024-06-20,289.2,260.6,-9.87,28,-6.38,-16.78,9.73,,,,,2024,False
2294.T,2024-06-19,2418.4,2575.2,6.48,119,2.97,3.95,8.55,,,,,2024,False
3741.T,2024-06-19,2099.7,1941.6,-7.53,29,2.85,-5.59,-7.88,,,,,2024,False
3452.T,2024-06-19,846.8,713.2,-15.77,31,4.18,2.47,69.21,,,,,2024,False
3837.T,2024-06-19,882.6,822.9,-6.76,30,5.32,-8.25,16.05,,,,,2024,False
2053.T,2024-06-19,1487.1,1284.4,-13.63,31,-1.19,-7.13,-16.12,,,,,2024,False
3683.T,2024-06-19,814.2,699.4,-14.1,30,-2.35,-12.57,-10.11,,,,,2024,False
2217.T,2024-06-19,1539.0,1397.8,-9.18,30,1.48,-4.56,-3.82,,,,,2024,False
2215.T,2024-06-18,679.0,595.0,-12.37,31,-2.65,-4.27,-16.49,,,,,2024,False
3653.T,2024-06-18,1809.0,1694.9,-6.31,29,5.58,-11.44,-5.03,,,,,2024,False
3932.T,2024-06-17,2189.3,2175.1,-0.65,31,9.89,-12.31,12.77,,,,,2024,False
3921.T,2024-06-17,1564.5,1462.6,-6.51,33,12.24,16.09,18.36,,,,,2024,False
2469.T,2024-06-17,2433.8,2237.3,-8.07,32,6.97,34.8,13.6,,,,,2024,False
3687.T,2024-06-14,1897.0,1706.5,-10.04,27,-0.72,-24.78,-9.58,,,,,2024,False
4238.T,2024-06-14,1481.4,1239.4,-16.34,33,-5.29,-14.87,-12.31,,,,,2024,False
4323.T,2024-06-14,1511.1,1502.6,-0.56,33,13.73,12.84,25.8,,,,,2024,False
4417.T,2024-06-14,2621.5,2567.6,-2.06,27,6.36,9.16,-6.06,,,,,2024,False
4092.T,2024-06-13,2232.6,2314.1,3.65,28,15.85,11.83,-0.67,,,,,2024,False
4059.T,2024-06-13,769.0,690.2,-10.25,1,-19.38,-22.63,-28.35,,,,,2024,False
3223.T,2024-06-13,1239.0,1056.6,-14.73,2,-17.35,-29.54,-26.23,,,,,2024,False
2674.T,2024-06-13,1888.2,1788.5,-5.28,34,9.18,-6.79,-12.55,,,,,2024,False
2776.T,2024-06-13,183.0,156.4,-14.54,1,3.28,6.01,-17.49,,,,,2024,False
3788.T,2024-06-12,2883.0,2412.1,-16.33,36,-0.83,-8.83,-12.67,,,,,2024,False
2462.T,2024-06-12,1412.5,1250.8,-11.45,36,3.0,-5.39,-6.14,,,,,2024,False
2193.T,2024-06-12,185.0,190.4,2.92,35,11.35,3.78,-14.59,,,,,2024,False
4165.T,2024-06-11,861.0,908.6,5.53,21,16.84,15.68,43.44,,,,,2024,False
3221.T,2024-06-11,2783.2,2560.0,-8.02,37,6.63,11.74,13.65,,,,,2024,False
3457.T,2024-06-11,1069.8,882.0,-17.56,37,-3.42,-8.01,-10.35,,,,,2024,False
3992.T,2024-06-10,382.1,331.6,-13.22,37,-2.49,-20.45,-24.59,,,,,2024,False
2676.T,2024-06-10,1745.7,1627.7,-6.76,38,6.91,3.59,1.86,,,,,2024,False
4073.T,2024-06-07,1315.0,1182.4,-10.09,0,-35.82,-50.8,-55.29,,,,,2024,False
3996.T,2024-06-06,644.0,617.1,-4.18,22,-0.47,-13.04,-30.9,,,,,2024,False
2813.T,2024-06-06,5569.2,6167.8,10.75,16,14.97,-17.9,-2.41,,,,,2024,False
3154.T,2024-06-05,917.0,821.8,-10.39,38,-4.18,-16.77,-17.41,,,,,2024,False
2134.T,2024-06-05,23.0,21.2,-7.61,2,-4.35,0.0,-13.04,,,,,2024,False
3649.T,2024-06-05,962.6,953.5,-0.95,40,3.8,-6.42,-22.15,,,,,2024,False
3454.T,2024-06-04,1142.5,977.5,-14.44,42,-0.08,-5.2,-8.76,,,,,2024,False
1914.T,2024-06-04,570.6,580.6,1.75,14,-3.75,20.36,-3.91,,,,,2024,False
2164.T,2024-06-03,314.5,264.0,-16.06,1,-18.92,-40.06,-43.88,,,,,2024,False
3648.T,2024-06-03,967.7,813.5,-15.93,40,2.74,-11.73,-21.88,,,,,2024,False
3421.T,2024-05-31,1845.5,1669.0,-9.56,38,1.44,-10.75,-7.52,,,,,2024,False
2428.T,2024-05-31,574.8,561.9,-2.25,44,10.54,39.57,40.39,,,,,2024,False
3940.T,2024-05-31,126.0,123.2,-2.22,42,1.5,-7.52,-11.28,,,,,2024,False
2932.T,2024-05-31,1454.6,1407.7,-3.22,44,9.23,8.14,9.88,,,,,2024,False
3939.T,2024-05-31,497.1,500.3,0.64,43,8.81,-0.39,-3.35,,,,,2024,False
3469.T,2024-05-31,1289.9,1196.2,-7.27,15,-23.68,-22.76,-22.61,,,,,2024,False
2153.T,2024-05-31,1684.9,1519.5,-9.81,44,6.0,-0.5,-4.37,,,,,2024,False
3139.T,2024-05-31,2712.3,2573.3,-5.13,44,-3.03,10.39,-4.08,,,,,2024,False
3321.T,2024-05-30,1046.6,987.2,-5.68,45,-0.09,0.71,12.69,,,,,2024,False
4112.T,2024-05-30,2401.3,2433.9,1.36,33,8.53,-0.2,-21.87,,,,,2024,False
1930.T,2024-05-30,1076.2,944.5,-12.24,45,1.39,5.21,-1.95,,,,,2024,False
3196.T,2024-05-30,2598.4,2282.6,-12.16,38,-7.19,-16.43,-19.05,,,,,2024,False
3109.T,2024-05-30,984.7,903.4,-8.26,45,4.61,0.09,-5.46,,,,,2024,False
3501.T,2024-05-30,1149.9,1026.2,-10.76,44,3.83,-12.37,-16.57,,,,,2024,False
3276.T,2024-05-29,1069.7,996.9,-6.8,46,3.65,6.34,2.43,,,,,2024,False
3696.T,2024-05-29,1821.9,1620.1,-11.07,14,-15.93,-24.75,37.0,,,,,2024,False
2970.T,2024-05-28,920.0,785.2,-14.65,1,-16.44,-34.76,-43.53,,,,,2024,False
3179.T,2024-05-28,1208.2,1218.4,0.84,46,7.36,1.69,-23.24,,,,,2024,False
4176.T,2024-05-27,404.0,358.7,-11.21,13,-4.46,-17.08,-17.57,,,,,2024,False
3431.T,2024-05-27,2038.3,1943.8,-4.63,47,5.65,-5.32,-14.4,,,,,2024,False
4011.T,2024-05-27,6130.0,5478.2,-10.63,16,-6.36,-15.17,-23.65,,,,,2024,False
2163.T,2024-05-27,1913.8,1630.7,-14.79,47,-6.43,-8.96,-7.88,,,,,2024,False
3678.T,2024-05-27,1310.5,1240.4,-5.35,47,9.46,8.44,-3.64,,,,,2024,False
3798.T,2024-05-27,421.1,425.9,1.13,47,6.25,29.17,20.14,,,,,2024,False
3326.T,2024-05-24,491.0,434.4,-11.54,2,-18.53,-21.18,-25.87,,,,,2024,False
3075.T,2024-05-24,1795.9,1627.7,-9.36,27,3.84,-10.36,-14.52,,,,,2024,False
4347.T,2024-05-24,1501.8,1547.2,3.02,47,15.95,-0.89,-2.09,,,,,2024,False
4064.T,2024-05-24,1714.4,1646.2,-3.98,47,7.26,-6.13,-7.59,,,,,2024,False
2325.T,2024-05-24,3250.8,3697.1,13.73,42,13.09,11.62,6.86,,,,,2024,False
2753.T,2024-05-24,1965.6,1678.0,-14.63,48,-0.98,-11.22,-19.29,,,,,2024,False
3927.T,2024-05-24,938.8,1104.5,17.66,45,22.42,-29.79,-28.95,,,,,2024,False
4392.T,2024-05-23,310.0,295.8,-4.6,43,9.82,-12.27,-11.35,,,,,2024,False
3776.T,2024-05-23,262.6,235.6,-10.28,3,-16.3,-21.5,-31.55,,,,,2024,False
4264.T,2024-05-23,2636.0,2266.1,-14.03,3,-27.77,-37.48,-23.67,,,,,2024,False
2315.T,2024-05-23,65.0,58.0,-10.77,16,-13.85,-21.54,-13.85,,,,,2024,False
2884.T,2024-05-23,1461.0,1559.8,6.76,27,10.54,11.57,-2.46,,,,,2024,False
3489.T,2024-05-23,523.8,513.7,-1.94,48,2.47,-7.77,-3.39,,,,,2024,False
1904.T,2024-05-23,4121.6,3586.6,-12.98,50,-3.17,-3.39,-10.26,,,,,2024,False
3053.T,2024-05-23,132.0,133.4,1.1,49,-3.79,23.48,37.88,,,,,2024,False
3983.T,2024-05-23,2780.7,2364.4,-14.97,14,-10.9,-21.49,-14.57,,,,,2024,False
2792.T,2024-05-22,1563.9,1359.0,-13.11,51,-3.85,-8.29,-1.48,,,,,2024,False
2375.T,2024-05-22,590.2,565.5,-4.18,21,1.84,-21.78,-47.75,,,,,2024,False
2354.T,2024-05-22,721.0,616.9,-14.44,5,-5.9,-6.42,-5.07,,,,,2024,False
2652.T,2024-05-22,493.3,497.2,0.81,50,12.5,-18.55,-20.78,,,,,2024,False
3968.T,2024-05-22,539.0,529.0,-1.85,51,6.6,10.56,13.25,,,,,2024,False
2933.T,2024-05-22,1148.5,1062.2,-7.51,51,6.96,-2.77,-7.89,,,,,2024,False
3542.T,2024-05-22,843.7,717.1,-15.0,1,-24.94,-3.36,-18.56,,,,,2024,False
3692.T,2024-05-22,1777.4,2102.2,18.28,33,11.19,-1.01,6.99,,,,,2024,False
2415.T,2024-05-22,1315.1,1295.9,-1.46,51,-4.11,-0.07,-3.14,,,,,2024,False
1964.T,2024-05-22,2993.2,2917.8,-2.52,42,6.49,-14.87,-13.6,,,,,2024,False
3286.T,2024-05-22,923.3,888.8,-3.73,25,3.24,-19.55,-21.02,,,,,2024,False
3134.T,2024-05-21,1190.3,1138.0,-4.4,18,-13.42,-13.5,-15.86,,,,,2024,False
2820.T,2024-05-21,2922.4,4203.5,43.84,86,9.21,37.18,17.49,,,,,2024,False
3486.T,2024-05-21,1083.9,932.6,-13.96,45,-8.59,-11.73,5.46,,,,,2024,False
2060.T,2024-05-21,866.7,776.8,-10.37,52,3.31,-7.15,-11.81,,,,,2024,False
3333.T,2024-05-20,1275.7,1413.1,10.77,118,11.09,7.59,12.28,,,,,2024,False
4414.T,2024-05-20,2636.0,2344.3,-11.07,3,-8.65,-25.27,-33.61,,,,,2024,False
4175.T,2024-05-20,1324.0,1179.8,-10.89,3,-3.25,-13.97,3.85,,,,,2024,False
2915.T,2024-05-17,1940.7,1771.6,-8.71,54,-4.7,5.38,13.81,,,,,2024,False
3284.T,2024-05-17,981.1,889.2,-9.36,54,3.91,-8.18,-1.4,,,,,2024,False
4286.T,2024-05-17,1372.0,1216.0,-11.37,17,-8.33,-27.19,-37.79,,,,,2024,False
3374.T,2024-05-17,2456.4,2631.4,7.12,42,18.57,-12.75,-17.08,,,,,2024,False
4258.T,2024-05-16,1047.7,985.3,-5.96,14,0.19,27.11,32.62,,,,,2024,False
2148.T,2024-05-16,1628.4,1440.6,-11.53,55,4.21,-5.57,-13.17,,,,,2024,False
3663.T,2024-05-16,755.8,761.5,0.76,54,7.46,5.72,70.18,,,,,2024,False
3193.T,2024-05-16,3757.4,3371.5,-10.27,54,1.68,-12.39,-9.53,,,,,2024,False
3004.T,2024-05-15,1704.4,1532.0,-10.12,54,-1.28,-15.74,-17.45,,,,,2024,False
4251.T,2024-05-15,1263.2,1437.1,13.77,49,24.06,-6.29,-23.54,,,,,2024,False
4345.T,2024-05-15,703.9,681.5,-3.18,56,7.22,2.81,24.77,,,,,2024,False
3611.T,2024-05-15,1435.0,1419.5,-1.08,55,-0.96,-10.71,14.6,,,,,2024,False
3093.T,2024-05-15,1608.3,1765.0,9.74,53,6.13,7.8,-19.66,,,,,2024,False
3315.T,2024-05-15,132.0,127.5,-3.41,14,-5.3,-26.52,-27.27,,,,,2024,False
2198.T,2024-05-15,718.9,651.0,-9.45,56,-0.39,-1.96,-1.06,,,,,2024,False
4060.T,2024-05-14,1202.9,1048.4,-12.84,8,-8.84,-28.23,-28.81,,,,,2024,False
3010.T,2024-05-14,253.4,227.7,-10.15,4,-17.11,-31.94,-38.78,,,,,2024,False
3205.T,2024-05-14,527.7,487.2,-7.66,11,6.19,27.2,40.55,,,,,2024,False
3271.T,2024-05-14,506.2,473.5,-6.47,30,3.94,-21.25,18.98,,,,,2024,False
2788.T,2024-05-14,463.1,496.4,7.2,45,12.55,-19.64,-16.19,,,,,2024,False
3843.T,2024-05-13,1401.0,1176.1,-16.05,24,-5.31,-20.41,-10.95,,,,,2024,False
4404.T,2024-05-13,1323.9,1240.0,-6.34,58,-2.3,-7.31,-0.91,,,,,2024,False
3202.T,2024-05-13,96.2,95.2,-0.99,119,3.96,-0.99,0.0,,,,,2024,False
3236.T,2024-05-10,199.1,183.0,-8.1,41,-9.55,-25.6,-16.85,,,,,2024,False
3553.T,2024-05-10,681.5,621.0,-8.87,59,3.71,-11.52,-14.22,,,,,2024,False
3544.T,2024-05-10,841.7,804.6,-4.41,39,2.59,-8.69,-7.87,,,,,2024,False
2330.T,2024-05-09,350.0,324.0,-7.43,3,-27.43,-51.43,-53.71,,,,,2024,False
3133.T,2024-05-09,899.0,827.9,-7.91,8,13.9,-29.37,-25.92,,,,,2024,False
2751.T,2024-05-09,3268.6,3023.6,-7.5,60,-0.46,-11.66,-2.44,,,,,2024,False
1967.T,2024-05-09,1054.0,946.6,-10.19,24,-6.46,-22.17,-13.91,,,,,2024,False
3393.T,2024-05-09,1325.8,1715.6,29.41,60,47.38,23.69,33.23,,,,,2024,False
4390.T,2024-05-08,2251.9,2180.6,-3.17,14,-9.14,-19.74,5.43,,,,,2024,False
2216.T,2024-05-08,697.6,797.6,14.34,61,10.35,19.72,36.15,,,,,2024,False
3176.T,2024-05-08,1444.6,1366.7,-5.39,54,-2.5,-13.42,-3.14,,,,,2024,False
2053.T,2024-05-07,1281.6,1284.4,0.22,62,10.81,9.58,3.45,,,,,2024,False
3741.T,2024-05-07,2262.7,1965.4,-13.14,16,-10.81,-14.3,-13.45,,,,,2024,False
2351.T,2024-05-07,501.6,506.6,1.0,3,2.35,-12.35,-16.47,,,,,2024,False
2215.T,2024-05-02,770.0,658.8,-14.45,7,-13.9,-14.68,-21.3,,,,,2024,False
2469.T,2024-05-01,1905.5,2237.3,17.42,63,16.12,29.58,69.34,,,,,2024,False
3921.T,2024-05-01,1427.0,1462.6,2.49,64,-1.53,13.21,26.88,,,,,2024,False
3687.T,2024-04-30,1911.7,1814.7,-5.07,6,-5.38,-9.27,-26.8,,,,,2024,False
4040.T,2024-04-30,4241.8,3454.0,-18.57,8,-23.67,-27.75,-52.3,,,,,2024,False
4323.T,2024-04-30,1600.8,1564.1,-2.29,14,-0.66,2.29,4.16,,,,,2024,False
2294.T,2024-04-30,2512.8,2208.2,-12.12,65,-2.52,0.45,-2.63,,,,,2024,False
4092.T,2024-04-26,2209.4,2314.1,4.74,59,-1.89,2.31,13.36,,,,,2024,False
4261.T,2024-04-26,2701.0,2407.2,-10.88,10,-13.88,-19.18,-28.47,,,,,2024,False
2674.T,2024-04-26,1606.9,1788.5,11.3,65,17.85,16.93,9.53,,,,,2024,False
2776.T,2024-04-26,124.0,114.8,-7.46,5,14.52,11.29,37.1,,,,,2024,False
3475.T,2024-04-26,771.0,648.7,-15.87,16,-22.12,3.13,3.49,,,,,2024,False
3329.T,2024-04-26,2025.3,1796.5,-11.29,20,-9.84,2.03,1.89,,,,,2024,False
2193.T,2024-04-25,175.0,190.4,8.8,66,-1.14,13.14,-1.71,,,,,2024,False
3529.T,2024-04-25,657.0,585.6,-10.86,49,-3.65,-0.46,33.18,,,,,2024,False
3457.T,2024-04-24,1157.8,1014.0,-12.42,42,-7.68,-12.59,-13.92,,,,,2024,False
1972.T,2024-04-24,859.0,713.6,-16.93,68,-5.3,-8.31,-17.24,,,,,2024,False
3221.T,2024-04-24,2775.3,2560.0,-7.76,68,-2.26,6.04,19.83,,,,,2024,False
2676.T,2024-04-23,1731.8,1627.7,-6.01,69,-2.14,5.09,13.0,,,,,2024,False
3932.T,2024-04-23,2163.8,1950.1,-9.88,20,-10.79,7.12,-10.34,,,,,2024,False
3040.T,2024-04-22,1214.5,1061.5,-12.6,23,-11.13,-2.48,0.6,,,,,2024,False
2813.T,2024-04-19,3987.6,3699.1,-7.24,8,28.13,51.2,31.73,,,,,2024,False
3996.T,2024-04-19,673.0,624.8,-7.17,22,2.97,-10.4,-26.75,,,,,2024,False
3922.T,2024-04-18,1797.1,1688.2,-6.06,25,3.03,8.87,-14.26,,,,,2024,False
2307.T,2024-04-18,1229.0,1152.6,-6.21,26,3.42,8.37,-12.62,,,,,2024,False
2922.T,2024-04-18,2043.2,2106.6,3.1,119,0.38,3.3,2.53,,,,,2024,False
3183.T,2024-04-18,1088.2,990.5,-8.98,72,-1.88,5.12,4.35,,,,,2024,False
3649.T,2024-04-18,977.0,941.2,-3.67,19,-7.06,7.81,-16.28,,,,,2024,False
3524.T,2024-04-17,1586.6,1377.9,-13.15,6,-14.01,-12.06,-14.89,,,,,2024,False
3237.T,2024-04-17,115.0,126.6,10.13,72,17.39,17.39,-0.87,,,,,2024,False
3648.T,2024-04-16,1084.1,1161.9,7.18,0,-10.56,-10.21,-25.25,,,,,2024,False
3992.T,2024-04-16,410.6,356.3,-13.23,29,-4.18,-8.35,-29.6,,,,,2024,False
2927.T,2024-04-15,831.1,750.5,-9.69,75,-3.9,3.57,-6.21,,,,,2024,False
2932.T,2024-04-15,1312.7,1407.7,7.23,75,6.96,23.45,40.39,,,,,2024,False
3421.T,2024-04-15,1747.5,1669.0,-4.49,69,-1.2,2.07,-3.1,,,,,2024,False
3939.T,2024-04-15,486.4,500.3,2.85,74,-2.0,10.2,12.54,,,,,2024,False
3547.T,2024-04-15,1822.7,1574.4,-13.62,28,-10.86,-5.29,-16.86,,,,,2024,False
3139.T,2024-04-15,2309.4,2573.3,11.43,75,10.49,14.78,16.75,,,,,2024,False
3469.T,2024-04-15,880.2,1229.4,39.68,14,34.33,15.56,15.67,,,,,2024,False
3940.T,2024-04-15,115.6,120.0,3.81,34,15.57,18.03,-4.92,,,,,2024,False
3440.T,2024-04-12,1083.6,983.0,-9.28,2,-10.7,1.81,-5.81,,,,,2024,False
3109.T,2024-04-12,978.4,903.4,-7.66,76,-1.3,5.76,-2.28,,,,,2024,False
2462.T,2024-04-12,1615.5,1397.5,-13.5,30,-6.29,-9.95,-13.96,,,,,2024,False
4112.T,2024-04-12,2063.0,2433.9,17.98,64,13.39,24.94,3.88,,,,,2024,False
2735.T,2024-04-12,687.6,590.8,-14.08,30,-7.17,-5.82,7.22,,,,,2024,False
3744.T,2024-04-12,621.0,555.9,-10.48,30,-7.09,-1.29,-32.05,,,,,2024,False
3388.T,2024-04-12,1524.6,1420.1,-6.85,73,-1.27,11.58,-9.07,,,,,2024,False
3196.T,2024-04-12,2148.9,2282.6,6.22,69,1.93,11.63,8.23,,,,,2024,False
3501.T,2024-04-12,1256.8,1104.4,-12.12,62,-3.16,-7.98,-21.7,,,,,2024,False
3276.T,2024-04-11,1192.3,1007.4,-15.5,77,-9.67,-5.45,-10.05,,,,,2024,False
3696.T,2024-04-11,1677.2,1813.0,8.09,20,7.55,-9.02,-22.21,,,,,2024,False
2705.T,2024-04-11,5073.0,5063.0,-0.2,119,-1.57,2.16,-0.59,,,,,2024,False
2153.T,2024-04-11,1682.6,1519.5,-9.7,77,0.11,1.03,-0.26,,,,,2024,False
3168.T,2024-04-11,663.8,631.1,-4.92,41,3.11,0.85,-13.24,,,,,2024,False
2970.T,2024-04-10,800.0,807.5,0.94,22,3.75,-5.78,-31.22,,,,,2024,False
3179.T,2024-04-10,1090.5,1123.9,3.05,32,14.44,24.38,5.61,,,,,2024,False
4231.T,2024-04-09,979.3,774.1,-20.96,23,-6.43,-18.75,-29.33,,,,,2024,False
3431.T,2024-04-09,1841.7,1943.8,5.55,78,-3.8,19.88,3.75,,,,,2024,False
3900.T,2024-04-09,1405.2,1209.6,-13.93,19,-22.82,-26.83,-9.7,,,,,2024,False
2163.T,2024-04-09,2082.0,1804.0,-13.35,41,-3.75,-10.02,-18.79,,,,,2024,False
4011.T,2024-04-09,7020.0,6098.8,-13.12,2,-18.66,-19.3,-28.56,,,,,2024,False
3452.T,2024-04-09,948.6,823.3,-13.21,23,-1.25,-9.39,6.7,,,,,2024,False
4176.T,2024-04-09,382.0,385.0,0.8,35,3.66,3.66,-12.83,,,,,2024,False
3791.T,2024-04-08,1564.7,1322.2,-15.49,4,-30.44,-25.72,36.16,,,,,2024,False
1930.T,2024-04-08,1166.9,1003.7,-13.98,25,-8.89,-8.65,-1.59,,,,,2024,False
2982.T,2024-04-08,221.9,197.9,-10.8,79,2.88,-3.05,-7.25,,,,,2024,False
3416.T,2024-04-08,826.4,722.1,-12.63,23,-1.23,-3.91,17.32,,,,,2024,False
3131.T,2024-04-08,3002.1,2690.4,-10.38,8,-8.45,1.51,-22.5,,,,,2024,False
2753.T,2024-04-08,1943.2,1890.8,-2.7,8,0.49,-6.74,-9.75,,,,,2024,False
3075.T,2024-04-08,2082.1,1786.1,-14.22,25,-7.47,-21.73,-22.25,,,,,2024,False
4064.T,2024-04-08,1673.8,1646.2,-1.65,78,-4.46,8.32,-2.87,,,,,2024,False
1904.T,2024-04-05,3986.4,3681.7,-7.64,81,4.56,5.61,-4.25,,,,,2024,False
3983.T,2024-04-05,2516.1,2478.1,-1.51,39,2.49,-1.07,-9.37,,,,,2024,False
2884.T,2024-04-05,1298.0,1480.0,14.02,26,34.28,20.42,22.88,,,,,2024,False
3355.T,2024-04-05,1229.3,1117.6,-9.08,46,4.72,-3.75,-9.31,,,,,2024,False
3776.T,2024-04-05,172.2,167.0,-2.99,7,56.5,18.61,18.04,,,,,2024,False
4392.T,2024-04-05,338.6,322.4,-4.78,24,4.21,-4.21,-11.52,,,,,2024,False
3489.T,2024-04-05,440.3,494.5,12.29,34,10.81,28.47,16.36,,,,,2024,False
4374.T,2024-04-04,2462.2,2304.6,-6.4,10,-6.52,-6.04,-7.0,,,,,2024,False
2764.T,2024-04-04,276.0,240.0,-13.04,25,-3.99,-23.19,-30.8,,,,,2024,False
2652.T,2024-04-04,508.8,530.8,4.34,8,0.27,1.45,-21.43,,,,,2024,False
2792.T,2024-04-04,1591.0,1391.2,-12.56,82,1.58,-5.01,1.98,,,,,2024,False
1964.T,2024-04-04,2646.2,2775.7,4.9,42,18.88,18.88,-7.87,,,,,2024,False
3542.T,2024-04-04,881.8,782.8,-11.23,15,-12.1,-24.75,-15.98,,,,,2024,False
1929.T,2024-04-04,1056.8,919.9,-12.96,82,-1.3,-1.83,-8.51,,,,,2024,False
3968.T,2024-04-04,471.7,529.0,12.15,82,7.13,31.25,20.77,,,,,2024,False
2375.T,2024-04-04,530.8,565.5,6.53,52,7.82,5.03,-32.77,,,,,2024,False
2933.T,2024-04-04,1135.0,1062.2,-6.41,82,-0.76,7.22,-0.93,,,,,2024,False
3692.T,2024-04-04,1859.9,2186.7,17.57,8,8.07,24.48,24.43,,,,,2024,False
3793.T,2024-04-04,1059.0,938.4,-11.39,19,-26.16,-29.75,-36.17,,,,,2024,False
2910.T,2024-04-04,1593.2,1368.9,-14.08,45,-7.64,-10.43,-9.7,,,,,2024,False
2908.T,2024-04-03,1797.9,1650.8,-8.18,119,-0.42,-2.37,-8.34,,,,,2024,False
2060.T,2024-04-03,919.5,836.6,-9.01,36,5.43,-4.12,-9.2,,,,,2024,False
3134.T,2024-04-03,1173.9,1138.0,-3.06,49,-2.52,-10.93,-15.57,,,,,2024,False
3371.T,2024-04-03,1704.4,1712.0,0.44,76,4.49,7.98,3.84,,,,,2024,False
3486.T,2024-04-03,1369.8,1181.8,-13.72,11,-7.94,-28.64,-22.31,,,,,2024,False
2820.T,2024-04-03,3210.8,3064.2,-4.57,26,6.59,-7.19,40.2,,,,,2024,False
3665.T,2024-04-03,339.6,291.2,-14.25,37,-6.45,-12.1,-11.56,,,,,2024,False
1888.T,2024-04-02,3290.2,2985.1,-9.27,27,-2.85,-4.56,3.71,,,,,2024,False
3333.T,2024-04-02,1297.1,1599.0,23.28,119,0.72,9.98,24.95,,,,,2024,False
2108.T,2024-04-02,1871.9,2336.6,24.83,83,-1.39,19.95,43.93,,,,,2024,False
4414.T,2024-04-02,3100.0,2792.2,-9.93,12,-12.81,-22.74,-30.94,,,,,2024,False
3656.T,2024-04-02,319.0,277.0,-13.17,6,-24.45,-28.21,-40.13,,,,,2024,False
3160.T,2024-04-02,604.7,527.0,-12.85,84,2.05,-2.8,-1.69,,,,,2024,False
3653.T,2024-04-01,1940.0,1649.0,-15.0,3,-11.6,-9.02,-10.82,,,,,2024,False
2915.T,2024-04-01,1857.1,1901.5,2.39,29,15.09,3.12,18.62,,,,,2024,False
3284.T,2024-04-01,985.5,889.2,-9.77,85,-1.54,4.89,-0.45,,,,,2024,False
4286.T,2024-04-01,1304.6,1252.5,-3.99,26,5.69,-1.72,-25.52,,,,,2024,False
4192.T,2024-04-01,715.0,607.8,-15.0,9,-12.31,-26.43,-36.64,,,,,2024,False
3627.T,2024-04-01,448.8,382.3,-14.82,12,-14.84,-14.41,-23.66,,,,,2024,False
2378.T,2024-04-01,995.9,886.4,-10.99,85,-0.98,-2.65,6.39,,,,,2024,False
3166.T,2024-03-29,1567.5,1334.7,-14.85,40,-5.33,-11.66,-17.46,,,,,2024,False
2148.T,2024-03-29,1630.1,1440.6,-11.63,86,-0.93,4.09,-10.48,,,,,2024,False
2721.T,2024-03-29,296.0,278.0,-6.1,19,-8.78,-14.19,-47.3,,,,,2024,False
2819.T,2024-03-29,2795.7,2692.2,-3.7,119,-0.73,2.11,-2.18,,,,,2024,False
4245.T,2024-03-29,719.3,659.0,-8.38,85,-7.79,-3.63,-2.97,,,,,2024,False
3193.T,2024-03-29,4608.1,3916.8,-15.0,12,-14.98,-20.36,-13.6,,,,,2024,False
3663.T,2024-03-29,837.0,743.9,-11.12,29,-4.91,2.52,40.01,,,,,2024,False
4344.T,2024-03-28,241.0,204.8,-15.0,3,-25.73,-9.54,-16.6,,,,,2024,False
3315.T,2024-03-28,130.0,127.5,-1.92,45,-1.54,-4.62,-24.62,,,,,2024,False
3467.T,2024-03-28,1439.9,1255.7,-12.79,87,-7.73,0.44,-3.23,,,,,2024,False
4318.T,2024-03-28,718.5,628.0,-12.59,86,2.08,-7.03,-10.17,,,,,2024,False
3242.T,2024-03-28,394.1,325.5,-17.41,87,-1.39,-5.31,-9.82,,,,,2024,False
2198.T,2024-03-28,779.0,676.5,-13.16,87,-7.35,-5.3,-6.27,,,,,2024,False
3205.T,2024-03-27,617.1,536.9,-12.99,1,-17.55,13.79,34.82,,,,,2024,False
3010.T,2024-03-27,234.1,233.4,-0.31,34,-1.23,-11.11,-24.28,,,,,2024,False
3625.T,2024-03-27,568.7,488.2,-14.16,6,8.81,-5.35,-0.64,,,,,2024,False
4218.T,2024-03-27,1896.8,1635.2,-13.79,88,-3.76,-1.07,-1.47,,,,,2024,False
2204.T,2024-03-25,3010.7,3091.6,2.69,119,-0.01,2.37,3.01,,,,,2024,False
3236.T,2024-03-25,202.9,187.8,-7.45,8,-7.48,-2.18,-14.11,,,,,2024,False
3266.T,2024-03-25,129.9,115.4,-11.17,0,-33.83,-32.33,-39.85,,,,,2024,False
4288.T,2024-03-25,592.0,514.2,-13.13,4,-7.6,-8.28,-6.76,,,,,2024,False
4237.T,2024-03-25,395.8,349.6,-11.68,18,-9.54,-2.21,-23.97,,,,,2024,False
2330.T,2024-03-22,429.0,420.8,-1.92,0,-38.46,-44.29,-60.84,,,,,2024,False
2338.T,2024-03-22,533.0,459.0,-13.88,8,-16.7,-2.63,-13.7,,,,,2024,False
4249.T,2024-03-22,2445.5,2224.9,-9.02,90,-1.32,5.91,-16.54,,,,,2024,False
3133.T,2024-03-22,1247.0,1077.8,-13.57,5,-23.9,-23.26,-41.06,,,,,2024,False
2751.T,2024-03-22,3578.1,3315.6,-7.34,26,0.55,-4.9,-11.01,,,,,2024,False
2341.T,2024-03-22,147.6,131.9,-10.67,89,-5.73,-1.91,-6.37,,,,,2024,False
3553.T,2024-03-22,737.3,673.7,-8.64,33,-2.55,-2.8,-20.79,,,,,2024,False
2892.T,2024-03-22,4157.5,3615.0,-13.05,25,-7.95,-35.54,-36.77,,,,,2024,False
3393.T,2024-03-22,1311.7,1715.6,30.8,91,-1.95,52.89,37.2,,,,,2024,False
3176.T,2024-03-21,1232.9,1366.7,10.86,85,7.09,17.33,8.22,,,,,2024,False
3544.T,2024-03-21,863.2,804.6,-6.79,72,2.38,6.22,-7.99,,,,,2024,False
2497.T,2024-03-21,802.1,698.7,-12.89,41,-6.02,-12.22,-8.72,,,,,2024,False
2216.T,2024-03-21,779.9,784.6,0.61,25,7.92,-3.82,37.24,,,,,2024,False
4390.T,2024-03-21,2414.2,2180.6,-9.67,45,-9.86,-13.44,-11.79,,,,,2024,False
3694.T,2024-03-21,1059.0,906.0,-14.45,17,-17.0,-39.47,-43.81,,,,,2024,False
2053.T,2024-03-19,1148.9,1102.8,-4.01,30,-10.55,26.69,22.97,,,,,2024,False
3494.T,2024-03-19,435.0,480.0,10.35,3,-3.36,-11.66,-6.5,,,,,2024,False
3678.T,2024-03-19,1383.0,1275.3,-7.79,21,-6.62,1.31,-1.93,,,,,2024,False
2217.T,2024-03-19,1406.0,1397.8,-0.59,92,-8.65,6.0,3.07,,,,,2024,False
2112.T,2024-03-19,282.7,244.8,-13.39,21,-11.34,-11.02,-14.28,,,,,2024,False
3741.T,2024-03-19,2410.5,2078.1,-13.79,44,-6.33,-11.01,-17.37,,,,,2024,False
3840.T,2024-03-18,166.0,147.9,-10.9,22,-7.23,-22.29,-31.33,,,,,2024,False
4410.T,2024-03-18,818.4,754.2,-7.85,94,1.17,-1.28,-7.4,,,,,2024,False
3598.T,2024-03-18,167.0,157.2,-5.86,94,-0.57,-2.33,-2.33,,,,,2024,False
3111.T,2024-03-18,386.0,348.5,-9.72,16,-10.62,-18.13,-22.54,,,,,2024,False
3023.T,2024-03-18,1802.2,1625.5,-9.8,38,-4.37,-11.44,-27.97,,,,,2024,False
3921.T,2024-03-15,1188.1,1262.9,6.3,48,5.59,19.55,43.14,,,,,2024,False
3374.T,2024-03-15,2747.8,2619.7,-4.66,23,0.33,10.83,-24.64,,,,,2024,False
2459.T,2024-03-15,218.0,194.6,-10.71,19,-16.51,-7.8,-15.6,,,,,2024,False
3565.T,2024-03-15,208.0,185.2,-10.93,10,-14.22,-7.26,-15.77,,,,,2024,False
4323.T,2024-03-14,1797.6,1602.9,-10.83,14,-4.83,-15.19,1.99,,,,,2024,False
3687.T,2024-03-14,2048.8,2012.9,-1.75,22,1.24,-9.51,-30.31,,,,,2024,False
4040.T,2024-03-14,4721.2,4205.8,-10.92,23,-6.29,-36.61,-50.0,,,,,2024,False
2294.T,2024-03-14,2619.9,2512.8,-4.09,31,11.62,-8.7,-6.97,,,,,2024,False
4382.T,2024-03-14,1744.0,1628.6,-6.62,11,-12.96,-20.01,-40.25,,,,,2024,False
3843.T,2024-03-14,1262.6,1176.1,-6.85,62,6.0,2.88,-9.72,,,,,2024,False
4261.T,2024-03-13,2580.0,2669.0,3.45,1,39.53,-14.03,-14.65,,,,,2024,False
2164.T,2024-03-13,365.5,313.0,-14.36,1,-28.45,-32.01,-51.98,,,,,2024,False
4093.T,2024-03-13,352.8,307.7,-12.77,97,-0.65,-3.02,-10.14,,,,,2024,False
4345.T,2024-03-13,723.5,681.5,-5.8,97,-1.4,4.71,5.62,,,,,2024,False
2674.T,2024-03-13,1494.9,1788.5,19.64,96,6.26,28.1,17.55,,,,,2024,False
4174.T,2024-03-13,1341.5,1199.6,-10.58,2,-13.01,-22.71,-39.57,,,,,2024,False
4092.T,2024-03-13,2099.7,2314.1,10.21,90,10.04,5.31,19.34,,,,,2024,False
2323.T,2024-03-12,147.6,153.3,3.87,4,-10.76,-11.32,-12.0,,,,,2024,False
3652.T,2024-03-12,3970.0,3621.0,-8.79,13,-15.87,-36.52,-44.89,,,,,2024,False
2694.T,2024-03-12,88.3,79.2,-10.28,14,-9.52,-16.23,-15.11,,,,,2024,False
1966.T,2024-03-11,1746.9,1561.4,-10.62,25,-5.21,-17.19,-25.97,,,,,2024,False
3042.T,2024-03-11,306.4,276.2,-9.86,42,2.87,-13.69,-14.33,,,,,2024,False
4027.T,2024-03-11,1450.9,1329.3,-8.38,25,-0.41,7.28,6.7,,,,,2024,False
2315.T,2024-03-11,64.0,68.8,7.58,10,-14.06,-3.12,-23.44,,,,,2024,False
3457.T,2024-03-11,1031.8,1038.4,0.64,69,13.29,5.03,-4.82,,,,,2024,False
1972.T,2024-03-11,854.8,785.5,-8.1,65,3.32,-5.87,-16.82,,,,,2024,False
4387.T,2024-03-11,1100.0,1054.0,-4.18,11,-9.09,-5.82,-27.73,,,,,2024,False
3932.T,2024-03-08,2190.2,2113.2,-3.51,29,5.31,-8.63,-7.68,,,,,2024,False
3747.T,2024-03-08,451.0,405.4,-10.1,15,-5.76,-9.53,-16.19,,,,,2024,False
4418.T,2024-03-08,923.0,849.2,-8.0,4,-2.28,-15.93,-14.08,,,,,2024,False
4197.T,2024-03-08,2594.3,2215.2,-14.61,18,-11.34,-17.05,-7.47,,,,,2024,False
2359.T,2024-03-08,1778.4,1725.9,-2.95,100,-0.72,-0.35,-2.21,,,,,2024,False
2676.T,2024-03-08,1720.2,1627.7,-5.38,100,0.4,-0.54,6.33,,,,,2024,False
3221.T,2024-03-07,2920.6,2589.6,-11.33,101,-3.53,-6.05,10.01,,,,,2024,False
2180.T,2024-03-07,672.4,610.9,-9.14,65,-1.1,-7.31,-22.84,,,,,2024,False
3624.T,2024-03-07,293.0,252.4,-13.84,17,-11.95,-39.59,-51.19,,,,,2024,False
3984.T,2024-03-07,2691.0,2398.5,-10.87,1,-24.49,-26.17,-30.47,,,,,2024,False
3040.T,2024-03-07,1271.0,1112.7,-12.45,42,-8.52,-17.12,-20.73,,,,,2024,False
3763.T,2024-03-07,672.9,622.0,-7.57,101,0.38,-2.62,-6.04,,,,,2024,False
2708.T,2024-03-06,2300.9,2033.4,-11.63,17,-15.02,-35.6,-30.73,,,,,2024,False
3558.T,2024-03-06,2689.6,2359.6,-12.27,20,-10.91,-34.89,-20.18,,,,,2024,False
3679.T,2024-03-06,584.6,509.9,-12.78,29,-4.97,0.73,-7.9,,,,,2024,False
3996.T,2024-03-06,626.0,743.8,18.81,26,12.94,5.59,-14.54,,,,,2024,False
3680.T,2024-03-06,360.0,306.0,-15.0,10,-16.85,-18.21,-8.15,,,,,2024,False
3611.T,2024-03-05,1375.8,1419.5,3.18,102,2.98,4.5,14.01,,,,,2024,False
2922.T,2024-03-05,2070.6,2054.0,-0.81,119,-1.37,0.66,-1.14,,,,,2024,False
3922.T,2024-03-05,1886.1,1839.6,-2.47,27,9.86,-7.03,-10.44,,,,,2024,False
2307.T,2024-03-05,2133.1,2030.3,-4.82,1,-37.57,-42.78,-48.08,,,,,2024,False
2445.T,2024-03-05,492.6,426.3,-13.46,44,3.62,-9.71,-13.08,,,,,2024,False
4265.T,2024-03-05,458.0,421.6,-7.95,7,-14.85,3.49,-12.88,,,,,2024,False
3183.T,2024-03-05,1127.0,990.5,-12.11,103,-1.63,-3.61,-5.75,,,,,2024,False
3649.T,2024-03-05,1175.3,1049.4,-10.7,13,-15.48,-18.5,-19.24,,,,,2024,False
3237.T,2024-03-04,154.0,136.0,-11.69,14,-24.68,-12.34,-21.43,,,,,2024,False
4060.T,2024-03-04,1339.7,1271.0,-5.13,4,-11.17,-20.5,-31.89,,,,,2024,False
4073.T,2024-03-04,927.0,837.2,-9.68,8,-21.25,-29.67,-27.18,,,,,2024,False
3992.T,2024-03-01,491.6,490.7,-0.19,5,-8.72,-27.52,-38.18,,,,,2024,False
2927.T,2024-02-29,831.1,762.3,-8.27,106,1.45,-2.79,-1.67,,,,,2024,False
2932.T,2024-02-29,1235.5,1407.7,13.93,106,9.82,15.05,23.96,,,,,2024,False
3547.T,2024-02-29,1715.4,1574.4,-8.22,59,-1.78,-7.52,-14.75,,,,,2024,False
3940.T,2024-02-29,111.8,124.8,11.65,25,-3.39,9.32,3.39,,,,,2024,False
3421.T,2024-02-29,1433.4,1669.0,16.44,100,18.79,24.44,13.03,,,,,2024,False
3939.T,2024-02-29,524.4,466.4,-11.06,47,0.56,-7.24,-5.57,,,,,2024,False
3139.T,2024-02-29,2071.8,2573.3,24.2,106,8.04,29.09,44.07,,,,,2024,False
3634.T,2024-02-28,993.8,1175.1,18.24,4,6.73,-5.49,-34.18,,,,,2024,False
2669.T,2024-02-28,3256.0,3256.0,-0.0,119,-1.5,-1.5,-0.0,,,,,2024,False
3501.T,2024-02-28,1165.6,1104.4,-5.25,93,6.58,0.6,-14.28,,,,,2024,False
3744.T,2024-02-28,550.0,1092.2,98.59,4,24.73,2.36,-12.0,,,,,2024,False
4238.T,2024-02-28,1465.5,1370.2,-6.51,22,-1.53,-2.1,-15.24,,,,,2024,False
3063.T,2024-02-28,633.3,604.8,-4.51,107,-1.25,-0.47,8.28,,,,,2024,False
3196.T,2024-02-28,1832.7,2282.6,24.54,100,13.53,37.3,18.6,,,,,2024,False
4112.T,2024-02-28,1756.4,2433.9,38.57,95,-1.53,35.63,42.68,,,,,2024,False
3329.T,2024-02-28,1894.5,1822.8,-3.78,61,10.1,9.96,9.96,,,,,2024,False
3928.T,2024-02-28,375.0,340.0,-9.33,7,-7.2,-12.8,-14.13,,,,,2024,False
3109.T,2024-02-28,1071.6,929.4,-13.27,107,-2.17,-8.79,-8.7,,,,,2024,False
3696.T,2024-02-27,1616.7,1473.8,-8.84,36,1.93,17.31,-22.28,,,,,2024,False
2488.T,2024-02-27,892.7,884.1,-0.96,26,8.56,-1.79,2.71,,,,,2024,False
3320.T,2024-02-27,1178.2,1029.4,-12.63,13,-12.23,-16.52,-12.76,,,,,2024,False
2705.T,2024-02-27,5227.7,4655.1,-10.95,108,-0.48,-2.96,-2.2,,,,,2024,False
3276.T,2024-02-27,1098.8,1007.4,-8.31,108,1.16,-1.65,2.77,,,,,2024,False
3030.T,2024-02-26,778.3,760.3,-2.3,105,-4.51,7.66,-4.64,,,,,2024,False
4056.T,2024-02-26,1240.0,1206.1,-2.73,8,-14.6,-24.44,-23.31,,,,,2024,False
2970.T,2024-02-26,933.8,898.9,-3.73,1,15.26,-4.42,-31.75,,,,,2024,False
4228.T,2024-02-26,440.3,418.2,-5.01,102,8.97,-2.58,-9.77,,,,,2024,False
3179.T,2024-02-26,1060.9,1123.9,5.93,63,2.97,7.59,16.59,,,,,2024,False
4165.T,2024-02-26,793.0,726.8,-8.35,23,-7.57,4.41,26.99,,,,,2024,False
3180.T,2024-02-26,2252.7,2054.9,-8.78,26,-1.13,-10.89,-36.48,,,,,2024,False
4011.T,2024-02-22,6650.0,8053.8,21.11,6,21.5,-7.37,-18.95,,,,,2024,False
3431.T,2024-02-22,1752.4,1943.8,10.92,109,9.69,18.89,12.32,,,,,2024,False
2163.T,2024-02-22,2205.1,2054.7,-6.82,26,-3.08,-11.42,-22.6,,,,,2024,False
4231.T,2024-02-22,1020.5,774.1,-24.15,54,-0.34,-27.15,-31.38,,,,,2024,False
3900.T,2024-02-22,1635.2,1530.0,-6.43,14,-0.54,-41.22,-18.47,,,,,2024,False
3452.T,2024-02-22,853.2,892.8,4.64,37,6.6,-6.39,6.07,,,,,2024,False
2935.T,2024-02-22,1173.7,971.5,-17.23,110,-4.04,-6.39,-16.18,,,,,2024,False
4059.T,2024-02-22,749.0,675.0,-9.88,10,-13.22,-20.83,-31.24,,,,,2024,False
4417.T,2024-02-22,2633.6,2479.4,-5.86,26,6.48,-4.93,6.24,,,,,2024,False
3546.T,2024-02-22,1061.7,949.2,-10.6,110,-6.71,-0.9,1.43,,,,,2024,False
2158.T,2024-02-22,742.0,719.1,-3.09,4,-6.74,-18.33,-9.03,,,,,2024,False
4064.T,2024-02-21,1644.3,1646.2,0.11,109,2.51,2.86,-2.97,,,,,2024,False
1930.T,2024-02-21,1137.8,1044.2,-8.22,53,-2.1,-10.74,-10.58,,,,,2024,False
2215.T,2024-02-21,745.0,705.5,-5.3,9,-8.99,-15.44,-15.17,,,,,2024,False
3791.T,2024-02-21,1400.6,1322.2,-5.59,35,12.94,-24.48,24.71,,,,,2024,False
3075.T,2024-02-21,1690.9,1786.1,5.63,56,17.87,5.74,-4.68,,,,,2024,False
4169.T,2024-02-21,1344.0,1146.6,-14.68,4,-32.37,-64.88,-80.21,,,,,2024,False
3416.T,2024-02-21,1214.2,1242.4,2.32,0,-24.49,-41.9,-29.13,,,,,2024,False
2753.T,2024-02-21,1377.3,1890.8,37.28,39,16.32,41.78,22.52,,,,,2024,False
2982.T,2024-02-21,214.6,209.6,-2.34,62,4.68,-0.0,-10.6,,,,,2024,False
1904.T,2024-02-20,4775.0,4824.1,1.03,14,-0.95,-11.24,-17.49,,,,,2024,False
3489.T,2024-02-20,423.7,381.2,-10.01,21,7.82,31.76,9.35,,,,,2024,False
2884.T,2024-02-20,1218.0,1480.0,21.51,57,10.43,22.58,25.45,,,,,2024,False
3776.T,2024-02-20,163.4,199.3,21.93,11,9.52,72.62,21.38,,,,,2024,False
4391.T,2024-02-20,1434.3,1258.1,-12.29,16,-5.71,-13.25,-19.09,,,,,2024,False
4377.T,2024-02-20,1476.3,1241.7,-15.89,8,-19.56,-25.89,-8.11,,,,,2024,False
3355.T,2024-02-20,1068.2,1117.6,4.62,77,7.06,12.23,5.33,,,,,2024,False
3963.T,2024-02-20,659.9,581.3,-11.91,12,-11.19,-26.2,-30.89,,,,,2024,False
3983.T,2024-02-20,2621.0,2436.4,-7.04,38,1.32,8.04,-14.79,,,,,2024,False
4396.T,2024-02-20,925.9,897.3,-3.08,40,10.0,-3.3,-5.97,,,,,2024,False
4241.T,2024-02-19,814.3,742.0,-8.88,14,-3.5,-11.37,-34.44,,,,,2024,False
2375.T,2024-02-19,541.7,561.3,3.61,1,11.5,6.2,-18.98,,,,,2024,False
2933.T,2024-02-19,1130.4,1068.4,-5.49,113,4.29,-0.79,-0.45,,,,,2024,False
2652.T,2024-02-19,421.7,497.0,17.88,29,31.51,12.03,4.48,,,,,2024,False
3793.T,2024-02-19,952.0,1031.0,8.3,13,7.77,-19.12,-21.22,,,,,2024,False
3835.T,2024-02-19,684.5,645.0,-5.76,38,2.17,-3.43,-22.11,,,,,2024,False
1929.T,2024-02-19,1042.2,919.9,-11.73,113,1.81,-1.68,-6.97,,,,,2024,False
2910.T,2024-02-19,1611.5,1413.8,-12.27,66,-2.44,-10.96,-9.28,,,,,2024,False
3968.T,2024-02-19,638.9,573.5,-10.23,17,-12.03,-11.13,-10.07,,,,,2024,False
4176.T,2024-02-19,523.0,497.2,-4.92,9,-19.31,-19.69,-38.62,,,,,2024,False
2792.T,2024-02-19,1517.3,1483.2,-2.24,77,5.41,4.43,-6.91,,,,,2024,False
3692.T,2024-02-19,1855.1,1906.3,2.76,16,7.25,-3.55,-5.16,,,,,2024,False
2009.T,2024-02-19,661.7,567.8,-14.18,113,-1.92,-7.01,-5.08,,,,,2024,False
3542.T,2024-02-19,886.5,762.6,-13.97,2,8.95,-3.28,-10.46,,,,,2024,False
4058.T,2024-02-19,1643.1,1470.4,-10.51,16,-3.48,-9.84,7.08,,,,,2024,False
4374.T,2024-02-19,2802.8,2577.4,-8.04,12,-6.5,-19.18,-11.91,,,,,2024,False
2813.T,2024-02-19,3389.5,3699.1,9.13,50,5.15,55.82,21.04,,,,,2024,False
1964.T,2024-02-19,2550.9,2775.7,8.81,73,11.7,19.69,-0.26,,,,,2024,False
3246.T,2024-02-16,820.2,726.5,-11.42,19,-11.05,-11.5,-31.78,,,,,2024,False
4168.T,2024-02-16,1198.7,1074.1,-10.39,10,-30.46,-34.48,-43.35,,,,,2024,False
3371.T,2024-02-16,1704.8,1712.0,0.42,107,4.6,8.01,-15.09,,,,,2024,False
2820.T,2024-02-16,3806.9,3561.7,-6.44,5,-9.09,-18.69,-4.81,,,,,2024,False
2354.T,2024-02-16,733.6,740.6,0.95,24,12.2,-14.72,-10.73,,,,,2024,False
2908.T,2024-02-16,1814.1,1603.1,-11.63,119,0.05,-2.98,-10.33,,,,,2024,False
2060.T,2024-02-16,869.6,836.6,-3.8,67,7.02,0.31,-9.05,,,,,2024,False
3277.T,2024-02-16,948.1,920.6,-2.9,57,1.85,-1.36,-6.33,,,,,2024,False
2788.T,2024-02-16,329.0,496.4,50.87,102,10.54,43.59,17.38,,,,,2024,False
3529.T,2024-02-16,598.0,538.0,-10.03,34,1.34,9.03,28.6,,,,,2024,False
3134.T,2024-02-16,1028.3,1061.3,3.2,34,17.74,16.58,-1.24,,,,,2024,False
3486.T,2024-02-16,1270.6,1193.5,-6.07,10,1.01,-13.47,-26.69,,,,,2024,False
3434.T,2024-02-16,1515.6,1376.6,-9.17,42,0.84,-14.58,-29.47,,,,,2024,False
2108.T,2024-02-15,1920.7,2336.6,21.66,114,2.46,-3.8,22.87,,,,,2024,False
4414.T,2024-02-15,2985.0,3302.2,10.63,27,17.92,-12.56,-36.18,,,,,2024,False
2226.T,2024-02-15,3883.2,4124.7,6.22,69,7.46,12.64,27.73,,,,,2024,False
3333.T,2024-02-15,1182.9,1358.6,14.84,119,3.9,8.86,14.06,,,,,2024,False
4192.T,2024-02-14,674.0,696.2,3.29,32,6.53,-12.91,-42.28,,,,,2024,False
3284.T,2024-02-14,912.6,889.2,-2.56,116,3.91,6.43,-2.95,,,,,2024,False
4310.T,2024-02-14,2557.4,2214.9,-13.39,30,-9.43,-23.03,-31.98,,,,,2024,False
2378.T,2024-02-14,1013.6,981.3,-3.18,32,-0.0,-6.67,-4.84,,,,,2024,False
3653.T,2024-02-14,1625.0,1690.0,4.0,34,10.09,5.11,-10.52,,,,,2024,False
2408.T,2024-02-14,604.1,552.4,-8.55,98,-0.89,-1.19,-12.37,,,,,2024,False
2915.T,2024-02-14,1997.9,1901.5,-4.83,60,-6.07,-4.86,-1.25,,,,,2024,False
3193.T,2024-02-13,3825.5,4090.4,6.93,39,9.02,-3.05,-16.0,,,,,2024,False
3454.T,2024-02-13,1148.4,1006.6,-12.35,117,1.92,0.88,-14.24,,,,,2024,False
3663.T,2024-02-13,717.6,744.8,3.79,60,10.79,3.86,7.03,,,,,2024,False
2148.T,2024-02-13,1706.0,1440.6,-15.56,117,-4.8,-3.4,-13.26,,,,,2024,False
3989.T,2024-02-13,576.4,494.7,-14.18,1,-30.45,-8.81,-6.57,,,,,2024,False
3315.T,2024-02-09,120.1,123.7,2.97,16,7.32,10.7,-19.26,,,,,2024,False
2198.T,2024-02-09,685.1,678.1,-1.03,118,4.52,4.66,2.74,,,,,2024,False
4318.T,2024-02-09,730.9,628.0,-14.08,117,-3.58,-6.66,-20.36,,,,,2024,False
2998.T,2024-02-09,1138.8,996.3,-12.51,1,-23.1,-26.55,-37.93,,,,,2024,False
4075.T,2024-02-09,1050.0,1163.6,10.82,11,-6.67,-14.0,-41.14,,,,,2024,False
3773.T,2024-02-09,1738.3,1485.4,-14.55,34,-10.66,-23.22,-42.47,,,,,2024,False
3010.T,2024-02-08,247.6,217.8,-12.02,2,-15.95,-1.17,-35.02,,,,,2024,False
2484.T,2024-02-08,431.0,373.2,-13.42,13,-14.62,-34.11,-46.17,,,,,2024,False
3004.T,2024-02-08,1460.5,1541.3,5.53,116,-3.31,18.44,-4.47,,,,,2024,False
3205.T,2024-02-08,501.4,555.9,10.86,31,21.54,7.47,34.38,,,,,2024,False
3080.T,2024-02-08,637.5,611.3,-4.12,119,-8.52,1.19,-5.94,,,,,2024,False
2469.T,2024-02-07,2159.8,1934.8,-10.42,8,-12.87,-12.09,-9.35,,,,,2024,False
2173.T,2024-02-07,420.5,536.5,27.59,17,34.18,38.68,-24.31,,,,,2024,False
3093.T,2024-02-06,1372.1,1765.0,28.64,118,-2.11,15.27,18.27,,,,,2024,False
3798.T,2024-02-06,394.9,396.7,0.46,36,12.09,-0.64,9.35,,,,,2024,False
2301.T,2024-02-06,1629.6,1683.3,3.3,119,0.0,0.93,-2.46,,,,,2024,False
3627.T,2024-02-06,466.1,515.2,10.54,21,16.79,-20.07,-30.42,,,,,2024,False
3393.T,2024-02-05,1318.7,1943.1,47.35,119,0.73,1.43,42.56,,,,,2024,False
3553.T,2024-02-05,738.2,673.7,-8.75,64,1.67,-3.89,-8.05,,,,,2024,False
2330.T,2024-02-05,147.0,153.0,4.08,0,180.27,113.61,65.31,,,,,2024,False
3133.T,2024-02-05,859.0,887.4,3.31,9,46.45,4.66,0.35,,,,,2024,False
2892.T,2024-02-05,4243.8,3684.5,-13.18,56,-3.1,-33.57,-35.28,,,,,2024,False
4249.T,2024-02-05,2544.9,2487.1,-2.27,119,-4.54,-3.49,-7.14,,,,,2024,False
4404.T,2024-02-02,1221.5,1158.2,-5.18,62,-1.81,-6.26,16.98,,,,,2024,False
3694.T,2024-02-02,945.0,1052.3,11.35,29,27.51,-3.6,-28.04,,,,,2024,False
3771.T,2024-02-02,1591.5,1379.7,-13.31,39,-6.82,-9.25,-10.71,,,,,2024,False
2216.T,2024-02-02,603.8,784.6,29.95,56,28.54,16.68,50.59,,,,,2024,False
2497.T,2024-02-02,827.6,713.2,-13.82,67,-1.6,-8.15,-10.45,,,,,2024,False
3494.T,2024-02-01,373.5,412.8,10.52,2,20.1,12.27,-4.96,,,,,2024,False
4229.T,2024-02-01,3356.3,3079.8,-8.24,67,0.28,-3.46,-12.88,,,,,2024,False
2053.T,2024-02-01,1101.4,1005.2,-8.73,52,1.49,1.16,25.65,,,,,2024,False
2217.T,2024-02-01,1336.3,1527.7,14.32,119,3.28,2.18,14.2,,,,,2024,False
3741.T,2024-02-01,2556.5,2165.7,-15.29,6,-10.77,-12.9,-21.71,,,,,2024,False
4410.T,2024-01-31,788.1,858.9,8.98,119,3.28,3.9,11.53,,,,,2024,False
3358.T,2024-01-31,139.8,121.4,-13.18,12,-17.88,-21.32,-36.34,,,,,2024,False
3023.T,2024-01-31,1529.9,1625.5,6.25,69,14.44,12.53,3.0,,,,,2024,False
3176.T,2024-01-31,1198.2,1366.7,14.07,118,3.12,13.83,15.61,,,,,2024,False
3565.T,2024-01-30,187.4,208.0,10.98,31,15.09,-7.72,-0.17,,,,,2024,False
2459.T,2024-01-30,229.0,196.4,-14.26,22,-13.1,-15.72,-21.4,,,,,2024,False
4199.T,2024-01-30,1327.0,1445.0,8.89,26,19.89,-15.0,-20.8,,,,,2024,False
3374.T,2024-01-30,2327.4,2747.8,18.06,31,23.61,18.26,4.95,,,,,2024,False
4392.T,2024-01-30,301.5,322.4,6.94,69,-1.89,20.5,-3.79,,,,,2024,False
3840.T,2024-01-29,142.0,147.9,4.15,55,0.7,3.52,-2.11,,,,,2024,False
4323.T,2024-01-29,1654.5,1722.5,4.11,40,1.59,-2.95,-0.39,,,,,2024,False
2112.T,2024-01-29,287.2,252.5,-12.09,52,-5.92,-14.01,-9.83,,,,,2024,False
3843.T,2024-01-29,1419.8,1349.1,-4.98,27,9.09,-4.81,-11.05,,,,,2024,False
3779.T,2024-01-29,207.0,190.4,-8.02,11,-22.71,-34.78,-34.78,,,,,2024,False
4382.T,2024-01-29,1623.0,1751.0,7.89,27,20.52,-12.08,-27.97,,,,,2024,False
3687.T,2024-01-29,1672.7,2094.4,25.21,24,12.7,15.34,1.93,,,,,2024,False
4174.T,2024-01-26,1088.7,1231.2,13.08,33,15.51,-1.3,-16.38,,,,,2024,False
2674.T,2024-01-26,1633.4,1953.7,19.61,119,-0.65,-2.7,18.54,,,,,2024,False
4092.T,2024-01-26,1795.7,2377.1,32.38,119,20.23,23.3,30.37,,,,,2024,False
2323.T,2024-01-25,141.0,148.7,5.45,3,22.07,-0.94,6.1,,,,,2024,False
3652.T,2024-01-25,2880.0,2686.0,-6.74,12,7.29,0.8,-12.33,,,,,2024,False
3457.T,2024-01-24,1009.6,1038.4,2.86,100,2.94,15.05,1.86,,,,,2024,False
2376.T,2024-01-24,799.7,712.7,-10.88,57,1.18,-7.19,-7.79,,,,,2024,False
1972.T,2024-01-24,830.7,785.5,-5.44,96,1.96,3.41,-4.43,,,,,2024,False
2266.T,2024-01-24,1305.3,1463.4,12.11,119,1.04,8.4,11.0,,,,,2024,False
3042.T,2024-01-24,341.5,302.7,-11.36,14,-10.57,-6.86,-6.0,,,,,2024,False
2594.T,2024-01-24,2075.4,2046.9,-1.37,119,-2.71,-4.04,-1.47,,,,,2024,False
1966.T,2024-01-24,1522.1,1561.4,2.58,56,8.95,1.2,-9.49,,,,,2024,False
3747.T,2024-01-23,422.0,426.7,1.11,35,1.18,-6.4,-2.84,,,,,2024,False
2676.T,2024-01-23,1925.7,1638.7,-14.9,85,-5.98,-11.51,-4.41,,,,,2024,False
4197.T,2024-01-23,2442.5,2387.9,-2.23,15,8.73,-5.79,-8.65,,,,,2024,False
3932.T,2024-01-23,2513.1,2171.8,-13.58,13,-8.37,-14.39,-6.23,,,,,2024,False
2687.T,2024-01-22,663.2,540.8,-18.46,56,0.28,-19.3,-3.49,,,,,2024,False
3984.T,2024-01-22,2047.8,2398.5,17.13,32,9.41,-3.41,4.4,,,,,2024,False
3040.T,2024-01-22,1318.2,1147.2,-12.97,50,-3.37,-8.36,-9.3,,,,,2024,False
3221.T,2024-01-22,2949.0,2952.9,0.13,119,-6.49,-10.48,0.13,,,,,2024,False
3680.T,2024-01-19,409.8,342.4,-16.47,17,-21.24,-29.59,1.43,,,,,2024,False
3558.T,2024-01-19,1861.1,2359.6,26.78,51,4.69,-23.95,14.14,,,,,2024,False
3440.T,2024-01-19,969.5,993.3,2.46,59,-2.8,-1.54,3.86,,,,,2024,False
2311.T,2024-01-19,883.0,801.4,-9.24,16,-4.17,-13.54,-14.49,,,,,2024,False
2708.T,2024-01-19,2553.3,2380.9,-6.75,16,-8.78,-24.1,-45.2,,,,,2024,False
3242.T,2024-01-19,366.8,374.1,1.99,119,-1.74,5.46,1.99,,,,,2024,False
3649.T,2024-01-18,836.2,1049.4,25.5,44,33.91,18.56,29.77,,,,,2024,False
2429.T,2024-01-18,2613.3,2245.7,-14.07,16,-14.31,-17.91,-21.82,,,,,2024,False
3611.T,2024-01-18,1421.0,1290.0,-9.22,60,-2.06,-9.89,8.77,,,,,2024,False
3922.T,2024-01-18,2031.6,1878.3,-7.55,25,0.54,-12.13,-1.07,,,,,2024,False
3237.T,2024-01-17,132.0,149.6,13.33,8,18.18,-11.36,3.03,,,,,2024,False
4060.T,2024-01-17,1200.9,1081.9,-9.91,17,-6.64,-16.8,-9.92,,,,,2024,False
4073.T,2024-01-17,830.0,840.6,1.28,0,-15.54,-16.87,-0.6,,,,,2024,False
4270.T,2024-01-17,3813.6,3779.0,-0.91,35,-4.15,-21.76,-19.17,,,,,2024,False
3160.T,2024-01-16,596.1,585.8,-1.73,119,-0.48,3.21,-1.4,,,,,2024,False
3992.T,2024-01-16,339.7,490.7,44.46,36,15.71,24.26,7.15,,,,,2024,False
2918.T,2024-01-16,2720.9,2148.2,-21.05,59,-7.98,-18.47,-13.68,,,,,2024,False
2153.T,2024-01-15,1557.2,1751.0,12.45,119,-2.29,6.65,9.17,,,,,2024,False
2932.T,2024-01-15,1320.6,1204.2,-8.81,32,-2.74,0.6,21.99,,,,,2024,False
3547.T,2024-01-15,1614.9,1697.5,5.11,21,7.8,4.76,3.54,,,,,2024,False
3421.T,2024-01-15,1467.2,1775.1,20.99,119,-3.34,19.75,19.95,,,,,2024,False
3139.T,2024-01-15,2012.0,2683.9,33.4,119,0.79,7.39,29.83,,,,,2024,False
3836.T,2024-01-12,1405.4,1233.4,-12.24,39,-5.46,-14.3,-0.73,,,,,2024,False
4112.T,2024-01-12,1744.6,2644.3,51.57,119,-0.0,13.74,50.48,,,,,2024,False
2437.T,2024-01-12,632.0,549.9,-12.98,2,-19.94,-28.8,-36.71,,,,,2024,False
3109.T,2024-01-12,1041.1,1029.2,-1.14,119,1.0,-5.07,-1.4,,,,,2024,False
2673.T,2024-01-12,113.0,113.0,0.04,48,-5.31,-0.88,-2.65,,,,,2024,False
3196.T,2024-01-12,1892.0,2372.2,25.38,119,4.28,9.09,26.21,,,,,2024,False
3501.T,2024-01-12,1133.4,1167.9,3.05,119,-1.73,12.74,1.41,,,,,2024,False
2705.T,2024-01-11,5267.5,5202.6,-1.23,119,0.95,-4.07,-0.85,,,,,2024,False
3696.T,2024-01-11,1238.5,1052.7,-15.0,10,2.6,34.81,16.79,,,,,2024,False
3580.T,2024-01-11,805.3,686.9,-14.71,67,-11.39,-10.49,-13.75,,,,,2024,False
3320.T,2024-01-11,1168.0,1115.4,-4.5,16,4.64,-12.99,-3.45,,,,,2024,False
3276.T,2024-01-11,1020.7,1131.1,10.81,119,1.42,17.97,9.99,,,,,2024,False
2305.T,2024-01-11,1948.2,2014.4,3.4,119,-1.46,0.42,1.64,,,,,2024,False
3179.T,2024-01-10,1042.9,1123.9,7.76,94,-6.72,5.63,27.75,,,,,2024,False
4072.T,2024-01-10,2771.5,2438.8,-12.0,41,1.1,-5.75,-6.36,,,,,2024,False
3180.T,2024-01-10,2247.8,2054.9,-8.58,57,-7.72,-11.41,-32.17,,,,,2024,False
4015.T,2024-01-09,587.0,524.4,-10.66,3,-12.78,-27.09,-14.48,,,,,2024,False
3452.T,2024-01-09,899.5,848.0,-5.73,26,6.26,4.34,-3.03,,,,,2024,False
4011.T,2024-01-09,4450.0,6115.8,37.43,28,1.91,36.63,26.85,,,,,2024,False
4258.T,2024-01-09,1122.3,1023.8,-8.78,25,11.13,-15.12,15.47,,,,,2024,False
2163.T,2024-01-09,2200.0,2054.7,-6.6,57,-7.99,-4.99,-12.96,,,,,2024,False
3431.T,2024-01-09,1496.7,2246.2,50.07,119,3.39,24.26,51.58,,,,,2024,False
3546.T,2024-01-09,998.2,1069.2,7.11,119,8.79,-1.06,7.59,,,,,2024,False
4056.T,2024-01-09,1229.0,1099.0,-10.57,11,-9.03,-17.58,-23.76,,,,,2024,False
2533.T,2024-01-09,341.8,361.8,5.87,119,3.07,0.56,5.87,,,,,2024,False
4231.T,2024-01-09,775.5,774.1,-0.18,85,10.84,25.24,5.63,,,,,2024,False
4059.T,2024-01-09,781.0,765.0,-2.05,1,-7.55,-25.48,-21.64,,,,,2024,False
2982.T,2024-01-05,215.5,209.6,-2.75,93,-0.42,1.69,0.69,,,,,2024,False
1930.T,2024-01-05,1181.8,1044.2,-11.64,84,0.62,-2.37,-8.3,,,,,2024,False
3075.T,2024-01-05,1616.6,1786.1,10.48,87,1.94,24.32,1.35,,,,,2024,False
2753.T,2024-01-05,1393.2,1890.8,35.72,70,6.02,39.71,30.54,,,,,2024,False
4064.T,2024-01-05,1337.4,1844.4,37.92,119,4.7,22.19,37.64,,,,,2024,False
3791.T,2024-01-05,1104.3,1322.2,19.73,66,11.97,37.25,2.81,,,,,2024,False
2215.T,2024-01-05,651.0,726.8,11.64,25,21.2,-1.38,1.23,,,,,2024,False
2751.T,2024-01-05,2875.4,3315.6,15.31,77,10.46,30.83,16.62,,,,,2024,False
3489.T,2024-01-04,437.3,414.1,-5.32,27,7.84,1.18,25.64,,,,,2024,False
3983.T,2024-01-04,2554.6,2502.6,-2.03,32,10.24,-1.77,-4.52,,,,,2024,False
2325.T,2024-01-04,2704.8,3793.1,40.24,119,-2.65,10.29,40.95,,,,,2024,False
2884.T,2024-01-04,1066.0,991.1,-7.03,7,13.7,23.45,49.44,,,,,2024,False
4391.T,2024-01-04,1869.8,1597.6,-14.56,10,-2.55,-30.12,-27.18,,,,,2024,False
3963.T,2024-01-04,607.3,581.3,-4.28,43,1.06,-10.38,-19.03,,,,,2024,False
1887.T,2024-01-04,562.7,489.9,-12.93,8,-12.68,-13.17,-22.12,,,,,2024,False
1904.T,2024-01-04,4511.3,4824.1,6.94,45,5.85,-10.81,-7.19,,,,,2024,False
1964.T,2023-12-29,2110.0,2775.7,31.55,104,10.98,23.7,47.12,,,,,2023,False
2792.T,2023-12-29,1620.8,1483.2,-8.49,108,-4.61,0.17,-7.99,,,,,2023,False
3793.T,2023-12-29,841.0,1031.0,22.59,44,5.71,21.64,-11.53,,,,,2023,False
4241.T,2023-12-29,827.7,834.5,0.83,0,15.98,-13.26,-17.22,,,,,2023,False
4051.T,2023-12-29,9835.2,9305.4,-5.39,40,1.29,-10.12,-37.5,,,,,2023,False
2910.T,2023-12-29,1548.1,1413.8,-8.68,97,0.5,2.85,-8.51,,,,,2023,False
1929.T,2023-12-29,1032.3,1027.4,-0.47,119,1.39,3.01,-0.11,,,,,2023,False
2375.T,2023-12-29,641.6,626.0,-2.43,9,-2.77,-13.71,-13.87,,,,,2023,False
3965.T,2023-12-29,737.5,831.8,12.78,119,-3.59,1.88,12.78,,,,,2023,False
2933.T,2023-12-29,1158.0,1215.0,4.92,119,-4.19,0.09,5.42,,,,,2023,False
3692.T,2023-12-29,1249.9,1906.3,52.52,47,16.61,49.28,62.24,,,,,2023,False
2652.T,2023-12-29,445.9,438.5,-1.65,28,3.93,14.67,16.64,,,,,2023,False
2009.T,2023-12-29,595.3,640.8,7.63,119,12.06,5.65,7.63,,,,,2023,False
3134.T,2023-12-28,921.4,1061.3,15.17,65,9.5,26.6,17.05,,,,,2023,False
3246.T,2023-12-28,936.6,886.1,-5.39,20,-5.05,-20.61,-26.89,,,,,2023,False
2060.T,2023-12-28,727.4,836.6,15.01,98,12.66,23.1,21.32,,,,,2023,False
3486.T,2023-12-28,1025.6,1193.5,16.38,41,13.06,31.01,-1.43,,,,,2023,False
2354.T,2023-12-28,692.4,740.6,6.96,55,2.17,0.45,12.6,,,,,2023,False
2820.T,2023-12-28,3292.6,3636.2,10.44,30,15.04,1.02,-2.68,,,,,2023,False
2908.T,2023-12-27,1784.2,1761.0,-1.3,119,6.08,1.3,-0.98,,,,,2023,False
3082.T,2023-12-27,1014.3,925.8,-8.73,32,3.39,-6.5,-12.62,,,,,2023,False
3835.T,2023-12-27,716.0,645.0,-9.91,71,-5.96,-5.19,-3.61,,,,,2023,False
4414.T,2023-12-27,2425.0,2071.9,-14.56,7,-9.18,30.72,4.33,,,,,2023,False
3284.T,2023-12-26,900.4,1044.4,16.0,119,11.59,10.65,16.0,,,,,2023,False
2764.T,2023-12-26,270.0,240.0,-11.11,90,-3.7,7.78,-20.0,,,,,2023,False
3461.T,2023-12-26,408.6,366.2,-10.38,1,-12.53,-10.17,-17.49,,,,,2023,False
2408.T,2023-12-26,501.6,586.5,16.93,115,25.99,25.63,18.95,,,,,2023,False
4192.T,2023-12-26,701.0,651.1,-7.12,31,1.28,4.85,-24.68,,,,,2023,False
4310.T,2023-12-26,2344.4,2341.8,-0.11,43,15.45,-3.33,-24.25,,,,,2023,False
2788.T,2023-12-25,384.1,329.0,-14.33,34,-3.83,-9.69,41.56,,,,,2023,False
3454.T,2023-12-25,926.4,1128.3,21.79,119,26.34,26.34,23.11,,,,,2023,False
3193.T,2023-12-25,3207.9,4090.4,27.51,70,14.37,43.19,11.22,,,,,2023,False
4350.T,2023-12-25,613.6,546.3,-10.96,27,-4.29,0.3,-9.92,,,,,2023,False
4318.T,2023-12-22,754.4,665.5,-11.79,93,-0.75,-4.92,-13.84,,,,,2023,False
2198.T,2023-12-22,606.3,733.9,21.05,119,11.92,28.48,22.45,,,,,2023,False
3773.T,2023-12-22,1699.4,1621.6,-4.58,35,8.01,-10.9,-39.72,,,,,2023,False
3315.T,2023-12-22,116.2,112.9,-2.86,31,5.04,8.4,6.68,,,,,2023,False
3041.T,2023-12-22,1013.4,910.7,-10.13,33,-0.19,-21.28,-40.82,,,,,2023,False
2998.T,2023-12-22,1021.0,1138.8,11.54,31,12.69,-5.58,-11.54,,,,,2023,False
2461.T,2023-12-21,360.5,372.2,3.23,119,0.98,0.48,1.73,,,,,2023,False
3010.T,2023-12-21,156.1,221.9,42.19,26,48.77,51.85,33.33,,,,,2023,False
2484.T,2023-12-21,492.0,513.4,4.35,13,-11.38,-33.13,-54.27,,,,,2023,False
3537.T,2023-12-21,1186.9,1234.3,3.99,119,10.35,19.84,4.4,,,,,2023,False
3663.T,2023-12-20,675.8,744.8,10.2,94,-3.01,26.25,20.32,,,,,2023,False
2301.T,2023-12-19,1643.2,1758.6,7.03,119,-1.87,-4.02,7.92,,,,,2023,False
3653.T,2023-12-19,1530.0,1690.0,10.46,70,-0.39,22.48,14.38,,,,,2023,False
2934.T,2023-12-19,4450.0,3705.0,-16.74,14,-18.65,-23.6,-34.0,,,,,2023,False
3133.T,2023-12-18,989.0,879.8,-11.05,5,-13.04,25.88,1.01,,,,,2023,False
2892.T,2023-12-18,3662.2,3738.6,2.08,87,14.02,12.41,-25.94,,,,,2023,False
4249.T,2023-12-18,2477.8,2490.8,0.52,119,2.38,0.43,2.84,,,,,2023,False
4404.T,2023-12-15,1188.6,1158.2,-2.56,93,1.22,0.05,2.61,,,,,2023,False
2216.T,2023-12-15,622.8,601.9,-3.35,30,-1.06,29.2,23.56,,,,,2023,False
2497.T,2023-12-15,745.8,713.2,-4.36,98,9.45,7.32,-6.31,,,,,2023,False
2338.T,2023-12-15,1053.3,906.7,-13.92,2,-47.41,-54.62,-52.82,,,,,2023,False
3121.T,2023-12-14,349.4,326.7,-6.5,6,-14.41,-27.97,-11.86,,,,,2023,False
3741.T,2023-12-14,1993.9,2281.0,14.4,36,22.31,21.61,6.63,,,,,2023,False
3329.T,2023-12-14,1773.4,1828.6,3.11,109,4.74,11.89,14.48,,,,,2023,False
3494.T,2023-12-14,301.4,423.5,40.51,28,44.01,42.07,31.72,,,,,2023,False
3771.T,2023-12-13,1593.7,1354.7,-15.0,2,-17.16,-6.67,-11.3,,,,,2023,False
4392.T,2023-12-12,315.7,285.8,-9.45,33,-5.7,-1.78,0.02,,,,,2023,False
2459.T,2023-12-12,408.0,408.0,0.0,2,-44.12,-40.2,-49.51,,,,,2023,False
3840.T,2023-12-11,159.0,150.4,-5.38,10,0.63,-4.4,-13.21,,,,,2023,False
4323.T,2023-12-11,1292.6,1722.5,33.25,71,20.8,43.31,17.72,,,,,2023,False
4382.T,2023-12-11,1592.0,1636.2,2.78,15,1.01,4.84,-11.18,,,,,2023,False
3843.T,2023-12-11,1243.9,1349.1,8.45,58,7.14,3.91,6.65,,,,,2023,False
3779.T,2023-12-11,225.0,210.8,-6.31,2,-4.89,-32.89,-32.89,,,,,2023,False
2674.T,2023-12-08,1333.5,1915.9,43.67,119,15.28,12.3,48.38,,,,,2023,False
2323.T,2023-12-07,131.6,149.5,13.65,25,28.81,9.18,0.25,,,,,2023,False
4055.T,2023-12-06,2670.7,2420.3,-9.38,26,0.52,-18.11,-45.43,,,,,2023,False
2594.T,2023-12-06,2047.8,2020.2,-1.35,119,0.82,-1.78,-1.54,,,,,2023,False
2676.T,2023-12-05,1483.2,1661.8,12.04,80,16.29,15.68,16.29,,,,,2023,False
4197.T,2023-12-05,1933.2,1703.4,-11.89,4,-10.73,46.59,18.19,,,,,2023,False
3932.T,2023-12-05,2102.7,2181.3,3.74,44,11.51,6.68,-6.22,,,,,2023,False
1966.T,2023-12-05,1282.9,1561.4,21.71,88,5.45,29.61,7.96,,,,,2023,False
2410.T,2023-12-04,1865.1,1685.1,-9.65,38,2.68,-15.27,-15.27,,,,,2023,False
3221.T,2023-12-04,2879.6,2710.6,-5.87,119,-6.78,1.25,-3.59,,,,,2023,False
3652.T,2023-12-04,2850.0,2686.0,-5.75,46,-5.96,15.09,-11.51,,,,,2023,False
3556.T,2023-12-04,691.0,586.0,-15.2,3,-39.65,-37.92,-51.23,,,,,2023,False
3040.T,2023-12-04,1293.9,1199.5,-7.29,68,-3.85,0.8,-16.22,,,,,2023,False
4379.T,2023-12-01,503.0,448.8,-10.78,4,-10.93,-19.09,-31.21,,,,,2023,False
3242.T,2023-12-01,363.9,374.1,2.81,119,0.56,-1.19,3.81,,,,,2023,False
3690.T,2023-12-01,678.9,626.0,-7.79,46,-6.03,-8.05,-13.07,,,,,2023,False
3558.T,2023-12-01,1708.0,2359.6,38.15,82,20.0,49.71,0.52,,,,,2023,False
2429.T,2023-11-30,2377.0,2245.7,-5.52,47,4.68,-6.02,-16.5,,,,,2023,False
3649.T,2023-11-30,909.6,858.1,-5.66,29,8.46,26.36,4.46,,,,,2023,False
3371.T,2023-11-29,1605.0,1830.9,14.07,119,-0.87,9.76,15.72,,,,,2023,False
3237.T,2023-11-29,127.0,112.2,-11.65,1,-1.57,26.77,4.72,,,,,2023,False
4092.T,2023-11-28,1821.3,2200.2,20.8,119,-6.87,23.91,19.53,,,,,2023,False
3992.T,2023-11-28,333.5,490.7,47.14,67,8.14,31.57,9.14,,,,,2023,False
3160.T,2023-11-28,593.2,605.6,2.09,119,0.16,2.25,3.06,,,,,2023,False
2918.T,2023-11-28,3167.1,2808.1,-11.33,28,-0.57,-20.33,-32.78,,,,,2023,False
4347.T,2023-11-27,1341.8,1164.1,-13.24,29,-1.72,-13.31,10.51,,,,,2023,False
2932.T,2023-11-27,1435.2,1288.2,-10.24,37,-0.86,-14.13,1.9,,,,,2023,False
4027.T,2023-11-27,1224.1,1329.3,8.6,94,2.19,14.45,23.64,,,,,2023,False
4374.T,2023-11-24,2592.2,2298.7,-11.32,30,-7.71,2.96,-18.42,,,,,2023,False
3836.T,2023-11-24,1488.9,1273.8,-14.45,64,-9.58,-8.8,-13.89,,,,,2023,False
4112.T,2023-11-24,1673.9,2325.0,38.9,119,-0.14,4.79,43.17,,,,,2023,False
3196.T,2023-11-24,2023.7,2429.5,20.05,119,-5.68,-10.46,29.43,,,,,2023,False
3434.T,2023-11-22,1347.9,1376.6,2.13,98,-8.25,8.38,-5.47,,,,,2023,False
2053.T,2023-11-22,986.4,1005.2,1.91,98,-0.09,14.43,43.5,,,,,2023,False
3953.T,2023-11-21,705.7,801.8,13.61,42,-6.31,5.2,-0.65,,,,,2023,False
3180.T,2023-11-21,2384.4,2104.6,-11.73,11,-18.08,-7.98,-16.39,,,,,2023,False
2936.T,2023-11-21,561.0,509.2,-9.24,10,-12.66,-22.82,-36.36,,,,,2023,False
3611.T,2023-11-21,1377.5,1296.0,-5.92,97,-1.99,0.39,3.97,,,,,2023,False
3918.T,2023-11-21,937.8,840.5,-10.37,54,-3.92,-8.98,-9.48,,,,,2023,False
3179.T,2023-11-21,1056.4,954.5,-9.65,32,-0.51,-5.79,11.65,,,,,2023,False
4231.T,2023-11-20,757.1,690.4,-8.81,18,-4.97,32.02,-2.87,,,,,2023,False
3989.T,2023-11-20,703.9,637.6,-9.42,4,-27.56,-30.05,-31.23,,,,,2023,False
4258.T,2023-11-20,1129.8,981.5,-13.13,13,-12.11,-13.65,0.4,,,,,2023,False
3452.T,2023-11-20,788.0,848.0,7.62,57,6.35,9.43,3.43,,,,,2023,False
2163.T,2023-11-20,1612.7,2054.7,27.41,88,17.03,40.21,23.34,,,,,2023,False
3431.T,2023-11-20,1382.1,2076.7,50.26,119,0.96,26.63,51.89,,,,,2023,False
2982.T,2023-11-17,210.4,220.1,4.61,119,-1.7,2.87,3.31,,,,,2023,False
3004.T,2023-11-17,1552.1,1452.1,-6.44,50,7.85,-7.51,8.42,,,,,2023,False
2533.T,2023-11-17,355.8,337.0,-5.29,119,-5.77,-6.36,-6.1,,,,,2023,False
2215.T,2023-11-17,693.0,675.8,-2.49,10,-4.18,-0.58,-5.92,,,,,2023,False
2153.T,2023-11-17,1488.5,1696.4,13.97,119,-3.38,3.51,14.58,,,,,2023,False
4015.T,2023-11-17,525.0,550.8,4.91,12,5.14,0.76,-19.43,,,,,2023,False
2708.T,2023-11-17,2194.5,2380.9,8.49,56,-1.8,6.14,-27.15,,,,,2023,False
3042.T,2023-11-17,326.9,277.9,-15.0,17,-12.84,-7.46,-15.52,,,,,2023,False
3580.T,2023-11-17,750.6,732.6,-2.41,51,-9.75,-2.72,-8.72,,,,,2023,False
2753.T,2023-11-17,1158.9,1890.8,63.16,101,1.64,18.72,72.92,,,,,2023,False
3791.T,2023-11-17,1021.1,1123.9,10.07,24,29.5,37.17,7.07,,,,,2023,False
2475.T,2023-11-17,2036.4,1847.9,-9.26,116,0.22,3.9,-22.64,,,,,2023,False
3075.T,2023-11-17,1383.9,1786.1,29.06,118,15.97,21.13,30.13,,,,,2023,False
1904.T,2023-11-16,3115.1,4824.1,54.86,76,19.71,57.37,33.21,,,,,2023,False
3983.T,2023-11-16,2448.9,2502.6,2.19,63,7.69,10.21,16.3,,,,,2023,False
4093.T,2023-11-16,310.8,344.9,10.99,119,11.76,19.95,11.88,,,,,2023,False
3489.T,2023-11-16,393.2,414.1,5.32,58,-0.96,7.39,43.59,,,,,2023,False
4011.T,2023-11-16,5165.0,4585.8,-11.21,0,-19.85,20.23,25.85,,,,,2023,False
2884.T,2023-11-16,1055.0,1029.4,-2.43,16,-0.57,20.19,38.77,,,,,2023,False
4391.T,2023-11-16,1294.0,1597.6,23.47,41,16.49,9.26,-1.36,,,,,2023,False
3963.T,2023-11-16,631.3,587.6,-6.92,25,7.75,1.9,-19.43,,,,,2023,False
2325.T,2023-11-16,2472.1,3097.8,25.31,119,4.53,6.09,29.18,,,,,2023,False
2910.T,2023-11-15,1563.5,1431.9,-8.42,119,-7.37,0.8,-7.55,,,,,2023,False
2924.T,2023-11-15,1193.0,1271.9,6.61,97,4.62,6.01,4.22,,,,,2023,False
2375.T,2023-11-15,937.1,815.9,-12.94,3,-29.32,-41.98,-37.13,,,,,2023,False
3023.T,2023-11-15,1386.6,1625.5,17.23,119,-3.51,5.46,17.88,,,,,2023,False
3798.T,2023-11-15,394.4,376.3,-4.61,42,6.97,8.44,5.41,,,,,2023,False
3271.T,2023-11-15,375.6,337.0,-10.28,19,-9.66,1.93,37.44,,,,,2023,False
2652.T,2023-11-15,354.4,438.5,23.73,59,16.16,18.35,35.8,,,,,2023,False
2792.T,2023-11-15,1475.0,1581.6,7.23,119,12.48,1.79,6.98,,,,,2023,False
4396.T,2023-11-15,910.5,897.3,-1.44,103,-7.01,-2.4,1.43,,,,,2023,False
2933.T,2023-11-15,1062.9,1087.8,2.34,119,4.38,6.35,4.15,,,,,2023,False
4241.T,2023-11-15,594.6,727.8,22.4,11,13.12,30.88,17.02,,,,,2023,False
3692.T,2023-11-15,1285.5,1189.4,-7.48,17,-7.23,42.69,40.19,,,,,2023,False
2354.T,2023-11-14,716.7,684.9,-4.44,30,1.96,-0.65,-13.51,,,,,2023,False
3547.T,2023-11-14,1647.5,1697.5,3.03,60,-6.4,2.63,-1.92,,,,,2023,False
2705.T,2023-11-14,5118.2,4993.3,-2.44,119,-5.74,-0.97,-1.86,,,,,2023,False
2820.T,2023-11-14,2625.1,3636.2,38.52,61,19.26,52.52,17.55,,,,,2023,False
3486.T,2023-11-14,984.1,983.1,-0.1,16,1.11,28.47,9.16,,,,,2023,False
4060.T,2023-11-14,1129.1,1025.0,-9.22,15,-9.94,-4.18,3.49,,,,,2023,False
4414.T,2023-11-13,2247.5,2316.2,3.06,15,-0.78,37.93,15.51,,,,,2023,False
4051.T,2023-11-13,10732.8,9239.0,-13.92,11,-17.27,-8.45,-29.82,,,,,2023,False
2120.T,2023-11-13,195.8,167.5,-14.49,23,-11.59,-9.66,-19.81,,,,,2023,False
2908.T,2023-11-13,1848.7,1773.3,-4.08,119,-2.98,-2.28,-4.74,,,,,2023,False
2226.T,2023-11-13,4008.8,4296.0,7.16,119,-7.59,-2.41,9.84,,,,,2023,False
3835.T,2023-11-13,704.9,656.7,-6.84,50,1.71,-5.53,-9.29,,,,,2023,False
3176.T,2023-11-13,1165.3,1465.9,25.8,119,-2.74,-0.31,26.52,,,,,2023,False
3501.T,2023-11-13,1003.8,1245.1,24.04,119,0.34,9.23,22.36,,,,,2023,False
2209.T,2023-11-13,2216.9,2380.5,7.38,119,1.99,6.02,7.47,,,,,2023,False
4310.T,2023-11-10,2373.5,2214.9,-6.68,17,-8.53,7.75,-9.67,,,,,2023,False
3284.T,2023-11-10,913.4,993.6,8.77,119,-0.57,-0.29,7.31,,,,,2023,False
4346.T,2023-11-10,712.2,581.0,-18.42,62,-0.0,-5.74,-15.75,,,,,2023,False
4350.T,2023-11-09,479.0,546.3,14.06,58,25.54,12.77,27.88,,,,,2023,False
1887.T,2023-11-09,542.4,489.9,-9.67,44,-2.0,-12.29,-11.61,,,,,2023,False
2788.T,2023-11-09,421.1,358.0,-15.0,7,-7.73,-16.97,9.3,,,,,2023,False
3193.T,2023-11-09,2765.3,4090.4,47.92,101,17.06,42.38,35.35,,,,,2023,False
3979.T,2023-11-08,490.4,459.7,-6.26,5,-23.76,-18.25,-21.83,,,,,2023,False
2198.T,2023-11-08,598.8,716.1,19.59,119,4.08,14.42,20.22,,,,,2023,False
3997.T,2023-11-08,112.2,98.4,-12.31,11,-14.96,-22.88,-28.03,,,,,2023,False
4318.T,2023-11-08,643.3,692.9,7.72,119,-3.74,11.82,7.48,,,,,2023,False
3773.T,2023-11-08,1542.9,1621.6,5.1,66,3.36,14.23,-13.25,,,,,2023,False
4064.T,2023-11-08,1361.6,1609.3,18.19,119,-4.94,19.64,17.44,,,,,2023,False
3041.T,2023-11-08,1058.7,986.9,-6.78,32,-2.7,-7.91,-31.44,,,,,2023,False
3315.T,2023-11-08,107.4,112.9,5.09,62,10.91,16.36,17.27,,,,,2023,False
3457.T,2023-11-07,926.2,1175.3,26.9,119,4.0,11.8,25.9,,,,,2023,False
2345.T,2023-11-07,400.0,344.2,-13.94,2,-32.75,-40.0,-40.0,,,,,2023,False
3010.T,2023-11-07,145.5,149.9,3.01,5,11.92,68.21,72.19,,,,,2023,False
4072.T,2023-11-06,2697.5,2438.8,-9.59,83,-5.76,3.76,-2.18,,,,,2023,False
4263.T,2023-11-06,1508.0,1285.2,-14.77,8,-11.67,-55.9,-62.67,,,,,2023,False
1972.T,2023-11-06,797.3,842.1,5.62,119,0.65,6.46,4.39,,,,,2023,False
3663.T,2023-11-06,769.8,659.9,-14.27,46,-11.6,-16.84,3.64,,,,,2023,False
4375.T,2023-11-02,840.0,754.8,-10.14,40,-4.64,-9.29,-23.69,,,,,2023,False
2934.T,2023-11-02,4490.0,4309.5,-4.02,24,2.78,-16.37,-42.54,,,,,2023,False
2301.T,2023-11-02,1555.3,1609.8,3.5,25,16.12,3.78,8.64,,,,,2023,False
3134.T,2023-11-02,877.2,831.0,-5.27,28,5.15,14.6,30.45,,,,,2023,False
2997.T,2023-11-01,602.0,588.2,-2.29,23,5.48,-8.14,-10.13,,,,,2023,False
4249.T,2023-11-01,2157.3,2471.6,14.57,119,19.42,16.22,14.57,,,,,2023,False
2892.T,2023-11-01,3666.8,3738.6,1.96,118,3.1,13.63,-23.88,,,,,2023,False
3133.T,2023-11-01,587.0,628.2,7.01,4,54.0,38.67,57.92,,,,,2023,False
2216.T,2023-10-31,705.0,671.8,-4.71,9,-8.66,-14.08,-1.37,,,,,2023,False
4404.T,2023-10-31,1179.8,1162.5,-1.46,119,9.1,3.93,-2.32,,,,,2023,False
2497.T,2023-10-31,806.5,754.7,-6.42,119,-5.24,1.42,-6.53,,,,,2023,False
1967.T,2023-10-31,845.3,956.6,13.16,119,2.4,7.42,13.72,,,,,2023,False
4054.T,2023-10-31,771.7,725.1,-6.04,9,-10.04,-16.01,-23.63,,,,,2023,False
2338.T,2023-10-31,1113.3,991.7,-10.93,24,3.29,-58.8,-58.5,,,,,2023,False
3475.T,2023-10-30,783.0,701.5,-10.41,23,19.41,-7.1,-1.18,,,,,2023,False
3553.T,2023-10-30,578.4,696.9,20.48,119,11.15,23.97,22.2,,,,,2023,False
3494.T,2023-10-30,294.5,269.8,-8.41,5,12.85,38.08,43.71,,,,,2023,False
3329.T,2023-10-30,1788.0,2033.1,13.71,119,3.71,4.7,11.62,,,,,2023,False
3741.T,2023-10-30,1614.9,2281.0,41.25,67,26.68,60.06,40.11,,,,,2023,False
3771.T,2023-10-27,1383.5,1410.4,1.94,32,18.14,-2.32,3.32,,,,,2023,False
3454.T,2023-10-27,995.6,879.5,-11.66,27,-8.33,15.16,16.27,,,,,2023,False
2376.T,2023-10-26,816.7,730.4,-10.57,28,-5.68,-1.16,-15.38,,,,,2023,False
2903.T,2023-10-26,924.7,900.0,-2.67,119,-3.36,0.31,-2.88,,,,,2023,False
3393.T,2023-10-26,1281.0,1129.8,-11.81,1,-11.0,4.17,-0.03,,,,,2023,False
3840.T,2023-10-25,140.0,150.4,7.46,41,17.14,3.57,5.71,,,,,2023,False
2334.T,2023-10-25,161.8,129.9,-19.72,13,-28.92,-32.57,-50.62,,,,,2023,False
3779.T,2023-10-25,250.0,222.7,-10.92,2,18.4,-17.2,-46.0,,,,,2023,False
4270.T,2023-10-25,3151.7,3128.2,-0.74,31,13.95,18.18,-5.96,,,,,2023,False
3627.T,2023-10-25,400.2,415.6,3.87,51,11.93,5.49,-2.81,,,,,2023,False
4323.T,2023-10-25,1007.0,1722.5,71.05,102,18.56,58.85,66.92,,,,,2023,False
4168.T,2023-10-24,1134.8,1075.0,-5.27,28,-4.51,-10.67,-28.01,,,,,2023,False
2674.T,2023-10-24,1265.6,1594.9,26.02,119,4.67,26.41,25.29,,,,,2023,False
2915.T,2023-10-23,1411.9,2077.5,47.14,119,5.06,13.32,50.24,,,,,2023,False
3561.T,2023-10-23,1732.0,1598.6,-7.7,22,-3.96,-19.8,-1.6,,,,,2023,False
2764.T,2023-10-20,240.0,269.0,12.08,119,4.17,6.25,9.58,,,,,2023,False
4055.T,2023-10-20,2167.7,1860.4,-14.18,3,37.89,12.86,-25.53,,,,,2023,False
4418.T,2023-10-19,1050.0,886.0,-15.62,14,-18.19,-30.76,-20.1,,,,,2023,False
2676.T,2023-10-19,1426.7,1661.8,16.47,111,0.79,31.96,21.22,,,,,2023,False
3221.T,2023-10-18,2675.6,2660.2,-0.57,39,3.8,10.4,-1.59,,,,,2023,False
3556.T,2023-10-18,596.0,616.2,3.4,32,3.19,-28.69,-40.94,,,,,2023,False
2410.T,2023-10-18,1678.6,1685.1,0.39,69,-1.25,9.81,-2.28,,,,,2023,False
3558.T,2023-10-17,1566.6,2359.6,50.61,113,-9.71,16.29,10.28,,,,,2023,False
4379.T,2023-10-17,589.0,540.6,-8.22,17,-12.73,-25.64,-38.37,,,,,2023,False
4274.T,2023-10-17,1450.2,1248.3,-13.92,39,-8.4,-13.4,-6.71,,,,,2023,False
2687.T,2023-10-17,630.3,540.8,-14.2,119,-1.74,2.47,-13.61,,,,,2023,False
3987.T,2023-10-16,664.0,582.2,-12.31,1,-17.92,-28.16,-20.48,,,,,2023,False
2351.T,2023-10-16,689.1,594.9,-13.67,1,-18.89,-34.66,-25.64,,,,,2023,False
4264.T,2023-10-16,1673.0,1581.0,-5.5,32,5.5,-4.12,-14.23,,,,,2023,False
3649.T,2023-10-16,835.6,740.1,-11.43,7,2.61,2.37,22.43,,,,,2023,False
1929.T,2023-10-13,945.0,1070.6,13.3,119,-2.57,11.24,12.23,,,,,2023,False
3135.T,2023-10-12,1383.0,1213.8,-12.23,20,-19.45,-28.49,-45.84,,,,,2023,False
2918.T,2023-10-12,2785.4,2808.1,0.82,59,12.72,0.0,-14.59,,,,,2023,False
3992.T,2023-10-12,300.1,490.7,63.49,98,5.08,17.14,45.87,,,,,2023,False
4382.T,2023-10-12,1487.0,1265.6,-14.89,37,-5.85,8.14,4.71,,,,,2023,False
4092.T,2023-10-12,1775.6,2313.2,30.28,119,2.26,-1.95,28.76,,,,,2023,False
4027.T,2023-10-11,1398.2,1283.3,-8.21,15,-6.23,-7.48,3.35,,,,,2023,False
2932.T,2023-10-11,1365.7,1288.2,-5.67,68,-6.79,-3.3,-1.8,,,,,2023,False
3196.T,2023-10-10,1895.9,2058.0,8.55,119,0.78,0.21,8.65,,,,,2023,False
4374.T,2023-10-10,2531.1,2184.1,-13.71,5,-9.65,-6.81,2.68,,,,,2023,False
4112.T,2023-10-10,1475.8,1879.6,27.36,119,-2.72,21.25,32.04,,,,,2023,False
4347.T,2023-10-10,1619.4,1420.5,-12.28,9,-13.09,-26.23,-24.69,,,,,2023,False
3434.T,2023-10-06,1393.5,1196.9,-14.11,10,-1.83,-6.02,7.37,,,,,2023,False
3030.T,2023-10-06,807.4,663.9,-17.77,4,-12.49,-8.76,-9.77,,,,,2023,False
2700.T,2023-10-05,1013.6,961.6,-5.13,87,2.43,1.27,-0.05,,,,,2023,False
2936.T,2023-10-05,736.0,695.3,-5.53,5,-32.07,-30.98,-36.28,,,,,2023,False
3611.T,2023-10-05,1434.3,1416.7,-1.23,119,-2.04,-9.02,-2.82,,,,,2023,False
3180.T,2023-10-05,2224.8,2104.6,-5.4,42,6.91,-1.86,-8.56,,,,,2023,False
3431.T,2023-10-04,1296.1,1877.8,44.88,119,4.25,12.24,43.66,,,,,2023,False
3452.T,2023-10-04,702.6,848.0,20.69,88,2.45,25.43,36.56,,,,,2023,False
3418.T,2023-10-04,1307.3,1114.1,-14.78,8,-6.71,-8.75,2.92,,,,,2023,False
2163.T,2023-10-04,1459.1,2054.7,40.82,119,9.04,40.12,39.98,,,,,2023,False
4258.T,2023-10-04,1111.4,1018.3,-8.38,10,-7.83,-0.67,-14.59,,,,,2023,False
3989.T,2023-10-04,590.3,637.6,8.01,35,0.94,-17.84,-20.03,,,,,2023,False
4231.T,2023-10-04,547.0,690.4,26.21,49,5.76,43.36,78.69,,,,,2023,False
2982.T,2023-10-03,225.6,210.0,-6.9,25,0.4,-4.07,-1.64,,,,,2023,False
3160.T,2023-10-03,667.7,603.7,-9.58,119,-5.39,-10.58,-8.86,,,,,2023,False
4284.T,2023-10-03,389.0,326.7,-16.01,86,-4.91,-3.02,-19.14,,,,,2023,False
2753.T,2023-10-03,1143.0,1802.6,57.7,119,2.22,13.85,64.69,,,,,2023,False
3791.T,2023-10-03,914.6,1123.9,22.89,55,9.77,27.84,65.19,,,,,2023,False
3004.T,2023-10-03,1309.4,1357.4,3.67,19,15.57,24.93,13.69,,,,,2023,False
4015.T,2023-10-03,876.0,783.7,-10.54,2,-36.42,-34.93,-50.68,,,,,2023,False
2708.T,2023-10-03,1721.7,1894.1,10.02,8,29.92,30.8,16.9,,,,,2023,False
3042.T,2023-10-03,341.5,363.3,6.37,0,-18.29,-14.86,-9.14,,,,,2023,False
2533.T,2023-10-03,366.1,339.7,-7.19,13,3.06,-7.17,-7.69,,,,,2023,False
3371.T,2023-10-03,1609.7,1735.6,7.82,119,-2.95,2.14,5.88,,,,,2023,False
2153.T,2023-10-03,1502.2,1640.5,9.21,119,-1.71,0.55,9.45,,,,,2023,False
3109.T,2023-10-02,953.1,1012.9,6.27,119,-2.29,0.09,5.32,,,,,2023,False
3446.T,2023-10-02,2612.0,2258.0,-13.55,8,-23.32,-27.45,-21.71,,,,,2023,False
2884.T,2023-10-02,1128.0,1033.6,-8.37,10,-1.51,-7.62,15.96,,,,,2023,False
3242.T,2023-10-02,353.2,395.9,12.09,119,-1.76,2.04,9.0,,,,,2023,False
3489.T,2023-10-02,419.6,414.1,-1.32,89,-9.07,1.18,3.37,,,,,2023,False
3075.T,2023-10-02,1429.8,2006.8,40.36,119,4.58,10.26,37.82,,,,,2023,False
3963.T,2023-10-02,515.0,587.6,14.09,56,1.08,16.13,9.51,,,,,2023,False
4391.T,2023-10-02,1154.6,1006.3,-12.85,2,-7.93,47.68,15.86,,,,,2023,False
3983.T,2023-10-02,1999.8,2502.6,25.14,94,-1.33,24.32,26.39,,,,,2023,False
3798.T,2023-09-29,407.0,370.8,-8.89,28,9.48,3.55,-1.31,,,,,2023,False
4229.T,2023-09-29,3086.7,2686.9,-12.95,52,-4.97,-5.57,15.51,,,,,2023,False
2375.T,2023-09-29,389.6,381.3,-2.12,0,132.42,58.84,44.88,,,,,2023,False
2340.T,2023-09-29,420.0,364.6,-13.18,15,-8.33,-5.95,-2.38,,,,,2023,False
2323.T,2023-09-29,128.9,109.6,-15.0,1,-20.03,23.49,6.42,,,,,2023,False
2910.T,2023-09-29,1526.6,1651.8,8.2,119,-1.73,0.97,7.63,,,,,2023,False
2792.T,2023-09-29,1456.6,1660.0,13.97,119,-4.29,13.52,18.26,,,,,2023,False
3175.T,2023-09-29,863.0,969.0,12.28,119,-1.85,3.01,11.59,,,,,2023,False
3023.T,2023-09-29,1517.3,1325.0,-12.68,46,0.83,-10.99,19.63,,,,,2023,False
4396.T,2023-09-29,1008.8,858.7,-14.88,14,-8.86,-11.77,-3.63,,,,,2023,False
2933.T,2023-09-29,1074.4,1205.4,12.19,119,3.45,7.61,11.03,,,,,2023,False
3271.T,2023-09-29,363.8,317.7,-12.67,14,-9.48,-8.23,15.46,,,,,2023,False
2820.T,2023-09-28,1915.8,3636.2,89.8,92,8.78,70.41,81.65,,,,,2023,False
3178.T,2023-09-28,1390.4,1349.2,-2.96,119,-1.91,-0.78,-2.26,,,,,2023,False
2705.T,2023-09-28,5048.5,5202.6,3.05,119,0.2,-1.68,3.25,,,,,2023,False
3139.T,2023-09-28,1964.9,2200.9,12.01,119,-9.03,-9.46,13.06,,,,,2023,False
2354.T,2023-09-28,660.5,697.6,5.62,23,10.78,4.82,17.17,,,,,2023,False
4060.T,2023-09-28,1153.7,1037.5,-10.07,9,-9.81,-7.34,13.48,,,,,2023,False
3486.T,2023-09-28,993.3,848.4,-14.59,10,-20.85,-4.28,45.76,,,,,2023,False
3447.T,2023-09-28,687.8,695.9,1.18,119,-3.29,-4.22,1.72,,,,,2023,False
4053.T,2023-09-28,1415.0,1233.4,-12.84,12,-15.55,-33.36,-32.44,,,,,2023,False
3079.T,2023-09-28,918.3,901.6,-1.81,119,-5.56,-0.57,-0.23,,,,,2023,False
3501.T,2023-09-27,1057.2,1191.3,12.69,119,-5.48,-4.51,14.68,,,,,2023,False
2226.T,2023-09-27,4187.5,3805.7,-9.12,33,-5.54,-14.76,5.74,,,,,2023,False
1964.T,2023-09-27,2009.0,2835.9,41.16,119,-5.21,3.73,40.7,,,,,2023,False
3083.T,2023-09-27,763.0,694.7,-8.95,19,-6.34,-12.68,-6.73,,,,,2023,False
2908.T,2023-09-27,1797.3,1826.3,1.61,119,0.47,-1.09,-0.12,,,,,2023,False
4414.T,2023-09-27,2445.0,2256.8,-7.7,4,-40.16,-3.89,33.54,,,,,2023,False
4228.T,2023-09-27,445.0,479.8,7.82,119,-6.55,-0.63,7.61,,,,,2023,False
2209.T,2023-09-27,2228.5,2507.7,12.53,119,-0.17,1.21,9.61,,,,,2023,False
2378.T,2023-09-26,895.1,1052.5,17.59,119,-7.06,-8.15,15.52,,,,,2023,False
4241.T,2023-09-26,695.4,595.5,-14.36,29,-0.41,-9.44,6.98,,,,,2023,False
4310.T,2023-09-26,2185.5,2214.9,1.35,48,7.97,6.02,6.87,,,,,2023,False
3932.T,2023-09-26,2044.5,2181.3,6.69,91,-7.35,10.45,18.78,,,,,2023,False
3284.T,2023-09-26,968.2,979.5,1.17,119,-7.19,-7.46,2.16,,,,,2023,False
2788.T,2023-09-25,480.8,416.3,-13.4,8,-13.35,-18.98,-27.66,,,,,2023,False
1887.T,2023-09-25,591.0,524.5,-11.25,18,-10.2,-12.22,-18.57,,,,,2023,False
3193.T,2023-09-25,3110.8,4656.7,49.69,119,-8.61,3.74,48.75,,,,,2023,False
4410.T,2023-09-25,746.3,838.0,12.29,119,-5.13,-5.85,13.0,,,,,2023,False
3979.T,2023-09-22,499.1,424.4,-14.96,22,-9.13,-23.05,-21.17,,,,,2023,False
4388.T,2023-09-22,920.0,816.6,-11.24,23,-4.96,-20.82,-2.05,,,,,2023,False
3315.T,2023-09-22,123.1,109.6,-10.95,7,-15.87,-4.76,2.38,,,,,2023,False
2053.T,2023-09-22,1017.6,1136.1,11.65,119,-4.49,-4.04,9.5,,,,,2023,False
2198.T,2023-09-22,644.0,760.2,18.04,119,-2.95,-7.02,18.33,,,,,2023,False
4064.T,2023-09-22,1605.2,1361.6,-15.18,31,-4.33,-21.72,5.01,,,,,2023,False
3041.T,2023-09-22,1599.3,1379.7,-13.73,6,-31.47,-35.9,-50.92,,,,,2023,False
4318.T,2023-09-22,617.6,696.5,12.77,119,-3.49,16.24,12.0,,,,,2023,False
2418.T,2023-09-21,403.5,370.3,-8.25,14,-12.15,-10.05,-0.78,,,,,2023,False
2751.T,2023-09-21,2663.0,3563.2,33.81,119,0.56,2.8,33.81,,,,,2023,False
3010.T,2023-09-21,158.0,143.3,-9.3,17,-9.76,1.22,43.9,,,,,2023,False
3286.T,2023-09-21,545.3,520.7,-4.5,0,-21.91,-8.35,-5.79,,,,,2023,False
2652.T,2023-09-21,355.4,313.1,-11.92,8,-27.59,23.17,56.57,,,,,2023,False
2294.T,2023-09-21,2231.8,2684.3,20.27,119,1.4,-1.03,21.18,,,,,2023,False
3457.T,2023-09-21,941.0,1134.6,20.57,119,-5.51,-0.3,19.59,,,,,2023,False
2335.T,2023-09-21,1051.5,1035.6,-1.51,119,-9.56,-6.1,-1.77,,,,,2023,False
2162.T,2023-09-20,405.5,354.4,-12.62,35,-3.74,-19.39,-14.25,,,,,2023,False
2134.T,2023-09-20,22.0,21.2,-3.41,11,4.55,-18.18,-18.18,,,,,2023,False
3772.T,2023-09-20,1385.7,1191.0,-14.06,9,-9.72,-30.21,-32.29,,,,,2023,False
4394.T,2023-09-20,895.3,786.3,-12.17,56,-7.71,-14.24,-7.01,,,,,2023,False
1972.T,2023-09-20,728.6,880.5,20.85,119,-2.47,6.95,22.26,,,,,2023,False
2934.T,2023-09-19,5550.0,4862.0,-12.4,13,-10.27,-20.54,-39.1,,,,,2023,False
4346.T,2023-09-19,748.3,723.4,-3.33,34,11.69,-9.27,-22.61,,,,,2023,False
4263.T,2023-09-19,1511.0,1430.6,-5.32,22,-2.71,-19.13,-65.78,,,,,2023,False
3134.T,2023-09-19,852.3,831.0,-2.5,59,-2.59,-5.95,42.05,,,,,2023,False
3111.T,2023-09-19,422.0,360.4,-14.6,2,-17.3,-28.44,-6.64,,,,,2023,False
4249.T,2023-09-15,2073.4,2443.7,17.86,119,-1.18,21.01,19.89,,,,,2023,False
2892.T,2023-09-15,3429.6,3151.5,-8.11,29,-2.62,9.96,19.77,,,,,2023,False
2114.T,2023-09-15,527.4,465.3,-11.76,9,-19.02,-17.79,-12.36,,,,,2023,False
3388.T,2023-09-15,1323.3,1361.2,2.87,119,-5.31,-6.88,4.03,,,,,2023,False
3133.T,2023-09-15,597.0,538.0,-9.87,12,0.17,62.98,101.51,,,,,2023,False
3192.T,2023-09-15,343.0,330.0,-3.79,50,-5.83,-4.37,-8.75,,,,,2023,False
2497.T,2023-09-14,833.6,794.2,-4.73,119,-3.36,-10.96,-4.94,,,,,2023,False
3237.T,2023-09-14,85.0,77.4,-9.0,5,-9.41,34.12,68.24,,,,,2023,False
2997.T,2023-09-14,530.0,504.9,-4.74,12,4.53,2.83,18.68,,,,,2023,False
2338.T,2023-09-14,456.7,552.2,20.92,2,78.83,108.03,-3.21,,,,,2023,False
2216.T,2023-09-14,591.0,671.8,13.66,40,3.48,8.43,34.7,,,,,2023,False
3246.T,2023-09-13,840.7,835.4,-0.64,13,1.08,4.31,-3.22,,,,,2023,False
3663.T,2023-09-13,711.5,667.1,-6.24,57,-7.13,-5.68,11.72,,,,,2023,False
3421.T,2023-09-13,1423.9,1412.5,-0.8,119,-1.26,-1.85,0.4,,,,,2023,False
2301.T,2023-09-13,1731.2,1603.3,-7.39,13,-11.79,-8.33,-7.34,,,,,2023,False
3741.T,2023-09-13,1596.0,2281.0,42.92,98,5.6,28.47,53.69,,,,,2023,False
3494.T,2023-09-13,245.2,246.7,0.59,7,-0.58,28.13,66.23,,,,,2023,False
3475.T,2023-09-13,816.5,848.6,3.93,25,10.7,-26.57,-13.75,,,,,2023,False
3727.T,2023-09-12,204.4,192.4,-5.86,20,-6.54,-18.69,-21.03,,,,,2023,False
3454.T,2023-09-12,1105.9,971.1,-12.2,27,-9.25,-20.79,4.75,,,,,2023,False
3326.T,2023-09-12,490.0,422.4,-13.79,2,-18.37,-20.82,-13.27,,,,,2023,False
3771.T,2023-09-12,1171.0,1410.4,20.44,63,18.53,36.1,25.87,,,,,2023,False
3843.T,2023-09-11,1402.9,1202.8,-14.26,0,-28.47,-11.13,-6.0,,,,,2023,False
4051.T,2023-09-11,10861.2,9306.4,-14.32,17,-13.94,-13.4,-17.8,,,,,2023,False
2978.T,2023-09-11,1316.0,1173.0,-10.87,3,-42.02,-38.22,-34.04,,,,,2023,False
3803.T,2023-09-11,667.0,593.3,-11.05,0,-35.38,-37.33,-34.33,,,,,2023,False
3393.T,2023-09-11,1492.7,1340.3,-10.21,17,-5.21,-25.61,-13.71,,,,,2023,False
4270.T,2023-09-08,3640.7,3594.3,-1.28,23,9.23,-12.35,8.01,,,,,2023,False
3840.T,2023-09-08,146.0,141.0,-3.42,23,6.85,2.74,6.16,,,,,2023,False
4072.T,2023-09-08,2882.1,2449.8,-15.0,29,-8.79,-13.3,-14.9,,,,,2023,False
3779.T,2023-09-08,168.0,187.8,11.82,2,43.45,38.1,-10.71,,,,,2023,False
2060.T,2023-09-08,739.6,951.6,28.66,119,-4.61,-4.37,26.2,,,,,2023,False
3674.T,2023-09-08,537.0,474.3,-11.68,14,-17.5,-29.05,-17.5,,,,,2023,False
3320.T,2023-09-07,1051.5,1021.9,-2.81,17,3.08,8.97,14.54,,,,,2023,False
2669.T,2023-09-07,2907.3,3246.2,11.66,119,4.52,3.68,12.67,,,,,2023,False
4052.T,2023-09-07,1091.0,995.4,-8.77,6,-8.34,-22.91,-16.96,,,,,2023,False
2435.T,2023-09-07,242.6,219.4,-9.57,24,-0.75,-12.03,-3.38,,,,,2023,False
2674.T,2023-09-07,1384.7,1500.2,8.34,119,-1.34,-2.1,8.66,,,,,2023,False
3561.T,2023-09-06,2248.5,2029.9,-9.72,10,-16.48,-33.58,-28.3,,,,,2023,False
3984.T,2023-09-06,1925.8,1644.5,-14.61,24,-13.48,-8.68,37.74,,,,,2023,False
2180.T,2023-09-06,700.5,689.9,-1.5,36,9.45,-16.4,-2.03,,,,,2023,False
2334.T,2023-09-06,215.4,183.7,-14.72,2,-19.87,-48.47,-53.16,,,,,2023,False
3358.T,2023-09-06,102.8,87.4,-15.0,17,-17.32,-35.8,9.34,,,,,2023,False
2764.T,2023-09-05,272.0,244.8,-10.0,17,-12.13,-9.56,-9.93,,,,,2023,False
2138.T,2023-09-04,1042.0,905.0,-13.15,15,-16.31,-20.54,-21.98,,,,,2023,False
2676.T,2023-09-04,1470.1,1711.2,16.4,119,-8.08,1.97,17.94,,,,,2023,False
2388.T,2023-09-04,145.0,123.2,-15.0,10,-20.0,-29.66,-37.93,,,,,2023,False
4418.T,2023-09-04,1084.0,1265.6,16.76,19,7.66,-28.78,-10.7,,,,,2023,False
3777.T,2023-09-01,47.0,42.5,-9.57,19,-6.38,-10.64,-8.51,,,,,2023,False
2410.T,2023-09-01,1857.4,1660.2,-10.61,21,-4.14,-0.86,-17.22,,,,,2023,False
3329.T,2023-09-01,1870.5,1914.0,2.32,119,-1.19,-2.38,1.23,,,,,2023,False
4055.T,2023-09-01,2570.5,2217.6,-13.73,20,-14.67,-0.25,-12.97,,,,,2023,False
3221.T,2023-09-01,2866.6,2660.2,-7.2,70,-9.05,1.17,0.66,,,,,2023,False
3556.T,2023-09-01,711.0,660.4,-7.11,11,-18.42,-1.41,-40.93,,,,,2023,False
3093.T,2023-09-01,1397.6,1195.2,-14.48,21,-10.7,-16.87,-2.8,,,,,2023,False
3929.T,2023-09-01,340.0,313.6,-7.75,5,-16.47,-29.71,-22.35,,,,,2023,False
2929.T,2023-08-31,1531.7,1305.8,-14.75,7,-9.99,-21.82,-43.51,,,,,2023,False
4379.T,2023-08-31,523.0,595.0,13.77,26,24.47,-2.68,-24.28,,,,,2023,False
4168.T,2023-08-31,1667.2,1459.0,-12.49,7,-28.34,-26.86,-33.12,,,,,2023,False
2687.T,2023-08-31,746.5,731.8,-1.96,26,14.71,-15.69,-14.01,,,,,2023,False
4381.T,2023-08-30,1981.0,1716.0,-13.38,23,-5.3,-27.76,-51.44,,,,,2023,False
3306.T,2023-08-30,890.8,778.7,-12.58,22,-8.96,-21.86,-29.95,,,,,2023,False
3987.T,2023-08-30,678.0,735.2,8.44,15,20.94,-9.0,-40.71,,,,,2023,False
4264.T,2023-08-30,1588.0,1856.4,16.9,21,29.97,1.95,0.69,,,,,2023,False
3558.T,2023-08-30,1679.5,1501.0,-10.63,22,-6.43,-0.29,23.32,,,,,2023,False
1929.T,2023-08-29,950.5,1035.9,8.98,119,5.95,-2.57,9.26,,,,,2023,False
4092.T,2023-08-28,1673.0,2071.4,23.81,119,8.15,11.1,25.99,,,,,2023,False
2594.T,2023-08-28,2059.5,2019.2,-1.96,119,-1.62,-1.77,-1.62,,,,,2023,False
3135.T,2023-08-28,1220.0,1225.0,0.41,51,0.82,0.82,-32.21,,,,,2023,False
3607.T,2023-08-28,782.4,665.0,-15.0,1,-37.67,-49.73,-52.36,,,,,2023,False
3992.T,2023-08-28,321.6,295.4,-8.17,25,-2.47,1.9,39.37,,,,,2023,False
4382.T,2023-08-28,1729.0,1540.2,-10.92,9,-11.51,-23.13,19.72,,,,,2023,False
2918.T,2023-08-28,2443.8,2808.1,14.91,90,8.63,28.67,4.5,,,,,2023,False
3333.T,2023-08-28,1170.1,1204.0,2.89,119,-0.7,2.74,3.77,,,,,2023,False
2932.T,2023-08-25,1155.6,1288.2,11.48,99,18.18,18.58,7.74,,,,,2023,False
3370.T,2023-08-25,311.6,286.7,-8.01,14,-9.18,-7.28,-8.86,,,,,2023,False
4323.T,2023-08-25,1001.3,943.1,-5.81,44,3.81,20.9,70.0,,,,,2023,False
4374.T,2023-08-24,2302.7,2358.1,2.41,27,11.42,11.33,10.52,,,,,2023,False
4347.T,2023-08-24,1543.5,1586.5,2.78,31,13.49,-14.93,-25.12,,,,,2023,False
3196.T,2023-08-24,1606.9,1804.1,12.27,119,17.31,25.75,13.13,,,,,2023,False
3434.T,2023-08-23,1329.1,1309.6,-1.46,28,6.84,-4.0,11.29,,,,,2023,False
3679.T,2023-08-23,557.3,495.3,-11.12,19,-9.29,-13.51,-12.84,,,,,2023,False
3359.T,2023-08-23,477.8,441.6,-7.59,28,6.93,-8.09,-0.65,,,,,2023,False
3030.T,2023-08-23,935.3,813.9,-12.97,18,-11.81,-21.35,-9.43,,,,,2023,False
3548.T,2023-08-23,725.7,711.9,-1.91,119,0.6,-3.34,-1.55,,,,,2023,False
4375.T,2023-08-23,855.0,784.6,-8.24,19,-6.08,-2.22,-17.54,,,,,2023,False
3180.T,2023-08-22,2161.5,2323.0,7.47,25,17.89,7.15,1.47,,,,,2023,False
3835.T,2023-08-22,621.4,656.7,5.68,106,-2.69,14.63,10.3,,,,,2023,False
3452.T,2023-08-21,741.4,696.6,-6.05,30,-0.35,10.93,19.48,,,,,2023,False
2112.T,2023-08-21,217.4,206.8,-4.86,43,5.76,-3.29,29.22,,,,,2023,False
2163.T,2023-08-21,1531.4,1455.5,-4.96,30,6.02,2.71,43.63,,,,,2023,False
4231.T,2023-08-21,658.6,662.6,0.61,18,-3.26,13.89,42.07,,,,,2023,False
2305.T,2023-08-21,2019.8,1892.1,-6.32,119,-5.87,-6.37,-6.09,,,,,2023,False
4112.T,2023-08-21,1472.9,1681.0,14.13,119,1.42,2.28,13.33,,,,,2023,False
3989.T,2023-08-21,748.3,647.8,-13.43,18,-15.93,-8.64,-30.37,,,,,2023,False
3431.T,2023-08-21,1229.5,1721.5,40.02,119,8.71,12.41,42.17,,,,,2023,False
4218.T,2023-08-21,1809.5,1752.7,-3.14,119,-1.57,-7.11,-2.14,,,,,2023,False
3418.T,2023-08-21,1440.4,1303.1,-9.53,30,3.63,-15.54,-14.48,,,,,2023,False
4258.T,2023-08-21,910.9,1056.7,16.01,37,15.78,23.43,12.23,,,,,2023,False
2533.T,2023-08-18,331.5,366.1,10.42,31,27.04,6.76,0.78,,,,,2023,False
2708.T,2023-08-18,1412.8,1731.1,22.53,30,35.27,49.53,69.73,,,,,2023,False
4015.T,2023-08-18,670.0,822.0,22.68,33,25.37,-22.84,-24.63,,,,,2023,False
2982.T,2023-08-18,176.3,212.1,20.3,56,29.95,18.27,21.68,,,,,2023,False
3791.T,2023-08-18,842.3,889.8,5.63,36,17.73,20.64,54.94,,,,,2023,False
3176.T,2023-08-18,1165.7,1085.5,-6.87,82,9.41,-0.35,1.38,,,,,2023,False
4011.T,2023-08-18,4995.0,4857.8,-2.75,5,-23.82,-6.41,10.41,,,,,2023,False
3004.T,2023-08-18,1208.3,1357.4,12.34,50,17.73,28.88,13.51,,,,,2023,False
3983.T,2023-08-17,1917.1,2654.6,38.47,119,-3.87,22.08,38.78,,,,,2023,False
2884.T,2023-08-17,1166.0,1004.0,-13.89,5,14.67,-6.52,-4.03,,,,,2023,False
3489.T,2023-08-17,369.9,380.4,2.83,39,12.88,6.21,8.33,,,,,2023,False
3918.T,2023-08-17,905.4,835.7,-7.7,58,6.33,-7.01,-8.49,,,,,2023,False
3109.T,2023-08-17,868.6,1042.0,19.96,119,10.73,7.32,17.45,,,,,2023,False
3181.T,2023-08-17,1058.9,962.3,-9.13,38,0.0,-25.82,-29.09,,,,,2023,False
3963.T,2023-08-17,511.3,491.9,-3.8,39,9.21,28.52,30.32,,,,,2023,False
4396.T,2023-08-16,883.1,871.6,-1.3,45,14.13,4.93,1.44,,,,,2023,False
2792.T,2023-08-16,1496.1,1359.2,-9.15,33,0.43,-0.31,1.79,,,,,2023,False
3598.T,2023-08-16,171.8,164.1,-4.49,23,0.56,0.56,-8.43,,,,,2023,False
2340.T,2023-08-16,388.0,406.3,4.72,31,16.49,3.61,10.05,,,,,2023,False
4229.T,2023-08-16,3018.8,2858.4,-5.31,46,8.97,-3.45,7.64,,,,,2023,False
3798.T,2023-08-16,389.6,370.8,-4.83,59,1.98,-0.12,9.78,,,,,2023,False
2933.T,2023-08-16,1017.3,1135.2,11.59,119,8.88,8.32,13.83,,,,,2023,False
3271.T,2023-08-16,364.7,343.2,-5.91,33,0.75,-2.74,0.0,,,,,2023,False
2910.T,2023-08-16,1463.6,1565.4,6.95,119,9.26,7.54,7.15,,,,,2023,False
2445.T,2023-08-15,454.4,403.2,-11.25,59,0.0,-5.63,9.23,,,,,2023,False
3242.T,2023-08-15,322.2,363.2,12.73,119,4.96,8.54,12.73,,,,,2023,False
4060.T,2023-08-15,1150.7,1158.9,0.71,25,12.92,-0.94,0.43,,,,,2023,False
3300.T,2023-08-15,749.4,677.6,-9.58,47,1.96,-5.88,-1.96,,,,,2023,False
2820.T,2023-08-15,1601.3,3758.8,134.74,119,10.51,61.25,127.23,,,,,2023,False
4053.T,2023-08-15,1378.0,1278.0,-7.26,41,3.77,-21.63,-24.31,,,,,2023,False
2354.T,2023-08-15,584.1,697.6,19.44,54,11.32,19.82,25.44,,,,,2023,False
2705.T,2023-08-15,4789.6,4824.4,0.73,33,15.38,5.61,9.77,,,,,2023,False
3486.T,2023-08-15,750.7,848.4,13.0,41,8.45,16.44,52.99,,,,,2023,False
4192.T,2023-08-15,678.0,617.1,-8.98,19,-9.59,-23.45,-0.15,,,,,2023,False
3446.T,2023-08-14,2525.0,2469.2,-2.21,35,3.96,-18.1,-20.67,,,,,2023,False
2908.T,2023-08-14,1774.5,1832.8,3.29,119,2.71,3.71,3.13,,,,,2023,False
4414.T,2023-08-14,1542.5,2256.8,46.3,35,20.75,41.98,91.25,,,,,2023,False
4415.T,2023-08-10,850.0,951.0,11.88,21,12.35,-3.59,1.06,,,,,2023,False
3083.T,2023-08-10,802.5,755.1,-5.9,23,-1.11,-13.9,-37.02,,,,,2023,False
4241.T,2023-08-10,902.8,767.4,-15.0,0,-25.08,-36.46,-10.64,,,,,2023,False
4310.T,2023-08-10,2266.2,2142.9,-5.44,33,7.33,3.77,8.76,,,,,2023,False
3925.T,2023-08-10,2058.4,1594.3,-22.55,1,-37.67,-38.14,-29.11,,,,,2023,False
3968.T,2023-08-10,291.5,278.6,-4.43,63,2.27,3.57,-0.59,,,,,2023,False
3284.T,2023-08-10,913.9,994.3,8.81,119,5.02,1.57,7.76,,,,,2023,False
2788.T,2023-08-09,376.8,474.7,25.97,19,32.61,11.03,-4.48,,,,,2023,False
1887.T,2023-08-09,540.6,524.5,-2.98,49,4.83,-0.67,-10.47,,,,,2023,False
3193.T,2023-08-09,2601.3,3131.0,20.36,27,19.03,9.93,37.72,,,,,2023,False
3627.T,2023-08-09,434.5,381.5,-12.2,44,-0.22,-6.37,4.18,,,,,2023,False
2198.T,2023-08-08,590.6,684.2,15.85,119,2.3,2.98,15.37,,,,,2023,False
3315.T,2023-08-08,108.4,114.6,5.68,37,7.21,4.5,12.61,,,,,2023,False
3979.T,2023-08-08,438.5,424.4,-3.22,53,8.25,9.46,-5.61,,,,,2023,False
3698.T,2023-08-08,1065.6,920.8,-13.59,45,-4.45,-15.28,-19.62,,,,,2023,False
3041.T,2023-08-08,987.7,1102.4,11.61,9,75.37,3.59,-0.0,,,,,2023,False
4318.T,2023-08-08,598.9,718.1,19.92,119,5.76,8.21,19.82,,,,,2023,False
3773.T,2023-08-08,1546.6,1384.6,-10.47,27,-1.02,-3.77,14.19,,,,,2023,False
2998.T,2023-08-08,1549.1,1513.7,-2.29,4,-35.23,-59.44,-16.35,,,,,2023,False
4064.T,2023-08-08,1402.1,1361.6,-2.89,62,8.88,11.77,-0.14,,,,,2023,False
1964.T,2023-08-08,1884.6,2368.8,25.69,119,0.24,4.5,24.93,,,,,2023,False
2652.T,2023-08-07,331.6,310.9,-6.24,6,-3.6,-8.76,40.18,,,,,2023,False
2418.T,2023-08-07,490.3,436.0,-11.08,23,-5.96,-23.08,-18.92,,,,,2023,False
4388.T,2023-08-07,972.6,1102.6,13.36,8,2.76,-7.65,-5.1,,,,,2023,False
3967.T,2023-08-07,990.0,857.6,-13.37,41,-2.93,-16.77,-11.21,,,,,2023,False
2217.T,2023-08-07,1139.3,1326.6,16.44,119,3.61,5.69,15.3,,,,,2023,False
4056.T,2023-08-07,1198.0,1041.2,-13.08,3,1.25,-10.85,-4.84,,,,,2023,False
3457.T,2023-08-07,978.1,1055.9,7.95,119,-2.56,-4.36,9.09,,,,,2023,False
3010.T,2023-08-07,171.5,179.3,4.58,3,2.25,-16.29,42.7,,,,,2023,False
4235.T,2023-08-04,2114.8,1636.4,-22.62,5,-30.12,-42.02,-44.28,,,,,2023,False
3566.T,2023-08-04,638.8,645.2,1.01,40,7.35,-8.88,-21.41,,,,,2023,False
2134.T,2023-08-04,21.0,18.7,-10.95,10,-4.76,-4.76,-14.29,,,,,2023,False
2488.T,2023-08-04,834.8,759.3,-9.05,87,2.37,-1.41,2.27,,,,,2023,False
3772.T,2023-08-04,1449.2,1300.6,-10.26,38,2.46,-14.61,-37.72,,,,,2023,False
2479.T,2023-08-04,248.0,217.6,-12.24,39,1.44,-15.52,-7.58,,,,,2023,False
2162.T,2023-08-04,410.3,382.6,-6.76,8,6.7,-8.55,-15.01,,,,,2023,False
3371.T,2023-08-03,1675.1,1628.4,-2.79,119,-3.4,-6.86,-2.24,,,,,2023,False
4263.T,2023-08-03,1545.0,1482.4,-4.05,41,4.53,-13.53,-55.86,,,,,2023,False
2934.T,2023-08-03,5050.0,4377.5,-13.32,3,-6.93,-17.52,-24.46,,,,,2023,False
3719.T,2023-08-03,252.0,224.3,-11.0,24,-8.24,-30.59,-50.98,,,,,2023,False
4334.T,2023-08-02,2172.7,1879.1,-13.51,9,-20.98,-61.48,-77.96,,,,,2023,False
3133.T,2023-08-02,518.0,455.6,-12.05,4,9.85,16.22,63.13,,,,,2023,False
2114.T,2023-08-02,433.4,502.6,15.96,14,17.68,-2.53,22.54,,,,,2023,False
3388.T,2023-08-02,1293.0,1308.9,1.23,119,5.02,-3.38,2.83,,,,,2023,False
4249.T,2023-08-02,1785.2,2480.4,38.94,119,9.47,19.74,40.5,,,,,2023,False
2892.T,2023-08-02,2924.5,3151.5,7.76,60,14.09,14.66,45.74,,,,,2023,False
4228.T,2023-08-01,405.7,477.0,17.56,119,4.38,0.4,17.33,,,,,2023,False
2497.T,2023-08-01,747.8,820.6,9.74,119,9.87,5.62,9.86,,,,,2023,False
2216.T,2023-08-01,563.6,671.8,19.19,71,-0.33,28.4,8.82,,,,,2023,False
3182.T,2023-08-01,2278.9,1946.3,-14.59,7,-27.58,-50.56,-39.92,,,,,2023,False
3421.T,2023-07-31,1445.6,1432.4,-0.91,119,0.39,-2.35,-1.5,,,,,2023,False
4169.T,2023-07-31,1280.0,1124.6,-12.14,9,-0.47,-29.69,-17.42,,,,,2023,False
2301.T,2023-07-31,1746.4,1603.3,-8.19,44,-5.26,-12.81,-8.04,,,,,2023,False
2120.T,2023-07-31,283.4,242.5,-14.44,5,-21.31,-26.89,-33.9,,,,,2023,False
3664.T,2023-07-31,86.0,74.0,-14.01,72,-5.81,-8.14,-33.72,,,,,2023,False
3760.T,2023-07-31,2073.9,1785.3,-13.91,8,-14.04,-36.88,-28.46,,,,,2023,False
3501.T,2023-07-31,1058.1,1099.3,3.89,119,-3.22,-5.57,5.13,,,,,2023,False
3741.T,2023-07-31,1404.4,2485.8,77.0,119,12.97,16.33,83.04,,,,,2023,False
1930.T,2023-07-31,834.8,1094.6,31.12,119,0.76,10.22,27.93,,,,,2023,False
3475.T,2023-07-31,748.8,848.6,13.33,56,13.93,9.4,-4.09,,,,,2023,False
2429.T,2023-07-31,2346.3,2007.0,-14.46,44,-9.91,-14.02,18.96,,,,,2023,False
1972.T,2023-07-31,741.5,815.3,9.95,119,-3.7,1.62,15.05,,,,,2023,False
3692.T,2023-07-31,1332.0,1133.0,-14.94,9,-10.1,-24.42,8.17,,,,,2023,False
3727.T,2023-07-28,179.5,156.7,-12.74,10,-6.91,8.51,-2.13,,,,,2023,False
3159.T,2023-07-28,335.6,318.2,-5.19,119,-2.59,-6.92,-5.48,,,,,2023,False
3454.T,2023-07-28,969.8,971.1,0.13,58,-0.55,-0.37,19.55,,,,,2023,False
4026.T,2023-07-27,1495.9,1333.0,-10.89,33,1.35,-19.34,-8.15,,,,,2023,False
3393.T,2023-07-27,1058.8,1373.8,29.76,46,47.51,23.14,22.72,,,,,2023,False
4051.T,2023-07-27,11463.6,9950.5,-13.2,12,-11.02,-23.06,-10.63,,,,,2023,False
2323.T,2023-07-27,90.0,85.0,-5.62,4,-2.02,15.81,59.38,,,,,2023,False
3565.T,2023-07-26,206.4,178.1,-13.7,34,-4.44,-23.74,-12.56,,,,,2023,False
4270.T,2023-07-26,3863.0,3531.3,-8.59,8,-15.6,-15.86,-1.92,,,,,2023,False
4072.T,2023-07-26,3056.3,2558.1,-16.3,11,-12.79,-17.38,-8.92,,,,,2023,False
3779.T,2023-07-26,123.0,120.7,-1.87,2,40.65,99.19,62.6,,,,,2023,False
3223.T,2023-07-26,911.0,1099.0,20.64,30,16.14,-3.29,12.07,,,,,2023,False
4397.T,2023-07-25,444.0,412.2,-7.15,39,1.58,-11.94,-4.05,,,,,2023,False
3320.T,2023-07-25,942.5,943.3,0.08,8,10.98,6.76,30.5,,,,,2023,False
2674.T,2023-07-25,1343.2,1219.7,-9.2,61,-3.87,-7.55,17.33,,,,,2023,False
2669.T,2023-07-25,2898.8,3208.7,10.69,119,1.17,0.97,11.53,,,,,2023,False
4052.T,2023-07-25,1229.0,1094.8,-10.92,13,-8.79,-28.56,-44.1,,,,,2023,False
3853.T,2023-07-25,823.5,724.0,-12.09,36,-8.61,-23.01,-27.63,,,,,2023,False
2334.T,2023-07-24,206.1,188.5,-8.52,15,8.83,-23.24,-47.4,,,,,2023,False
2656.T,2023-07-24,351.0,302.6,-13.79,5,-11.97,-32.48,-62.11,,,,,2023,False
3561.T,2023-07-24,2046.3,2029.9,-0.8,41,4.47,-14.13,-29.9,,,,,2023,False
4196.T,2023-07-21,1638.0,1500.2,-8.41,0,-28.45,-25.76,-34.98,,,,,2023,False
2325.T,2023-07-21,2701.8,2655.6,-1.71,50,4.42,-3.07,-2.97,,,,,2023,False
2764.T,2023-07-21,250.0,244.8,-2.08,48,4.4,-4.8,0.4,,,,,2023,False
2391.T,2023-07-21,1199.1,1151.8,-3.94,119,-6.7,-6.85,-4.01,,,,,2023,False
3984.T,2023-07-21,2301.5,1981.4,-13.91,11,-9.7,-32.44,-16.07,,,,,2023,False
2388.T,2023-07-20,181.0,162.4,-10.3,1,-22.65,-32.04,-41.99,,,,,2023,False
3687.T,2023-07-20,1389.9,1187.2,-14.59,15,-17.14,-27.71,4.77,,,,,2023,False
3836.T,2023-07-20,1414.2,1282.9,-9.28,40,-4.39,-15.31,-1.72,,,,,2023,False
2676.T,2023-07-20,1347.9,1794.7,33.15,119,1.48,8.36,35.66,,,,,2023,False
3021.T,2023-07-20,1566.9,1385.9,-11.55,18,-8.77,-12.64,2.62,,,,,2023,False
4418.T,2023-07-20,920.0,813.4,-11.58,15,-0.22,25.0,-24.24,,,,,2023,False
4019.T,2023-07-20,968.5,885.9,-8.53,14,-17.66,-29.54,-20.52,,,,,2023,False
3562.T,2023-07-20,1030.0,891.5,-13.45,51,-0.18,-19.34,-20.68,,,,,2023,False
3093.T,2023-07-19,1354.8,1229.8,-9.23,44,4.09,-20.67,-17.88,,,,,2023,False
2927.T,2023-07-19,728.3,782.7,7.47,119,0.37,-2.41,8.22,,,,,2023,False
3597.T,2023-07-19,8385.2,9465.1,12.88,119,0.22,11.47,13.2,,,,,2023,False
2410.T,2023-07-19,1517.0,1660.2,9.44,52,10.72,9.57,20.13,,,,,2023,False
3777.T,2023-07-19,40.0,41.6,4.12,17,10.0,10.0,2.5,,,,,2023,False
2901.T,2023-07-19,168.1,143.7,-14.5,18,-14.2,-13.02,-11.83,,,,,2023,False
3221.T,2023-07-19,2491.2,2660.2,6.78,101,4.96,4.93,10.53,,,,,2023,False
3556.T,2023-07-19,627.0,620.5,-1.04,16,0.96,-5.42,-33.33,,,,,2023,False
4274.T,2023-07-19,1502.4,1311.6,-12.7,75,-7.53,-3.67,-17.18,,,,,2023,False
4055.T,2023-07-19,3481.5,3030.4,-12.96,3,-36.63,-40.31,-28.76,,,,,2023,False
2929.T,2023-07-18,1807.1,1539.2,-14.83,0,-15.91,-27.69,-43.18,,,,,2023,False
4379.T,2023-07-18,490.0,595.0,21.43,57,0.82,22.04,-10.2,,,,,2023,False
4168.T,2023-07-18,1361.1,1165.3,-14.39,17,-5.42,-20.54,-28.42,,,,,2023,False
2586.T,2023-07-18,78.0,74.0,-5.19,25,0.0,-7.69,-51.28,,,,,2023,False
3652.T,2023-07-18,4105.0,3405.0,-17.05,16,-35.44,-45.99,-35.03,,,,,2023,False
2687.T,2023-07-18,837.6,748.9,-10.59,2,-12.85,-25.73,-22.13,,,,,2023,False
4381.T,2023-07-14,3250.0,2953.8,-9.12,14,-36.95,-49.85,-57.85,,,,,2023,False
3649.T,2023-07-14,570.7,740.1,29.69,69,6.66,41.1,54.08,,,,,2023,False
3840.T,2023-07-14,104.0,125.8,20.96,37,0.96,42.31,53.85,,,,,2023,False
3558.T,2023-07-14,1693.3,1595.3,-5.79,21,1.1,-11.13,20.58,,,,,2023,False
4264.T,2023-07-14,2183.0,1853.0,-15.12,8,-30.78,-23.82,-33.49,,,,,2023,False
3192.T,2023-07-13,364.0,325.6,-10.56,9,-13.74,-5.22,-6.59,,,,,2023,False
3929.T,2023-07-13,421.0,361.0,-14.25,4,-30.64,-31.59,-29.22,,,,,2023,False
2294.T,2023-07-13,2152.8,2359.7,9.61,119,4.91,4.91,8.89,,,,,2023,False
1929.T,2023-07-13,929.3,1068.3,14.95,119,2.66,3.71,12.14,,,,,2023,False
3134.T,2023-07-12,870.8,833.9,-4.23,44,13.33,-6.88,5.82,,,,,2023,False
3992.T,2023-07-12,352.0,324.4,-7.82,19,-8.09,-14.33,2.73,,,,,2023,False
3277.T,2023-07-12,887.9,956.4,7.72,119,-1.61,4.13,7.31,,,,,2023,False
4382.T,2023-07-12,2121.0,1875.1,-11.59,5,-21.12,-27.11,-17.4,,,,,2023,False
2918.T,2023-07-12,2382.1,3230.7,35.63,119,4.43,13.73,39.25,,,,,2023,False
3607.T,2023-07-12,726.7,786.5,8.23,8,16.73,-41.25,-40.48,,,,,2023,False
4323.T,2023-07-11,1116.7,981.3,-12.13,21,-2.39,-6.53,27.33,,,,,2023,False
3172.T,2023-07-11,1394.4,1226.1,-12.07,57,-6.32,-8.11,-5.4,,,,,2023,False
2932.T,2023-07-11,1038.1,1322.2,27.36,119,7.59,33.63,27.06,,,,,2023,False
4347.T,2023-07-10,1427.8,1586.5,11.11,62,15.42,15.49,-12.51,,,,,2023,False
3196.T,2023-07-10,1600.1,1829.8,14.36,119,4.12,17.69,17.94,,,,,2023,False
3140.T,2023-07-10,934.7,971.4,3.93,119,2.12,0.21,4.46,,,,,2023,False
3674.T,2023-07-10,786.0,731.0,-7.0,23,8.02,-42.75,-48.22,,,,,2023,False
4374.T,2023-07-10,1772.1,2358.1,33.07,58,-2.89,37.61,34.06,,,,,2023,False
3030.T,2023-07-07,790.9,830.4,5.0,48,18.38,0.37,-7.35,,,,,2023,False
3548.T,2023-07-07,768.1,704.1,-8.33,58,-2.03,-9.01,-6.76,,,,,2023,False
3679.T,2023-07-07,716.4,659.0,-8.02,21,-7.1,-33.11,-30.49,,,,,2023,False
3180.T,2023-07-06,2195.6,2323.0,5.8,56,2.55,0.78,-4.51,,,,,2023,False
3835.T,2023-07-06,663.1,616.5,-7.03,28,0.7,-10.07,7.83,,,,,2023,False
4258.T,2023-07-05,922.8,1039.0,12.58,14,17.09,23.61,24.2,,,,,2023,False
3989.T,2023-07-05,573.7,522.9,-8.84,19,-9.5,5.15,-9.5,,,,,2023,False
4261.T,2023-07-05,2645.0,2374.9,-10.21,24,-2.46,-25.82,-40.45,,,,,2023,False
2163.T,2023-07-05,1654.8,1457.0,-11.95,31,-4.24,-9.42,24.97,,,,,2023,False
3431.T,2023-07-05,865.4,1410.7,63.02,119,12.38,50.89,63.02,,,,,2023,False
4248.T,2023-07-05,753.5,706.0,-6.31,119,-4.88,-4.17,-5.94,,,,,2023,False
4218.T,2023-07-05,1765.0,1711.8,-3.01,59,8.47,-2.57,-7.08,,,,,2023,False
3639.T,2023-07-05,338.0,287.3,-15.0,25,-11.83,-15.68,-27.81,,,,,2023,False
2305.T,2023-07-05,2021.6,1923.4,-4.86,119,-0.95,-7.95,-4.41,,,,,2023,False
4231.T,2023-07-05,579.7,662.6,14.3,49,3.55,-2.01,30.6,,,,,2023,False
2753.T,2023-07-05,1051.0,1209.5,15.09,119,-0.15,10.27,15.24,,,,,2023,False
3418.T,2023-07-05,1679.2,1468.2,-12.57,15,-13.11,-20.86,-28.14,,,,,2023,False
3452.T,2023-07-05,638.0,696.6,9.19,61,3.51,11.89,35.87,,,,,2023,False
3791.T,2023-07-04,902.3,767.0,-15.0,5,-10.45,7.19,28.63,,,,,2023,False
2982.T,2023-07-04,188.0,212.1,12.86,87,-10.48,32.86,12.69,,,,,2023,False
4074.T,2023-07-04,2217.0,1997.5,-9.9,26,-1.35,-24.58,-32.07,,,,,2023,False
2533.T,2023-07-04,318.5,366.1,14.96,62,-0.29,21.11,6.12,,,,,2023,False
4015.T,2023-07-04,515.0,607.8,18.01,25,38.83,79.42,13.59,,,,,2023,False
3176.T,2023-07-04,1244.7,1085.5,-12.79,113,-3.75,-1.69,-13.21,,,,,2023,False
3842.T,2023-07-04,755.4,721.3,-4.52,42,-9.4,1.27,-9.28,,,,,2023,False
4011.T,2023-07-04,7270.0,6222.0,-14.42,1,-18.5,-49.59,-44.91,,,,,2023,False
2884.T,2023-07-03,891.0,1021.7,14.67,22,18.18,29.52,17.96,,,,,2023,False
3181.T,2023-07-03,1289.0,1238.0,-3.95,4,-17.48,-16.28,-43.76,,,,,2023,False
2153.T,2023-07-03,1479.3,1416.2,-4.26,69,-0.87,7.68,-0.68,,,,,2023,False
4417.T,2023-07-03,3253.0,2823.1,-13.22,17,-19.19,-33.58,-29.01,,,,,2023,False
3918.T,2023-07-03,1023.5,936.7,-8.48,24,-3.27,-7.85,-11.88,,,,,2023,False
3489.T,2023-07-03,426.3,378.6,-11.18,28,-0.0,-0.2,-0.61,,,,,2023,False
3963.T,2023-07-03,646.1,540.9,-16.29,26,5.43,-19.57,-4.57,,,,,2023,False
3798.T,2023-06-30,376.6,370.8,-1.54,90,-2.56,8.83,11.14,,,,,2023,False
4229.T,2023-06-30,2697.6,2858.4,5.96,77,5.27,16.49,4.6,,,,,2023,False
4396.T,2023-06-30,1020.2,879.2,-13.82,23,-10.33,-3.29,-12.33,,,,,2023,False
2689.T,2023-06-30,1675.6,1625.6,-2.99,119,-3.15,0.39,-3.48,,,,,2023,False
2792.T,2023-06-30,1626.6,1437.3,-11.64,18,-11.98,-8.76,-0.07,,,,,2023,False
3486.T,2023-06-29,640.4,848.4,32.47,72,1.85,50.58,55.98,,,,,2023,False
4335.T,2023-06-29,1185.1,1011.3,-14.66,8,-14.5,-19.44,-21.75,,,,,2023,False
4192.T,2023-06-29,846.0,790.5,-6.56,5,-5.44,-29.31,-21.39,,,,,2023,False
2354.T,2023-06-29,509.7,697.6,36.87,85,12.04,26.65,39.89,,,,,2023,False
3242.T,2023-06-29,289.3,350.6,21.17,119,2.76,23.31,24.23,,,,,2023,False
4053.T,2023-06-29,1162.0,1048.9,-9.73,24,-4.56,20.22,-22.89,,,,,2023,False
2321.T,2023-06-28,112.0,105.4,-5.89,16,-8.04,-13.39,-27.68,,,,,2023,False
3694.T,2023-06-28,1006.0,878.0,-12.72,33,-4.08,-17.1,-22.96,,,,,2023,False
2981.T,2023-06-28,1865.0,1362.2,-26.96,30,-10.56,-22.24,-42.56,,,,,2023,False
4414.T,2023-06-28,1900.0,1916.8,0.88,15,1.58,26.45,20.92,,,,,2023,False
2908.T,2023-06-28,1767.1,1762.7,-0.25,119,-2.67,2.25,-0.09,,,,,2023,False
3271.T,2023-06-28,248.6,259.1,4.23,6,-3.28,52.19,32.85,,,,,2023,False
3434.T,2023-06-28,1147.3,1309.6,14.15,66,-3.06,24.08,7.8,,,,,2023,False
4069.T,2023-06-28,1944.0,1867.4,-3.94,6,5.71,-8.85,-45.73,,,,,2023,False
4058.T,2023-06-28,1739.1,1579.0,-9.21,29,-0.56,-16.84,-22.13,,,,,2023,False
2304.T,2023-06-28,865.2,830.2,-4.06,27,1.97,-12.36,-27.83,,,,,2023,False
3040.T,2023-06-28,1187.6,1050.0,-11.59,27,-5.4,-10.11,6.71,,,,,2023,False
3538.T,2023-06-28,1126.6,989.8,-12.14,30,-6.33,-1.12,-20.66,,,,,2023,False
4310.T,2023-06-27,2257.3,2142.9,-5.07,64,-2.04,1.75,1.39,,,,,2023,False
3927.T,2023-06-27,796.5,719.0,-9.73,10,-2.36,-23.57,-31.89,,,,,2023,False
3968.T,2023-06-27,332.5,287.1,-13.65,30,4.83,-8.91,-12.51,,,,,2023,False
3083.T,2023-06-27,770.9,754.2,-2.16,8,16.52,-6.53,-11.52,,,,,2023,False
3284.T,2023-06-27,835.7,895.2,7.11,119,6.5,14.74,6.38,,,,,2023,False
3925.T,2023-06-27,2310.0,1594.3,-30.99,32,-9.24,-36.22,-43.46,,,,,2023,False
4320.T,2023-06-26,561.5,525.0,-6.5,22,-3.59,-11.41,0.67,,,,,2023,False
3627.T,2023-06-26,588.3,454.6,-22.73,14,-25.49,-29.87,-25.49,,,,,2023,False
4165.T,2023-06-26,826.0,811.8,-1.73,7,0.73,-12.71,-22.4,,,,,2023,False
3154.T,2023-06-26,836.5,715.0,-14.52,27,-7.77,-11.89,-11.55,,,,,2023,False
3193.T,2023-06-26,2505.9,3131.0,24.94,58,-1.28,20.85,25.11,,,,,2023,False
4112.T,2023-06-26,1654.7,1416.4,-14.4,68,-2.82,-9.44,-1.4,,,,,2023,False
3042.T,2023-06-26,276.1,264.6,-4.19,51,-5.3,7.77,1.77,,,,,2023,False
3544.T,2023-06-23,757.6,763.5,0.77,119,-2.06,-2.97,1.42,,,,,2023,False
4318.T,2023-06-23,647.1,598.9,-7.45,25,7.31,-5.69,11.58,,,,,2023,False
3773.T,2023-06-23,1851.2,1661.7,-10.24,18,-11.91,-29.01,-12.21,,,,,2023,False
3979.T,2023-06-23,413.0,408.6,-1.05,34,11.51,15.25,-8.12,,,,,2023,False
2998.T,2023-06-23,1425.4,1500.3,5.25,8,-0.55,-50.41,-42.01,,,,,2023,False
4064.T,2023-06-23,1172.6,1361.6,16.12,93,13.03,34.41,6.78,,,,,2023,False
3041.T,2023-06-23,1446.0,1338.9,-7.41,2,-28.9,9.78,-27.2,,,,,2023,False
3315.T,2023-06-23,104.5,103.8,-0.7,27,5.61,14.95,13.08,,,,,2023,False
4388.T,2023-06-22,1267.4,1170.9,-7.61,1,-22.24,-27.02,-38.37,,,,,2023,False
3457.T,2023-06-22,1151.1,985.3,-14.4,13,-12.94,-18.01,-18.65,,,,,2023,False
4056.T,2023-06-22,1810.0,1558.9,-13.87,5,-35.91,-40.0,-40.22,,,,,2023,False
3967.T,2023-06-22,1065.0,922.0,-13.43,16,2.35,-13.43,-28.83,,,,,2023,False
4375.T,2023-06-22,886.0,769.2,-13.18,19,-10.61,-9.14,-11.06,,,,,2023,False
2652.T,2023-06-22,369.7,318.2,-13.95,17,-16.13,-2.69,19.74,,,,,2023,False
2134.T,2023-06-21,34.0,30.0,-11.76,4,-29.41,-35.29,-44.12,,,,,2023,False
2162.T,2023-06-21,422.6,382.6,-9.47,39,-8.97,-3.59,-23.77,,,,,2023,False
2488.T,2023-06-21,935.6,814.4,-12.96,34,-6.54,-11.83,-18.02,,,,,2023,False
2479.T,2023-06-21,286.5,277.0,-3.31,27,10.31,-18.44,-27.19,,,,,2023,False
2418.T,2023-06-21,447.7,436.0,-2.62,55,0.87,-8.39,-22.71,,,,,2023,False
3772.T,2023-06-21,1526.2,1366.8,-10.44,62,-4.67,-8.13,-33.35,,,,,2023,False
2934.T,2023-06-20,3150.0,3361.8,6.72,2,28.41,69.21,34.76,,,,,2023,False
4263.T,2023-06-20,1553.0,1549.6,-0.22,23,3.86,0.64,-20.22,,,,,2023,False
3719.T,2023-06-20,234.2,268.8,14.77,8,7.17,-8.86,-31.22,,,,,2023,False
2667.T,2023-06-20,856.0,769.2,-10.13,2,-18.34,-31.54,-58.18,,,,,2023,False
4174.T,2023-06-19,1119.9,951.9,-15.0,33,-10.83,-7.56,-12.0,,,,,2023,False
4334.T,2023-06-19,2293.9,2073.4,-9.61,11,-2.6,-45.75,-78.14,,,,,2023,False
2428.T,2023-06-19,555.4,500.2,-9.95,119,-5.69,-4.54,-10.77,,,,,2023,False
4235.T,2023-06-19,1861.4,1636.4,-12.09,38,8.52,-24.42,-40.74,,,,,2023,False
4393.T,2023-06-19,6580.0,5610.0,-14.74,27,-7.75,-19.6,-47.04,,,,,2023,False
3991.T,2023-06-19,2179.7,1759.4,-19.28,18,-18.01,-35.52,-36.81,,,,,2023,False
4422.T,2023-06-19,443.3,402.3,-9.25,4,-13.16,-14.36,-27.29,,,,,2023,False
3133.T,2023-06-19,616.0,711.4,15.5,3,3.08,1.95,62.18,,,,,2023,False
4075.T,2023-06-19,1542.0,1368.5,-11.25,3,-22.11,-34.37,-57.2,,,,,2023,False
2217.T,2023-06-19,1140.9,1191.4,4.43,119,4.57,2.91,4.57,,,,,2023,False
2435.T,2023-06-16,214.3,238.0,11.04,15,4.26,14.47,11.06,,,,,2023,False
1888.T,2023-06-16,2778.4,2732.9,-1.64,119,-1.15,-0.82,-1.15,,,,,2023,False
2216.T,2023-06-16,659.7,573.9,-13.01,12,-3.86,-12.59,0.72,,,,,2023,False
3182.T,2023-06-16,2336.3,2170.1,-7.11,37,-2.92,-29.41,-44.15,,,,,2023,False
2497.T,2023-06-16,725.5,760.7,4.86,119,0.95,14.44,4.13,,,,,2023,False
3501.T,2023-06-15,1024.5,1003.8,-2.02,34,16.03,1.08,-0.14,,,,,2023,False
3692.T,2023-06-15,1454.6,1456.7,0.14,7,-6.73,-17.06,-15.91,,,,,2023,False
2120.T,2023-06-15,260.2,250.9,-3.57,36,7.14,-15.36,-32.37,,,,,2023,False
3955.T,2023-06-15,1008.4,1085.3,7.63,119,5.18,4.18,10.26,,,,,2023,False
3421.T,2023-06-15,1517.0,1387.2,-8.56,119,-3.85,-1.73,-7.94,,,,,2023,False
2301.T,2023-06-15,1610.1,1603.3,-0.42,75,6.36,5.76,13.3,,,,,2023,False
4169.T,2023-06-15,1380.0,1275.0,-7.61,24,-3.62,-16.09,-25.14,,,,,2023,False
3664.T,2023-06-15,80.0,86.7,8.38,29,13.75,-2.5,-10.0,,,,,2023,False
2429.T,2023-06-15,2431.4,2142.0,-11.9,37,-5.77,-14.14,-0.76,,,,,2023,False
3475.T,2023-06-15,763.0,848.6,11.21,87,-7.24,2.34,-23.61,,,,,2023,False
1972.T,2023-06-15,739.8,676.2,-8.59,37,-0.7,-2.32,7.89,,,,,2023,False
3760.T,2023-06-15,1928.8,2151.2,11.53,19,32.18,-12.0,-41.99,,,,,2023,False
3741.T,2023-06-15,1558.4,1408.6,-9.61,25,-6.04,0.45,36.86,,,,,2023,False
3323.T,2023-06-14,89.5,89.1,-0.53,3,-8.51,-7.45,-7.86,,,,,2023,False
3653.T,2023-06-14,1397.0,1283.5,-8.12,10,-16.32,-29.42,-1.86,,,,,2023,False
3843.T,2023-06-14,1525.4,1327.6,-12.97,11,-17.9,-12.26,-31.15,,,,,2023,False
3393.T,2023-06-13,1047.6,1039.6,-0.76,31,4.21,44.72,5.92,,,,,2023,False
3611.T,2023-06-13,993.7,1328.4,33.68,80,13.11,38.09,30.87,,,,,2023,False
4051.T,2023-06-13,11609.3,10487.2,-9.67,40,-8.12,-6.03,-19.9,,,,,2023,False
3137.T,2023-06-13,179.0,187.8,4.94,2,-5.59,-6.42,-20.67,,,,,2023,False
4026.T,2023-06-13,1440.9,1413.9,-1.88,60,0.7,-0.95,-15.82,,,,,2023,False
4072.T,2023-06-12,3325.4,2558.1,-23.08,42,-9.79,-11.07,-23.56,,,,,2023,False
4270.T,2023-06-12,3354.2,2939.3,-12.37,8,-15.32,11.49,0.15,,,,,2023,False
3565.T,2023-06-12,214.6,193.7,-9.74,42,3.98,-7.36,-19.44,,,,,2023,False
3359.T,2023-06-12,581.0,501.1,-13.75,9,-6.19,-17.75,-20.11,,,,,2023,False
2930.T,2023-06-09,283.1,237.7,-16.05,25,-7.36,-16.42,-30.52,,,,,2023,False
4397.T,2023-06-09,520.0,512.0,-1.54,23,15.58,-10.96,-28.65,,,,,2023,False
3935.T,2023-06-09,502.7,437.0,-13.06,30,-6.46,-18.25,-31.94,,,,,2023,False
2108.T,2023-06-09,1667.4,1804.5,8.22,119,2.94,5.17,6.8,,,,,2023,False
4249.T,2023-06-09,1702.9,2576.2,51.29,119,6.94,16.87,48.82,,,,,2023,False
4052.T,2023-06-09,1230.0,1048.9,-14.72,2,21.14,-13.41,-28.94,,,,,2023,False
2674.T,2023-06-09,1208.3,1219.7,0.95,92,11.46,14.89,10.36,,,,,2023,False
3561.T,2023-06-08,1375.1,1672.2,21.61,12,46.08,65.97,8.46,,,,,2023,False
2334.T,2023-06-08,159.4,178.4,11.93,3,34.13,28.61,-33.5,,,,,2023,False
2656.T,2023-06-08,312.0,300.0,-3.83,4,3.85,-2.56,-21.79,,,,,2023,False
2325.T,2023-06-07,2387.2,2655.6,11.24,81,6.36,18.85,12.47,,,,,2023,False
3441.T,2023-06-07,1300.6,1138.1,-12.49,5,-15.4,-22.13,-32.54,,,,,2023,False
2424.T,2023-06-07,1177.7,1050.4,-10.81,5,-20.54,-28.75,-42.21,,,,,2023,False
2764.T,2023-06-07,267.0,244.8,-8.31,79,-5.99,1.87,-7.49,,,,,2023,False
3984.T,2023-06-07,2887.1,2817.1,-2.42,11,-16.64,-33.6,-42.15,,,,,2023,False
4418.T,2023-06-06,1255.0,1081.2,-13.85,6,-19.6,-9.32,-36.41,,,,,2023,False
2676.T,2023-06-06,1177.4,1512.5,28.47,119,24.48,22.6,30.38,,,,,2023,False
3983.T,2023-06-06,2309.0,1988.6,-13.88,12,-17.1,-11.29,2.76,,,,,2023,False
3687.T,2023-06-06,1404.5,1391.4,-0.93,13,-0.28,-15.1,-5.44,,,,,2023,False
4377.T,2023-06-06,1315.5,1182.3,-10.12,21,-8.23,-16.08,-9.73,,,,,2023,False
3836.T,2023-06-06,1415.0,1282.9,-9.34,71,-5.41,-3.97,2.07,,,,,2023,False
4019.T,2023-06-06,904.6,985.4,8.93,20,7.28,-18.04,-18.04,,,,,2023,False
4274.T,2023-06-05,1455.1,1678.9,15.39,12,6.31,-1.33,-8.97,,,,,2023,False
3777.T,2023-06-05,35.0,39.1,11.71,13,2.86,34.29,22.86,,,,,2023,False
3221.T,2023-06-05,2225.8,3002.7,34.9,119,10.18,27.65,32.93,,,,,2023,False
4055.T,2023-06-05,2659.1,2758.4,3.73,13,19.26,-6.59,-1.79,,,,,2023,False
2666.T,2023-06-05,166.6,156.7,-5.93,83,1.69,-0.56,-10.67,,,,,2023,False
3556.T,2023-06-05,525.0,620.5,18.19,47,13.9,34.48,29.71,,,,,2023,False
3562.T,2023-06-05,1039.1,1017.4,-2.09,29,14.12,1.45,-15.71,,,,,2023,False
3446.T,2023-06-05,2647.0,2267.0,-14.36,15,-12.01,-2.64,-22.4,,,,,2023,False
3660.T,2023-06-05,514.0,649.0,26.26,13,8.35,-3.3,-9.13,,,,,2023,False
3093.T,2023-06-05,1547.3,1497.9,-3.19,27,7.95,-10.65,-22.22,,,,,2023,False
3521.T,2023-06-05,182.6,156.8,-14.12,48,-1.03,-12.37,-25.26,,,,,2023,False
3597.T,2023-06-05,7835.8,8875.3,13.27,119,3.88,11.76,13.96,,,,,2023,False
1887.T,2023-06-02,526.2,524.5,-0.32,96,-1.88,4.44,1.54,,,,,2023,False
3652.T,2023-06-02,3590.0,3242.8,-9.67,8,-4.04,-31.67,-25.79,,,,,2023,False
2929.T,2023-06-02,1690.4,1723.5,1.96,1,11.18,-6.85,-28.71,,,,,2023,False
4379.T,2023-06-02,415.0,456.4,9.99,35,22.65,23.37,27.47,,,,,2023,False
3915.T,2023-06-02,2390.8,2675.1,11.89,21,14.26,-17.5,-34.2,,,,,2023,False
4381.T,2023-06-01,2323.0,2953.8,27.15,45,17.74,-17.31,-39.47,,,,,2023,False
3558.T,2023-06-01,1531.3,1560.2,1.89,31,13.53,10.58,8.85,,,,,2023,False
2114.T,2023-06-01,297.0,502.6,69.22,57,11.98,65.9,45.51,,,,,2023,False
4264.T,2023-06-01,2388.0,2526.2,5.79,1,14.53,-32.75,-29.94,,,,,2023,False
4284.T,2023-06-01,386.3,357.7,-7.4,49,6.12,-3.06,-1.18,,,,,2023,False
3840.T,2023-06-01,93.0,103.7,11.51,9,36.56,26.88,76.34,,,,,2023,False
1964.T,2023-05-31,1785.4,1936.0,8.43,119,3.99,2.78,10.1,,,,,2023,False
1929.T,2023-05-31,853.4,931.5,9.14,119,5.89,11.48,9.25,,,,,2023,False
3358.T,2023-05-31,109.6,104.4,-4.76,40,7.3,-15.69,-37.77,,,,,2023,False
2294.T,2023-05-31,2123.3,2276.9,7.23,119,1.13,7.8,7.32,,,,,2023,False
3696.T,2023-05-30,1002.1,863.7,-13.82,51,-2.04,-9.28,-15.58,,,,,2023,False
2918.T,2023-05-30,2015.6,3076.2,52.62,119,-2.17,18.58,56.23,,,,,2023,False
3992.T,2023-05-30,320.2,366.6,14.49,19,13.7,0.44,7.11,,,,,2023,False
3321.T,2023-05-30,1177.9,1025.3,-12.95,28,5.38,-15.23,-13.18,,,,,2023,False
4382.T,2023-05-30,1505.0,2167.5,44.02,10,34.82,15.55,-8.84,,,,,2023,False
3607.T,2023-05-30,523.5,606.7,15.9,4,33.16,60.46,-23.26,,,,,2023,False
4323.T,2023-05-29,975.1,1090.2,11.81,31,18.97,2.0,13.74,,,,,2023,False
2489.T,2023-05-29,623.1,601.1,-3.53,46,2.45,-6.9,-12.88,,,,,2023,False
4124.T,2023-05-29,2162.2,1955.1,-9.58,1,-26.09,-25.69,-29.91,,,,,2023,False
2340.T,2023-05-29,326.0,406.3,24.63,86,-1.84,21.78,28.53,,,,,2023,False
3674.T,2023-05-26,657.0,731.0,11.26,54,15.98,-24.35,-37.14,,,,,2023,False
2404.T,2023-05-26,393.0,374.0,-4.83,1,-8.65,2.8,-16.28,,,,,2023,False
2933.T,2023-05-26,956.5,1101.0,15.11,119,-0.2,9.15,15.01,,,,,2023,False
3196.T,2023-05-26,1739.6,1989.3,14.35,119,-2.49,-7.91,14.46,,,,,2023,False
4347.T,2023-05-26,1295.5,1282.1,-1.04,21,3.36,18.21,4.79,,,,,2023,False
3030.T,2023-05-25,722.1,830.4,15.01,79,8.99,28.86,-1.34,,,,,2023,False
3679.T,2023-05-25,605.3,659.0,8.86,52,18.35,-9.18,-22.24,,,,,2023,False
3835.T,2023-05-24,691.0,663.1,-4.03,31,9.13,-8.99,2.28,,,,,2023,False
3180.T,2023-05-24,1864.9,2323.0,24.56,87,18.12,18.38,26.13,,,,,2023,False
2195.T,2023-05-23,881.2,757.2,-14.07,3,-7.98,-13.11,-31.15,,,,,2023,False
3452.T,2023-05-23,553.5,696.6,25.86,92,7.79,28.04,36.45,,,,,2023,False
2751.T,2023-05-23,2434.7,2716.6,11.58,119,1.92,2.73,10.03,,,,,2023,False
2163.T,2023-05-23,1270.5,1457.0,14.68,62,25.02,19.25,23.45,,,,,2023,False
4258.T,2023-05-23,695.5,770.5,10.78,4,31.69,25.82,67.74,,,,,2023,False
3082.T,2023-05-23,832.1,907.9,9.12,119,9.53,-0.44,11.12,,,,,2023,False
3415.T,2023-05-23,447.5,386.2,-13.7,16,-22.06,-38.12,-35.55,,,,,2023,False
3418.T,2023-05-23,1273.9,1468.2,15.25,46,13.56,10.75,-3.18,,,,,2023,False
3989.T,2023-05-23,543.2,633.7,16.66,24,35.2,16.16,19.56,,,,,2023,False
3791.T,2023-05-22,778.1,820.0,5.39,32,13.29,7.0,32.96,,,,,2023,False
2982.T,2023-05-22,169.8,166.8,-1.79,50,12.95,2.27,23.36,,,,,2023,False
2892.T,2023-05-22,2348.4,3151.5,34.2,111,2.49,33.77,56.72,,,,,2023,False
2533.T,2023-05-22,326.9,311.2,-4.8,32,5.71,4.86,7.71,,,,,2023,False
4011.T,2023-05-22,5360.0,4568.8,-14.76,4,26.73,-28.26,-36.1,,,,,2023,False
2198.T,2023-05-22,604.2,606.3,0.35,119,-7.95,-0.9,0.35,,,,,2023,False
4074.T,2023-05-22,2725.0,2499.8,-8.26,24,1.65,-31.74,-49.36,,,,,2023,False
3176.T,2023-05-22,1150.4,1159.8,0.82,119,12.5,1.41,1.22,,,,,2023,False
3963.T,2023-05-19,591.6,540.9,-8.58,57,13.73,-13.57,-6.4,,,,,2023,False
4417.T,2023-05-19,2160.6,2731.9,26.44,14,62.3,5.53,5.19,,,,,2023,False
3181.T,2023-05-19,1161.9,1238.0,6.55,35,11.93,-9.03,-33.55,,,,,2023,False
2884.T,2023-05-19,853.0,1021.7,19.78,53,6.57,34.58,27.2,,,,,2023,False
3489.T,2023-05-19,351.3,409.0,16.43,26,30.11,7.86,5.96,,,,,2023,False
2153.T,2023-05-19,1395.4,1416.2,1.49,100,2.8,6.74,4.77,,,,,2023,False
4374.T,2023-05-19,1774.0,1583.3,-10.75,14,-2.94,4.33,29.52,,,,,2023,False
3837.T,2023-05-19,830.9,713.1,-14.18,106,-0.94,-5.68,-10.55,,,,,2023,False
3663.T,2023-05-19,752.9,703.9,-6.51,14,-2.0,-10.11,1.25,,,,,2023,False
4396.T,2023-05-18,899.4,907.2,0.87,47,15.8,1.23,7.91,,,,,2023,False
2792.T,2023-05-18,1463.2,1437.3,-1.77,49,-6.3,3.63,-2.46,,,,,2023,False
2753.T,2023-05-18,1159.0,1160.5,0.12,119,-4.46,-6.22,1.08,,,,,2023,False
3667.T,2023-05-17,493.0,646.0,31.03,9,57.2,-43.0,-67.34,,,,,2023,False
4053.T,2023-05-17,1280.0,1106.7,-13.54,45,-8.44,2.5,-11.8,,,,,2023,False
4192.T,2023-05-17,658.0,810.9,23.24,35,20.97,8.21,-13.22,,,,,2023,False
3192.T,2023-05-16,484.0,419.0,-13.42,0,-33.88,-35.12,-26.24,,,,,2023,False
3538.T,2023-05-16,1005.8,1012.1,0.63,61,4.39,2.51,8.61,,,,,2023,False
4058.T,2023-05-16,1772.4,1567.3,-11.57,9,-7.46,-11.44,-17.79,,,,,2023,False
2304.T,2023-05-16,583.1,594.9,2.03,3,66.56,42.68,15.19,,,,,2023,False
3694.T,2023-05-16,983.0,1001.3,1.86,29,8.75,-8.04,-10.99,,,,,2023,False
4414.T,2023-05-16,1562.5,1436.5,-8.06,7,12.8,13.28,22.88,,,,,2023,False
3727.T,2023-05-15,150.9,158.3,4.91,51,-0.0,10.13,33.54,,,,,2023,False
4335.T,2023-05-15,1057.1,1218.1,15.24,32,22.05,-8.08,-7.99,,,,,2023,False
3925.T,2023-05-15,2048.6,2054.2,0.27,52,5.6,1.91,-38.32,,,,,2023,False
4310.T,2023-05-15,1990.3,2142.9,7.67,95,15.0,12.65,18.08,,,,,2023,False
3968.T,2023-05-15,318.8,287.1,-9.95,61,7.02,1.92,-1.35,,,,,2023,False
3284.T,2023-05-15,773.7,937.8,21.2,119,10.1,17.45,21.2,,,,,2023,False
3193.T,2023-05-12,2316.2,3131.0,35.18,89,3.26,13.15,26.14,,,,,2023,False
3627.T,2023-05-12,387.7,379.9,-2.02,15,32.76,9.85,5.67,,,,,2023,False
4165.T,2023-05-12,707.0,811.8,14.82,38,17.11,14.14,-1.98,,,,,2023,False
3945.T,2023-05-11,1524.2,1477.4,-3.07,11,-2.19,-0.12,26.33,,,,,2023,False
3773.T,2023-05-11,1641.9,1448.4,-11.79,8,-5.7,-3.27,-22.62,,,,,2023,False
4064.T,2023-05-11,1191.1,1537.5,29.09,119,-3.34,8.6,29.01,,,,,2023,False
2138.T,2023-05-11,1150.0,1181.5,2.74,1,-21.22,-25.3,-18.78,,,,,2023,False
3979.T,2023-05-11,477.6,500.9,4.88,5,-15.0,-8.38,-4.65,,,,,2023,False
3041.T,2023-05-11,659.4,2003.4,203.81,3,84.42,52.33,51.88,,,,,2023,False
3918.T,2023-05-11,927.4,936.7,1.0,61,-1.9,2.85,2.08,,,,,2023,False
2998.T,2023-05-11,685.2,1251.7,82.66,19,83.95,128.08,-11.17,,,,,2023,False
4318.T,2023-05-11,576.7,598.9,3.85,56,1.77,7.29,14.9,,,,,2023,False
2122.T,2023-05-11,991.4,847.6,-14.5,62,-5.86,-5.3,-11.59,,,,,2023,False
2060.T,2023-05-10,673.2,701.0,4.12,119,-4.4,-0.13,4.8,,,,,2023,False
2652.T,2023-05-10,347.9,346.4,-0.43,15,0.86,-7.6,-19.33,,,,,2023,False
4375.T,2023-05-10,917.0,795.6,-13.24,11,-13.63,-13.09,-13.09,,,,,2023,False
2053.T,2023-05-10,987.9,990.1,0.22,119,-1.18,-2.09,0.87,,,,,2023,False
3457.T,2023-05-10,943.0,985.3,4.49,44,9.04,3.62,-3.15,,,,,2023,False
3544.T,2023-05-10,814.3,717.1,-11.93,59,-9.35,-11.03,-6.83,,,,,2023,False
3772.T,2023-05-09,1630.2,1385.6,-15.0,6,-3.96,-9.92,-24.73,,,,,2023,False
2162.T,2023-05-09,530.6,458.3,-13.63,3,-16.61,-20.54,-30.89,,,,,2023,False
2488.T,2023-05-09,833.0,1000.9,20.16,19,28.08,0.22,-1.74,,,,,2023,False
2418.T,2023-05-09,434.7,436.0,0.3,86,0.43,9.11,-14.97,,,,,2023,False
2479.T,2023-05-09,228.3,277.0,21.33,58,19.61,11.37,-9.41,,,,,2023,False
4376.T,2023-05-08,506.0,418.0,-17.39,5,-6.13,-23.12,-39.13,,,,,2023,False
4388.T,2023-05-08,965.7,836.0,-13.43,3,-9.46,2.67,-15.93,,,,,2023,False
4263.T,2023-05-08,1519.0,1360.0,-10.47,16,-7.44,4.41,-6.39,,,,,2023,False
4228.T,2023-05-08,409.5,415.8,1.55,119,-5.94,-0.23,-0.51,,,,,2023,False
3719.T,2023-05-08,222.3,230.1,3.51,30,7.11,12.0,-24.89,,,,,2023,False
2351.T,2023-05-08,499.2,584.9,17.17,109,-0.59,-5.49,6.08,,,,,2023,False
4334.T,2023-05-02,1753.3,1858.7,6.01,25,9.41,23.92,-53.48,,,,,2023,False
3133.T,2023-05-02,515.0,515.1,0.02,4,16.7,5.24,14.37,,,,,2023,False
3182.T,2023-05-01,2541.2,2553.8,0.5,12,-11.18,-9.04,-54.46,,,,,2023,False
2428.T,2023-05-01,596.1,538.3,-9.7,15,-10.68,-12.43,-17.47,,,,,2023,False
2216.T,2023-05-01,469.5,573.9,22.23,43,19.63,22.03,30.91,,,,,2023,False
4416.T,2023-05-01,539.0,588.2,9.13,6,-2.41,-5.38,-14.84,,,,,2023,False
2435.T,2023-05-01,197.0,247.3,25.53,7,21.3,6.94,18.52,,,,,2023,False
4031.T,2023-05-01,1573.1,1397.7,-11.15,6,-25.59,-23.17,-36.03,,,,,2023,False
1888.T,2023-05-01,3951.6,3544.4,-10.3,6,-25.32,-28.31,-32.66,,,,,2023,False
2813.T,2023-05-01,2859.9,2433.6,-14.91,5,-23.63,-15.71,-3.51,,,,,2023,False
2411.T,2023-05-01,369.5,342.9,-7.19,51,6.96,-8.12,-9.83,,,,,2023,False
3475.T,2023-04-28,712.2,848.6,19.15,118,3.13,4.13,17.77,,,,,2023,False
3329.T,2023-04-28,1501.3,1789.9,19.22,119,0.71,7.57,19.55,,,,,2023,False
2120.T,2023-04-28,204.4,250.9,22.73,67,8.18,35.91,2.28,,,,,2023,False
3760.T,2023-04-28,2255.3,1917.0,-15.0,29,-10.39,-11.57,-42.83,,,,,2023,False
3501.T,2023-04-28,1022.0,1003.8,-1.78,65,-5.47,3.89,-6.82,,,,,2023,False
2301.T,2023-04-28,1467.5,1603.3,9.26,106,4.13,16.27,-1.09,,,,,2023,False
1972.T,2023-04-28,693.4,676.2,-2.48,68,-0.62,11.26,-0.5,,,,,2023,False
3421.T,2023-04-28,1350.0,1390.0,2.97,119,-1.17,6.03,3.45,,,,,2023,False
2429.T,2023-04-28,2433.2,2236.7,-8.07,67,-2.24,-5.26,-17.63,,,,,2023,False
3741.T,2023-04-28,1534.8,1408.6,-8.22,56,-5.83,-9.39,9.51,,,,,2023,False
3843.T,2023-04-27,1424.4,1524.0,6.99,31,3.74,-20.16,-31.12,,,,,2023,False
3370.T,2023-04-27,274.1,251.5,-8.27,15,-9.35,-2.16,-15.83,,,,,2023,False
3393.T,2023-04-26,1160.8,1132.3,-2.46,9,-10.87,-8.64,11.11,,,,,2023,False
4026.T,2023-04-26,1424.5,1413.9,-0.74,91,2.89,4.82,-15.75,,,,,2023,False
3137.T,2023-04-26,239.0,235.0,-1.66,1,-16.53,-29.92,-41.42,,,,,2023,False
4051.T,2023-04-26,10326.9,9909.2,-4.05,17,-2.26,9.13,-22.34,,,,,2023,False
3628.T,2023-04-25,2407.0,2482.0,3.12,49,9.68,9.93,-59.12,,,,,2023,False
3004.T,2023-04-25,866.3,922.8,6.53,0,10.77,6.88,58.82,,,,,2023,False
3692.T,2023-04-25,1169.8,1026.3,-12.27,11,-15.05,12.93,-12.51,,,,,2023,False
3359.T,2023-04-25,447.6,542.2,21.14,20,21.56,26.22,0.49,,,,,2023,False
2705.T,2023-04-25,3938.2,4824.4,22.5,108,-2.15,5.69,26.04,,,,,2023,False
4072.T,2023-04-25,2482.4,2938.1,18.36,48,22.45,20.09,3.28,,,,,2023,False
4169.T,2023-04-24,1180.0,1275.0,8.05,59,15.42,13.31,-19.15,,,,,2023,False
4270.T,2023-04-24,2570.7,2939.3,14.34,40,1.08,44.7,22.21,,,,,2023,False
2674.T,2023-04-24,1233.0,1285.9,4.29,119,-6.94,9.08,2.86,,,,,2023,False
4397.T,2023-04-24,496.0,521.0,5.05,14,-4.44,-6.85,-17.14,,,,,2023,False
3561.T,2023-04-21,1401.1,1330.1,-5.07,11,1.58,34.64,30.99,,,,,2023,False
2334.T,2023-04-21,104.3,126.7,21.51,13,81.59,100.77,52.35,,,,,2023,False
3541.T,2023-04-21,410.0,354.4,-13.55,65,-1.71,-13.41,-20.98,,,,,2023,False
2764.T,2023-04-20,235.0,295.0,25.51,10,14.89,6.81,0.0,,,,,2023,False
3984.T,2023-04-20,2087.7,2817.1,34.94,42,-0.56,13.54,-23.77,,,,,2023,False
2676.T,2023-04-19,1044.1,1458.4,39.67,119,8.42,29.73,36.43,,,,,2023,False
3983.T,2023-04-19,2313.8,2016.0,-12.87,23,-8.43,-18.5,-14.8,,,,,2023,False
4418.T,2023-04-19,919.0,1107.6,20.52,37,3.05,3.81,16.32,,,,,2023,False
3548.T,2023-04-19,789.7,704.1,-10.84,112,-7.34,-2.3,-14.35,,,,,2023,False
3687.T,2023-04-19,1399.6,1214.4,-13.24,14,-4.22,-0.07,-30.1,,,,,2023,False
4377.T,2023-04-19,1313.9,1116.8,-15.0,6,-0.37,-7.24,-16.23,,,,,2023,False
4237.T,2023-04-18,384.4,348.6,-9.31,72,-4.47,-5.96,-11.17,,,,,2023,False
2778.T,2023-04-18,211.0,202.3,-4.12,25,0.47,-12.8,-10.9,,,,,2023,False
4055.T,2023-04-18,1945.1,1834.2,-5.7,4,22.58,53.42,11.19,,,,,2023,False
3446.T,2023-04-18,2785.0,2340.0,-15.98,14,-3.3,-19.03,-17.13,,,,,2023,False
3660.T,2023-04-18,573.9,533.7,-7.02,23,2.96,-10.09,-18.61,,,,,2023,False
3562.T,2023-04-18,1037.3,1017.4,-1.92,60,1.05,0.17,-10.69,,,,,2023,False
4235.T,2023-04-18,1809.1,1799.8,-0.51,24,10.77,8.28,-37.56,,,,,2023,False
3556.T,2023-04-18,505.0,620.5,22.87,78,4.16,20.0,16.24,,,,,2023,False
3777.T,2023-04-18,51.0,45.9,-10.0,15,-27.45,-27.45,-13.73,,,,,2023,False
2804.T,2023-04-18,1836.7,1967.8,7.14,119,2.67,-1.44,6.98,,,,,2023,False
3093.T,2023-04-18,1724.7,1524.3,-11.62,21,-9.36,-20.3,-36.37,,,,,2023,False
3521.T,2023-04-17,218.4,192.0,-12.07,16,-15.52,-19.83,-36.64,,,,,2023,False
2929.T,2023-04-17,1518.9,1723.5,13.47,32,9.64,10.62,-12.86,,,,,2023,False
3915.T,2023-04-17,2568.2,2334.3,-9.11,30,-3.86,-4.71,-25.2,,,,,2023,False
3652.T,2023-04-17,2512.0,2200.6,-12.39,15,47.29,51.07,-6.61,,,,,2023,False
3625.T,2023-04-14,759.8,730.6,-3.85,2,-25.64,-23.21,-30.84,,,,,2023,False
1887.T,2023-04-14,527.3,577.5,9.51,119,4.32,-2.09,10.36,,,,,2023,False
3558.T,2023-04-14,1442.0,1609.5,11.62,10,7.56,11.23,6.88,,,,,2023,False
4264.T,2023-04-14,1074.0,1108.4,3.2,3,69.83,104.19,59.87,,,,,2023,False
4381.T,2023-04-14,1930.0,1640.5,-15.0,7,21.19,62.69,-10.41,,,,,2023,False
1929.T,2023-04-13,850.8,950.4,11.7,119,2.7,10.27,12.44,,,,,2023,False
3321.T,2023-04-12,1148.0,1025.3,-10.68,59,3.03,-13.33,-18.85,,,,,2023,False
4382.T,2023-04-12,1151.0,2167.5,88.31,41,11.03,86.45,26.24,,,,,2023,False
3992.T,2023-04-12,256.8,366.6,42.8,50,26.55,40.55,19.49,,,,,2023,False
3696.T,2023-04-12,1272.6,1109.0,-12.86,17,-19.5,-25.13,-32.58,,,,,2023,False
2918.T,2023-04-12,1812.7,2455.5,35.46,119,17.85,26.87,40.53,,,,,2023,False
3607.T,2023-04-12,452.0,411.8,-8.89,4,7.19,60.37,-6.16,,,,,2023,False
2489.T,2023-04-11,659.4,601.1,-8.84,77,0.58,-5.07,-21.16,,,,,2023,False
4323.T,2023-04-11,910.2,881.1,-3.2,22,4.4,26.4,14.04,,,,,2023,False
3920.T,2023-04-11,731.1,621.4,-15.0,1,-22.47,-24.55,-26.81,,,,,2023,False
3083.T,2023-04-11,933.7,743.2,-20.4,2,-20.93,-28.44,-17.44,,,,,2023,False
3111.T,2023-04-10,396.0,376.6,-4.91,13,-11.11,-18.18,-7.83,,,,,2023,False
2970.T,2023-04-10,415.5,391.0,-5.9,10,-6.56,9.93,-6.86,,,,,2023,False
2930.T,2023-04-10,312.5,292.2,-6.5,10,-13.33,-15.76,-33.4,,,,,2023,False
2933.T,2023-04-10,962.2,1045.8,8.7,119,8.89,1.98,8.2,,,,,2023,False
3196.T,2023-04-10,1455.6,1864.4,28.09,119,10.4,9.93,24.98,,,,,2023,False
4347.T,2023-04-10,1147.5,1282.1,11.73,52,12.18,24.52,49.84,,,,,2023,False
3679.T,2023-04-07,437.8,659.0,50.54,83,32.69,65.38,9.68,,,,,2023,False
4371.T,2023-04-07,3238.8,2904.1,-10.33,22,7.45,-6.99,-22.13,,,,,2023,False
3030.T,2023-04-07,662.9,830.4,25.26,110,20.61,19.01,19.15,,,,,2023,False
3109.T,2023-04-06,849.4,950.5,11.9,119,3.79,5.23,12.72,,,,,2023,False
3180.T,2023-04-06,1806.5,1675.3,-7.27,37,1.48,22.88,29.21,,,,,2023,False
4260.T,2023-04-06,912.0,745.0,-18.31,24,-1.64,-20.61,-30.7,,,,,2023,False
2667.T,2023-04-06,729.0,645.2,-11.5,8,-11.52,15.09,-14.68,,,,,2023,False
3358.T,2023-04-06,116.6,113.0,-3.04,33,2.74,-2.06,-21.1,,,,,2023,False
3452.T,2023-04-05,525.9,743.1,41.31,119,0.66,18.52,39.84,,,,,2023,False
2751.T,2023-04-05,2542.0,2802.9,10.26,119,-2.0,-3.44,8.78,,,,,2023,False
2910.T,2023-04-05,1457.9,1540.0,5.63,119,0.06,-2.82,5.63,,,,,2023,False
3989.T,2023-04-05,430.5,633.7,47.2,55,9.66,47.21,48.5,,,,,2023,False
2666.T,2023-04-05,191.8,176.6,-7.95,30,3.9,-11.71,-11.71,,,,,2023,False
4019.T,2023-04-05,794.5,985.4,24.03,61,6.44,27.23,-4.58,,,,,2023,False
3415.T,2023-04-05,456.2,401.6,-11.96,14,-8.82,-25.0,-28.78,,,,,2023,False
2163.T,2023-04-05,1165.2,1457.0,25.05,93,6.08,41.11,39.18,,,,,2023,False
2198.T,2023-04-04,646.7,553.6,-14.4,46,-7.98,-15.97,2.38,,,,,2023,False
3484.T,2023-04-04,1090.0,979.2,-10.16,36,2.89,-4.33,-0.59,,,,,2023,False
3791.T,2023-04-04,643.7,820.0,27.39,63,18.43,44.54,59.76,,,,,2023,False
2892.T,2023-04-04,2587.7,3571.4,38.01,119,-5.62,-3.36,41.17,,,,,2023,False
2982.T,2023-04-04,146.0,166.8,14.19,81,9.04,28.1,52.62,,,,,2023,False
4011.T,2023-04-04,2507.5,3504.1,39.75,3,39.98,198.9,54.14,,,,,2023,False
4074.T,2023-04-04,2061.0,2025.6,-1.72,15,16.11,14.75,-18.0,,,,,2023,False
3176.T,2023-04-04,1101.8,1245.6,13.05,119,7.26,15.91,13.46,,,,,2023,False
4417.T,2023-04-03,2560.5,2284.2,-10.79,17,-0.19,27.62,-10.76,,,,,2023,False
3837.T,2023-04-03,811.7,789.7,-2.71,119,3.11,-3.61,-1.64,,,,,2023,False
4025.T,2023-04-03,4580.3,3893.3,-15.0,64,-9.88,-9.98,-21.52,,,,,2023,False
3181.T,2023-04-03,1073.4,1184.0,10.31,9,14.62,18.12,0.99,,,,,2023,False
2884.T,2023-04-03,1057.0,900.0,-14.85,9,-14.66,-15.23,14.1,,,,,2023,False
3987.T,2023-04-03,579.0,504.9,-12.8,11,-19.52,-11.57,32.99,,,,,2023,False
2307.T,2023-04-03,1173.1,1005.8,-14.27,27,-4.7,-5.48,-16.99,,,,,2023,False
4393.T,2023-04-03,6730.0,5882.0,-12.6,15,-14.26,-9.96,-21.1,,,,,2023,False
3963.T,2023-04-03,438.4,540.9,23.37,88,4.42,49.47,22.53,,,,,2023,False
2378.T,2023-03-31,900.9,888.3,-1.4,119,2.26,-3.76,-1.4,,,,,2023,False
2753.T,2023-03-31,949.2,1160.6,22.28,119,23.6,18.32,23.1,,,,,2023,False
2792.T,2023-03-31,1493.9,1437.3,-3.79,80,-5.97,5.38,1.01,,,,,2023,False
3935.T,2023-03-31,509.4,527.2,3.5,14,-0.94,-4.88,-22.14,,,,,2023,False
4396.T,2023-03-31,890.5,907.2,1.87,78,4.9,12.22,12.65,,,,,2023,False
3333.T,2023-03-31,1224.2,1196.7,-2.25,119,-4.55,-4.41,-5.54,,,,,2023,False
4053.T,2023-03-30,1138.0,999.6,-12.16,14,-17.22,0.88,27.15,,,,,2023,False
2819.T,2023-03-30,2956.9,2845.3,-3.77,119,-0.16,-4.19,-2.74,,,,,2023,False
2410.T,2023-03-30,1857.4,1438.8,-22.54,21,-2.65,-26.85,-0.62,,,,,2023,False
3667.T,2023-03-30,408.0,483.6,18.54,31,15.44,1.23,-48.77,,,,,2023,False
2217.T,2023-03-29,1109.3,1153.5,3.99,119,2.28,5.13,4.42,,,,,2023,False
4310.T,2023-03-28,2089.5,1973.6,-5.55,29,-0.93,8.99,15.33,,,,,2023,False
2998.T,2023-03-24,642.0,721.0,12.29,7,4.28,120.8,33.18,,,,,2023,False
4165.T,2023-03-24,723.0,632.4,-12.53,19,-13.42,17.57,-5.26,,,,,2023,False
4318.T,2023-03-24,513.0,598.9,16.75,87,0.69,26.71,21.99,,,,,2023,False
2122.T,2023-03-24,1131.4,1229.5,8.67,26,11.81,-14.33,-18.16,,,,,2023,False
3773.T,2023-03-24,1497.1,1536.6,2.63,31,13.32,25.88,-8.45,,,,,2023,False
3236.T,2023-03-23,157.3,142.6,-9.33,75,-7.14,3.65,-8.4,,,,,2023,False
3835.T,2023-03-23,610.2,663.1,8.67,72,0.92,24.93,5.78,,,,,2023,False
3900.T,2023-03-23,1718.1,1525.8,-11.19,8,-17.06,-19.76,-22.46,,,,,2023,False
1966.T,2023-03-23,1122.5,1028.4,-8.38,32,7.74,-17.0,-17.08,,,,,2023,False
4375.T,2023-03-23,815.0,827.9,1.58,34,7.98,12.02,5.77,,,,,2023,False
2464.T,2023-03-23,460.6,391.5,-15.0,9,-17.85,-10.33,-21.81,,,,,2023,False
4422.T,2023-03-23,389.7,416.2,6.81,0,-2.82,14.63,-7.7,,,,,2023,False
3793.T,2023-03-23,771.1,674.8,-12.48,32,-2.86,-5.07,-29.19,,,,,2023,False
2652.T,2023-03-23,274.3,346.4,26.27,46,0.65,39.28,31.45,,,,,2023,False
2162.T,2023-03-22,404.8,439.0,8.45,22,20.8,5.35,3.01,,,,,2023,False
2479.T,2023-03-22,242.4,227.5,-6.13,24,-1.01,16.72,-1.75,,,,,2023,False
2488.T,2023-03-22,809.3,860.8,6.37,4,-2.85,22.61,3.6,,,,,2023,False
3623.T,2023-03-20,1170.1,1022.7,-12.59,27,-1.13,-14.71,-19.97,,,,,2023,False
3719.T,2023-03-20,185.8,207.5,11.68,41,22.87,25.53,14.36,,,,,2023,False
2721.T,2023-03-20,345.0,306.0,-11.3,2,-3.77,-27.83,-41.45,,,,,2023,False
4388.T,2023-03-20,1183.0,1290.7,9.1,3,0.25,-13.0,-18.88,,,,,2023,False
4263.T,2023-03-20,1248.0,1360.0,8.97,47,15.14,18.35,22.28,,,,,2023,False
1967.T,2023-03-17,743.9,793.0,6.59,48,10.29,13.26,20.69,,,,,2023,False
3133.T,2023-03-17,288.0,262.6,-8.8,11,56.6,112.5,113.89,,,,,2023,False
3836.T,2023-03-17,1384.3,1336.5,-3.45,119,-1.04,4.23,-2.47,,,,,2023,False
3193.T,2023-03-17,2108.0,3072.0,45.73,119,-0.32,22.46,51.26,,,,,2023,False
4334.T,2023-03-17,1657.3,1457.0,-12.08,10,-12.26,44.77,-25.76,,,,,2023,False
2428.T,2023-03-16,557.2,538.3,-3.4,46,6.83,-2.22,-3.87,,,,,2023,False
3182.T,2023-03-16,2182.8,2553.8,17.0,43,12.52,5.53,-23.81,,,,,2023,False
1888.T,2023-03-16,3190.0,3544.4,11.11,37,11.47,-11.62,-13.62,,,,,2023,False
4031.T,2023-03-16,1674.7,1446.0,-13.66,15,-5.04,-29.14,-33.84,,,,,2023,False
2424.T,2023-03-16,970.7,1073.7,10.61,56,5.51,4.8,-16.08,,,,,2023,False
2411.T,2023-03-16,400.7,354.1,-11.62,34,-8.64,-3.08,-13.99,,,,,2023,False
3741.T,2023-03-15,1553.2,1424.1,-8.32,86,1.39,-0.28,3.21,,,,,2023,False
2301.T,2023-03-15,1317.7,1716.1,30.23,119,18.65,19.34,28.2,,,,,2023,False
2429.T,2023-03-15,2194.6,2236.7,1.92,98,3.04,12.23,-4.64,,,,,2023,False
2120.T,2023-03-15,185.8,250.9,35.0,98,10.0,39.0,19.5,,,,,2023,False
3475.T,2023-03-15,690.8,880.7,27.48,119,1.94,6.19,25.29,,,,,2023,False
3760.T,2023-03-15,1825.8,2286.2,25.22,20,44.47,4.99,-5.48,,,,,2023,False
1972.T,2023-03-15,613.6,676.2,10.2,99,12.45,20.7,17.2,,,,,2023,False
3421.T,2023-03-14,1374.1,1479.5,7.67,119,-3.85,8.91,7.67,,,,,2023,False
3843.T,2023-03-14,1172.9,1524.0,29.93,62,17.37,32.93,-6.23,,,,,2023,False
3183.T,2023-03-13,897.7,997.7,11.14,119,-0.48,0.32,11.54,,,,,2023,False
3486.T,2023-03-13,539.3,856.2,58.77,119,-2.6,5.44,60.96,,,,,2023,False
4026.T,2023-03-13,1528.5,1402.2,-8.26,32,3.31,-3.57,0.2,,,,,2023,False
4051.T,2023-03-13,9695.5,9909.2,2.2,48,1.8,16.03,15.73,,,,,2023,False
4370.T,2023-03-13,762.0,711.4,-6.63,10,-8.01,-26.64,-31.5,,,,,2023,False
4058.T,2023-03-13,1557.0,1410.8,-9.39,10,-2.52,9.37,1.57,,,,,2023,False
3393.T,2023-03-13,1169.3,1172.5,0.27,27,9.99,-10.71,27.13,,,,,2023,False
3691.T,2023-03-10,945.0,816.0,-13.65,33,-9.42,-16.51,-30.9,,,,,2023,False
4072.T,2023-03-10,2332.5,2938.1,25.96,79,2.73,38.96,23.36,,,,,2023,False
3023.T,2023-03-10,1274.0,1402.0,10.05,119,-3.27,-4.66,10.19,,,,,2023,False
3649.T,2023-03-10,637.0,573.5,-9.96,31,-3.26,-10.67,7.63,,,,,2023,False
2705.T,2023-03-10,3918.5,5576.2,42.3,119,-0.26,-1.4,39.76,,,,,2023,False
4169.T,2023-03-09,1455.0,1289.4,-11.38,4,-12.37,-5.7,-16.84,,,,,2023,False
3979.T,2023-03-09,404.5,500.9,23.83,46,23.43,-0.54,15.15,,,,,2023,False
3284.T,2023-03-09,730.7,922.3,26.24,119,-5.5,12.52,28.1,,,,,2023,False
2674.T,2023-03-09,1167.0,1327.4,13.74,119,-4.47,-0.69,15.03,,,,,2023,False
2334.T,2023-03-08,130.7,124.0,-5.11,7,-16.53,16.22,58.22,,,,,2023,False
3561.T,2023-03-08,1477.2,1323.5,-10.4,40,-3.78,-7.63,53.78,,,,,2023,False
3541.T,2023-03-08,498.0,432.6,-13.12,5,-1.81,-20.28,-32.53,,,,,2023,False
3984.T,2023-03-07,1787.2,1934.8,8.26,36,10.77,40.77,15.24,,,,,2023,False
3266.T,2023-03-07,92.7,79.6,-14.11,36,-10.42,-7.29,-9.38,,,,,2023,False
4193.T,2023-03-07,3094.9,2770.4,-10.48,35,-3.2,-11.13,-29.11,,,,,2023,False
4418.T,2023-03-06,935.0,833.0,-10.91,35,-5.78,28.77,8.77,,,,,2023,False
3687.T,2023-03-06,1423.8,1259.2,-11.56,45,0.27,-3.88,-15.03,,,,,2023,False
3548.T,2023-03-06,690.2,742.1,7.52,119,1.5,5.01,5.76,,,,,2023,False
4377.T,2023-03-06,1551.7,1351.0,-12.93,22,-9.41,-17.34,-26.85,,,,,2023,False
2676.T,2023-03-06,1092.9,1421.2,30.04,119,-6.01,5.17,30.45,,,,,2023,False
2345.T,2023-03-06,584.0,525.3,-10.05,5,-30.31,-32.19,-46.58,,,,,2023,False
3810.T,2023-03-06,673.0,609.4,-9.44,2,-14.86,-26.15,-38.93,,,,,2023,False
3983.T,2023-03-06,1932.3,2081.6,7.73,46,10.39,18.71,4.38,,,,,2023,False
2418.T,2023-03-06,389.0,477.1,22.66,119,-3.6,13.19,19.99,,,,,2023,False
2778.T,2023-03-03,222.0,206.6,-6.96,31,-1.8,-10.36,-8.11,,,,,2023,False
4237.T,2023-03-03,393.3,347.0,-11.78,48,0.4,-9.55,-9.06,,,,,2023,False
3556.T,2023-03-03,553.0,547.4,-1.01,20,-2.17,-4.88,25.32,,,,,2023,False
3694.T,2023-03-03,943.0,875.0,-7.21,13,-0.95,8.7,-4.14,,,,,2023,False
3777.T,2023-03-03,58.0,52.7,-9.14,8,-13.79,-39.66,-24.14,,,,,2023,False
3374.T,2023-03-03,2350.5,1875.8,-20.2,46,-4.09,-13.49,-16.18,,,,,2023,False
3660.T,2023-03-03,462.1,533.7,15.48,54,20.09,11.23,6.26,,,,,2023,False
3093.T,2023-03-03,1099.4,1524.3,38.64,52,5.04,36.29,20.84,,,,,2023,False
4055.T,2023-03-03,1845.6,1866.3,1.12,29,12.81,39.17,32.76,,,,,2023,False
3446.T,2023-03-03,3030.0,2630.8,-13.18,15,-12.57,-14.72,-17.43,,,,,2023,False
4249.T,2023-03-02,1601.6,1880.7,17.43,119,2.17,4.08,20.98,,,,,2023,False
3652.T,2023-03-02,2401.0,2221.0,-7.5,9,16.03,59.1,6.08,,,,,2023,False
2195.T,2023-03-02,1002.6,873.5,-12.88,24,-6.15,-24.59,-27.38,,,,,2023,False
1887.T,2023-03-01,493.2,540.6,9.62,119,7.28,4.51,9.62,,,,,2023,False
4264.T,2023-03-01,1190.0,1099.9,-7.57,8,-7.73,113.28,34.87,,,,,2023,False
3664.T,2023-03-01,77.0,71.4,-7.27,17,-5.19,9.09,1.3,,,,,2023,False
3546.T,2023-02-28,901.7,924.6,2.54,119,-0.71,0.3,2.94,,,,,2023,False
1929.T,2023-02-28,830.2,939.9,13.22,119,3.44,4.92,13.53,,,,,2023,False
2388.T,2023-02-28,164.0,130.0,-20.73,28,2.44,-40.24,-12.2,,,,,2023,False
3306.T,2023-02-28,801.2,711.0,-11.26,9,-8.75,-7.65,0.24,,,,,2023,False
4270.T,2023-02-27,2402.8,2527.8,5.2,11,7.2,6.7,38.36,,,,,2023,False
4382.T,2023-02-27,1123.0,1185.0,5.52,9,27.78,27.6,46.39,,,,,2023,False
3992.T,2023-02-27,194.7,366.6,88.35,81,38.25,60.67,67.63,,,,,2023,False
4317.T,2023-02-27,421.7,402.6,-4.52,29,6.45,-4.95,-14.19,,,,,2023,False
3187.T,2023-02-27,966.0,990.2,2.5,25,7.62,-44.55,-38.32,,,,,2023,False
3321.T,2023-02-27,1182.8,1116.2,-5.63,27,5.29,1.25,-14.44,,,,,2023,False
3566.T,2023-02-24,475.4,421.6,-11.33,11,-1.03,34.57,30.25,,,,,2023,False
2138.T,2023-02-24,977.0,842.4,-13.78,11,-6.96,-16.58,2.97,,,,,2023,False
2303.T,2023-02-24,2311.7,2038.4,-11.82,11,-6.76,-15.04,-17.59,,,,,2023,False
3083.T,2023-02-24,826.1,1027.7,24.4,3,9.44,-21.86,-3.23,,,,,2023,False
4381.T,2023-02-24,1499.0,1287.8,-14.09,11,-8.41,63.51,32.15,,,,,2023,False
4395.T,2023-02-24,2478.1,2104.7,-15.07,9,-13.51,-57.35,-46.12,,,,,2023,False
3196.T,2023-02-22,1363.2,1552.9,13.91,119,4.61,25.81,15.93,,,,,2023,False
3611.T,2023-02-22,1161.4,1093.0,-5.89,51,2.45,-11.08,1.97,,,,,2023,False
2930.T,2023-02-22,305.3,296.2,-2.98,41,3.29,-10.36,-23.39,,,,,2023,False
3111.T,2023-02-22,565.0,493.0,-12.74,1,-23.72,-42.3,-46.55,,,,,2023,False
3945.T,2023-02-22,1174.0,1188.6,1.25,11,3.0,33.21,25.94,,,,,2023,False
4248.T,2023-02-22,733.5,714.0,-2.65,119,0.0,-3.23,-3.02,,,,,2023,False
4347.T,2023-02-22,992.0,1282.1,29.24,83,9.64,27.7,56.71,,,,,2023,False
4371.T,2023-02-21,2987.8,2904.1,-2.8,53,9.56,-12.52,6.43,,,,,2023,False
3030.T,2023-02-21,740.5,826.3,11.59,11,-14.66,-1.18,18.85,,,,,2023,False
4016.T,2023-02-21,943.1,804.9,-14.66,2,-24.53,-24.33,-30.81,,,,,2023,False
3679.T,2023-02-21,385.4,659.0,70.98,114,9.69,56.33,39.47,,,,,2023,False
3109.T,2023-02-20,849.5,878.2,3.37,119,-0.2,1.22,2.96,,,,,2023,False
2667.T,2023-02-20,772.0,678.3,-12.14,10,-8.68,-10.1,-20.85,,,,,2023,False
3358.T,2023-02-20,103.6,96.4,-6.96,13,7.92,16.99,-17.95,,,,,2023,False
3180.T,2023-02-20,1840.4,1718.5,-6.62,67,-1.58,1.2,17.45,,,,,2023,False
2970.T,2023-02-20,264.8,276.2,4.34,3,26.35,20.21,40.7,,,,,2023,False
4260.T,2023-02-20,886.0,913.8,3.13,16,12.42,-16.48,-27.65,,,,,2023,False
3989.T,2023-02-17,330.7,285.0,-13.81,2,20.39,59.78,97.21,,,,,2023,False
4274.T,2023-02-17,1534.6,1304.4,-15.0,19,-14.82,-9.78,-10.73,,,,,2023,False
3452.T,2023-02-17,526.7,757.8,43.86,119,-0.98,9.33,42.55,,,,,2023,False
2910.T,2023-02-17,1487.3,1458.9,-1.91,119,-3.63,-3.77,-1.72,,,,,2023,False
2666.T,2023-02-17,170.6,192.3,12.72,17,19.02,8.09,-1.79,,,,,2023,False
4019.T,2023-02-17,801.4,821.6,2.52,29,19.51,6.63,-4.54,,,,,2023,False
2163.T,2023-02-17,953.6,1565.7,64.2,119,23.12,36.49,64.67,,,,,2023,False
3415.T,2023-02-17,419.7,463.5,10.42,25,19.41,11.42,-35.62,,,,,2023,False
3175.T,2023-02-17,810.0,988.0,21.98,119,-1.48,-5.56,20.25,,,,,2023,False
3791.T,2023-02-16,537.2,820.0,52.66,94,12.24,40.8,47.69,,,,,2023,False
2370.T,2023-02-16,105.0,91.0,-13.38,0,-37.14,-37.14,-50.48,,,,,2023,False
3484.T,2023-02-16,1044.7,1041.0,-0.35,33,4.37,-2.49,7.79,,,,,2023,False
4011.T,2023-02-16,1240.0,1740.4,40.35,3,101.41,272.18,230.24,,,,,2023,False
2982.T,2023-02-16,137.2,166.8,21.51,112,2.56,21.15,31.1,,,,,2023,False
2892.T,2023-02-16,2728.3,2671.9,-2.07,27,-0.31,-14.96,13.36,,,,,2023,False
3968.T,2023-02-15,252.3,287.1,13.79,119,-4.19,29.93,14.91,,,,,2023,False
2884.T,2023-02-15,989.0,984.3,-0.48,7,13.65,-11.53,9.0,,,,,2023,False
3181.T,2023-02-15,730.1,874.0,19.72,3,37.26,64.03,44.78,,,,,2023,False
2307.T,2023-02-15,1161.6,1038.6,-10.59,58,-1.92,-14.11,-17.75,,,,,2023,False
4417.T,2023-02-15,2879.3,2492.9,-13.42,3,-2.03,-24.12,-17.09,,,,,2023,False
4393.T,2023-02-15,8980.0,7890.0,-12.14,2,-12.58,-32.41,-40.76,,,,,2023,False
3963.T,2023-02-15,469.8,418.2,-10.99,7,-12.57,16.7,8.64,,,,,2023,False
3987.T,2023-02-15,590.0,546.6,-7.36,17,-5.59,-20.68,-18.14,,,,,2023,False
3333.T,2023-02-14,1208.8,1145.1,-5.27,119,-1.25,-3.11,-4.53,,,,,2023,False
3935.T,2023-02-14,683.3,755.9,10.63,14,-24.76,-29.51,-33.99,,,,,2023,False
2792.T,2023-02-14,1302.0,1437.3,10.39,111,5.12,10.87,13.99,,,,,2023,False
3665.T,2023-02-14,509.2,474.3,-6.86,21,3.83,-28.4,-33.8,,,,,2023,False
2410.T,2023-02-13,1675.3,1730.5,3.29,35,14.91,-14.23,0.42,,,,,2023,False
3667.T,2023-02-13,395.0,350.2,-11.34,1,2.53,30.89,-22.78,,,,,2023,False
4396.T,2023-02-10,799.5,907.2,13.47,111,2.05,12.84,11.81,,,,,2023,False
3238.T,2023-02-10,574.7,515.5,-10.31,17,-13.23,-11.51,-23.5,,,,,2023,False
4390.T,2023-02-10,2567.6,2362.5,-7.99,8,-13.79,-9.9,-18.61,,,,,2023,False
3323.T,2023-02-10,95.2,81.0,-15.0,1,-20.0,-21.0,-16.0,,,,,2023,False
2656.T,2023-02-10,326.0,220.0,-32.52,2,-21.17,-33.44,-6.13,,,,,2023,False
2882.T,2023-02-09,2250.8,2094.0,-6.97,119,-3.74,-1.3,-6.27,,,,,2023,False
3562.T,2023-02-09,1050.9,989.5,-5.84,21,-1.64,1.81,1.38,,,,,2023,False
4310.T,2023-02-09,1789.7,2126.7,18.83,23,30.77,6.16,25.85,,,,,2023,False
3773.T,2023-02-07,1231.1,1336.6,8.57,25,23.92,36.38,33.9,,,,,2023,False
4318.T,2023-02-07,528.4,598.9,13.35,118,0.43,9.75,17.27,,,,,2023,False
3538.T,2023-02-07,1006.7,937.5,-6.87,46,4.21,-5.71,3.05,,,,,2023,False
3835.T,2023-02-06,615.8,663.1,7.69,103,7.31,8.75,10.1,,,,,2023,False
1966.T,2023-02-06,1141.2,1106.0,-3.08,28,8.1,6.76,-21.89,,,,,2023,False
3900.T,2023-02-06,1646.0,1676.8,1.87,6,11.93,-15.65,-24.16,,,,,2023,False
3793.T,2023-02-06,752.2,684.1,-9.05,63,-0.92,1.97,-38.18,,,,,2023,False
2652.T,2023-02-06,200.8,346.4,72.52,77,36.44,78.32,65.74,,,,,2023,False
2162.T,2023-02-03,317.8,427.5,34.5,24,56.76,73.22,32.97,,,,,2023,False
4422.T,2023-02-03,467.7,450.5,-3.67,10,1.14,-20.67,-20.1,,,,,2023,False
2479.T,2023-02-03,260.8,235.1,-9.85,5,0.0,-13.5,2.63,,,,,2023,False
2927.T,2023-02-03,851.5,746.3,-12.36,1,-17.84,-18.99,-8.17,,,,,2023,False
4263.T,2023-02-02,1574.0,1363.4,-13.38,10,-14.93,-4.83,1.21,,,,,2023,False
4410.T,2023-02-02,730.9,786.3,7.57,119,6.74,2.34,0.56,,,,,2023,False
3623.T,2023-02-02,1487.0,1182.4,-20.48,7,-16.35,-27.61,-33.78,,,,,2023,False
3133.T,2023-02-01,293.0,273.0,-6.83,38,0.34,74.4,84.3,,,,,2023,False
4323.T,2023-02-01,837.0,881.1,5.27,69,-7.55,16.27,37.0,,,,,2023,False
4334.T,2023-02-01,1233.2,1249.4,1.32,23,4.99,29.02,71.43,,,,,2023,False
3836.T,2023-02-01,1362.2,1472.4,8.09,119,-3.39,-2.4,8.88,,,,,2023,False
1888.T,2023-01-31,2712.2,3544.4,30.69,68,2.94,44.02,3.62,,,,,2023,False
2411.T,2023-01-31,351.0,357.7,1.92,52,4.56,5.75,-1.82,,,,,2023,False
4031.T,2023-01-31,1516.6,1567.8,3.38,32,18.04,5.92,-19.62,,,,,2023,False
2428.T,2023-01-31,536.9,538.3,0.26,77,6.1,12.19,-3.27,,,,,2023,False
2477.T,2023-01-31,4954.9,4252.8,-14.17,62,-2.15,-5.27,-23.88,,,,,2023,False
3475.T,2023-01-30,709.5,697.8,-1.65,29,10.05,-3.64,5.78,,,,,2023,False
3760.T,2023-01-30,1754.2,2286.2,30.33,51,1.68,27.67,12.91,,,,,2023,False
1972.T,2023-01-30,612.8,776.7,26.74,119,4.53,13.02,26.04,,,,,2023,False
3741.T,2023-01-30,1571.7,1473.0,-6.28,59,4.84,-4.89,-11.18,,,,,2023,False
4235.T,2023-01-27,1696.6,1577.0,-7.05,16,3.92,6.63,27.52,,,,,2023,False
3421.T,2023-01-27,1267.4,1482.6,16.98,119,6.88,4.39,16.69,,,,,2023,False
2918.T,2023-01-27,1658.7,2479.5,49.48,119,0.12,24.1,48.03,,,,,2023,False
4026.T,2023-01-26,1563.8,1512.9,-3.26,30,12.49,-6.59,-4.4,,,,,2023,False
4051.T,2023-01-26,8345.1,8389.8,0.54,16,-2.21,28.99,33.64,,,,,2023,False
2462.T,2023-01-26,1943.0,1656.1,-14.77,31,-12.57,-13.35,-19.43,,,,,2023,False
3772.T,2023-01-26,1291.2,1397.1,8.2,73,-6.84,16.19,13.29,,,,,2023,False
3393.T,2023-01-26,852.7,799.5,-6.25,13,25.25,37.54,26.5,,,,,2023,False
3023.T,2023-01-25,1034.0,1175.7,13.71,84,15.22,21.83,24.22,,,,,2023,False
3915.T,2023-01-24,1947.7,1761.4,-9.57,35,-3.36,36.69,9.72,,,,,2023,False
2901.T,2023-01-24,150.2,156.4,4.14,22,15.89,18.54,9.27,,,,,2023,False
2674.T,2023-01-24,1045.1,1303.5,24.73,119,3.46,14.86,25.24,,,,,2023,False
3676.T,2023-01-24,1688.7,1532.0,-9.28,12,-17.41,-19.95,-24.8,,,,,2023,False
3779.T,2023-01-24,115.0,107.0,-6.96,119,-3.48,-6.96,-6.09,,,,,2023,False
4169.T,2023-01-24,1034.0,1099.0,6.29,14,0.58,7.35,24.37,,,,,2023,False
3607.T,2023-01-23,320.2,321.6,0.43,14,2.59,31.59,135.35,,,,,2023,False
2334.T,2023-01-23,142.0,154.3,8.64,5,-5.92,-22.32,53.66,,,,,2023,False
3561.T,2023-01-23,951.1,1134.1,19.24,15,39.38,53.99,105.42,,,,,2023,False
3662.T,2023-01-20,710.7,639.3,-10.05,34,2.07,-12.81,-8.02,,,,,2023,False
3548.T,2023-01-19,681.2,793.2,16.44,119,1.33,13.64,15.8,,,,,2023,False
2676.T,2023-01-19,949.6,1367.9,44.05,119,6.67,10.75,41.71,,,,,2023,False
3939.T,2023-01-19,558.0,506.2,-9.28,18,-10.69,-16.38,-23.1,,,,,2023,False
3246.T,2023-01-19,752.3,665.3,-11.56,8,-10.63,-9.79,-6.66,,,,,2023,False
3687.T,2023-01-19,1117.8,1259.2,12.65,76,19.41,29.03,24.09,,,,,2023,False
4377.T,2023-01-19,1169.5,1362.2,16.47,53,17.95,10.38,2.52,,,,,2023,False
3093.T,2023-01-18,1054.5,1105.1,4.8,23,12.42,58.48,34.35,,,,,2023,False
3446.T,2023-01-18,2900.0,2880.0,-0.69,17,1.52,-11.62,-22.14,,,,,2023,False
3694.T,2023-01-18,1070.0,1009.8,-5.63,19,-4.58,-13.08,-7.1,,,,,2023,False
4376.T,2023-01-18,547.0,459.0,-16.09,19,-25.05,-11.88,-16.82,,,,,2023,False
3660.T,2023-01-18,486.1,438.6,-9.76,18,-8.83,16.22,7.19,,,,,2023,False
4237.T,2023-01-18,399.0,376.6,-5.6,34,-0.0,-5.8,-9.15,,,,,2023,False
3777.T,2023-01-18,36.0,32.3,-10.28,1,-8.33,41.67,-2.78,,,,,2023,False
4055.T,2023-01-17,1497.0,1470.0,-1.8,22,0.92,32.76,87.37,,,,,2023,False
3652.T,2023-01-17,2360.0,2329.0,-1.31,17,-1.61,10.25,52.54,,,,,2023,False
2195.T,2023-01-17,997.8,939.0,-5.89,26,-4.34,-13.42,-28.47,,,,,2023,False
2788.T,2023-01-17,301.8,258.5,-14.37,23,2.69,-22.16,4.49,,,,,2023,False
3486.T,2023-01-16,469.7,504.6,7.42,69,13.33,12.02,37.47,,,,,2023,False
2153.T,2023-01-16,1144.3,1441.7,25.99,119,4.19,17.52,25.59,,,,,2023,False
3546.T,2023-01-13,900.1,901.7,0.18,119,3.19,-0.02,1.3,,,,,2023,False
2388.T,2023-01-13,150.0,166.6,11.07,18,2.0,-25.33,2.0,,,,,2023,False
3306.T,2023-01-13,896.3,888.8,-0.83,15,-8.12,-17.23,-16.14,,,,,2023,False
3187.T,2023-01-12,1215.6,1057.7,-12.99,7,-0.24,-24.63,-47.13,,,,,2023,False
3992.T,2023-01-12,172.0,366.6,113.13,112,15.6,49.25,110.04,,,,,2023,False
3664.T,2023-01-12,89.0,88.4,-0.67,0,-21.35,-20.22,-3.37,,,,,2023,False
3321.T,2023-01-12,887.1,1116.2,25.83,58,20.88,29.22,36.71,,,,,2023,False
4382.T,2023-01-12,1001.0,1185.0,18.38,40,11.79,21.88,99.7,,,,,2023,False
2138.T,2023-01-11,1050.0,999.0,-4.86,20,-6.0,-18.48,-20.67,,,,,2023,False
4395.T,2023-01-11,3209.9,2749.4,-14.35,13,-15.63,-40.0,-58.41,,,,,2023,False
3196.T,2023-01-10,1430.0,1639.4,14.64,119,-3.16,0.55,13.2,,,,,2023,False
2930.T,2023-01-10,278.8,296.2,6.23,72,17.29,10.03,-5.25,,,,,2023,False
4347.T,2023-01-10,920.8,1282.1,39.24,114,5.97,19.29,53.16,,,,,2023,False
3679.T,2023-01-06,350.9,746.6,112.76,119,1.86,22.35,110.35,,,,,2023,False
4392.T,2023-01-06,341.9,297.9,-12.88,23,2.74,-20.55,-22.74,,,,,2023,False
3358.T,2023-01-05,71.4,68.2,-4.52,14,6.16,63.31,54.9,,,,,2023,False
3180.T,2023-01-05,1637.2,1718.5,4.96,98,6.65,9.9,33.66,,,,,2023,False
4260.T,2023-01-05,1082.0,1005.0,-7.12,9,1.2,-17.47,-30.13,,,,,2023,False
2910.T,2023-01-04,1397.4,1423.6,1.87,119,4.74,5.15,1.87,,,,,2023,False
3989.T,2023-01-04,217.1,303.1,39.62,32,14.47,93.19,209.36,,,,,2023,False
4274.T,2023-01-04,1584.5,1366.4,-13.76,16,-11.81,-14.94,-0.91,,,,,2023,False
2892.T,2022-12-30,2255.4,2671.9,18.47,58,16.33,18.47,8.25,,,,,2022,False
3791.T,2022-12-30,519.5,906.0,74.38,119,-2.28,24.19,78.15,,,,,2022,False
3948.T,2022-12-30,754.1,641.0,-15.0,27,-6.92,-9.86,-7.39,,,,,2022,False
2461.T,2022-12-30,349.3,349.3,-0.0,119,2.22,-0.0,-0.25,,,,,2022,False
4344.T,2022-12-30,305.0,271.2,-11.1,25,-7.21,-26.89,-34.1,,,,,2022,False
2429.T,2022-12-30,2210.4,2124.8,-3.87,63,3.37,2.54,8.29,,,,,2022,False
4193.T,2022-12-30,3692.2,3113.7,-15.67,29,-7.26,-15.0,-27.72,,,,,2022,False
2778.T,2022-12-30,185.0,206.6,11.65,72,6.49,14.05,2.16,,,,,2022,False
3205.T,2022-12-29,226.5,204.1,-9.89,28,-2.63,2.94,6.34,,,,,2022,False
4393.T,2022-12-29,6410.0,5856.5,-8.63,2,13.26,5.3,-6.24,,,,,2022,False
2594.T,2022-12-29,2037.8,2026.1,-0.58,119,-0.77,-2.46,-0.19,,,,,2022,False
3181.T,2022-12-29,762.0,798.6,4.8,14,5.57,37.95,62.33,,,,,2022,False
3284.T,2022-12-29,613.3,835.7,36.27,119,6.02,14.39,38.63,,,,,2022,False
2370.T,2022-12-29,71.0,78.2,10.14,31,0.0,-5.63,-5.63,,,,,2022,False
4417.T,2022-12-29,1967.4,2563.2,30.28,33,32.01,32.13,51.71,,,,,2022,False
2307.T,2022-12-29,1209.8,1174.0,-2.96,23,6.05,-2.42,-15.18,,,,,2022,False
3968.T,2022-12-29,255.1,240.5,-5.72,29,5.36,-5.24,30.33,,,,,2022,False
3963.T,2022-12-29,392.3,418.2,6.6,38,8.71,6.35,56.0,,,,,2022,False
2884.T,2022-12-29,668.0,984.3,47.35,38,35.48,57.49,31.44,,,,,2022,False
3030.T,2022-12-28,595.1,826.3,38.85,47,8.47,7.49,31.43,,,,,2022,False
3333.T,2022-12-28,1213.2,1151.4,-5.09,119,-0.29,-0.13,-5.17,,,,,2022,False
3544.T,2022-12-28,763.1,738.1,-3.27,101,-2.03,6.71,-2.63,,,,,2022,False
3935.T,2022-12-28,439.6,454.9,3.48,3,51.96,14.78,8.91,,,,,2022,False
2198.T,2022-12-28,607.8,556.1,-8.49,110,-4.17,6.11,-11.48,,,,,2022,False
2792.T,2022-12-28,1229.0,1432.7,16.58,119,7.4,13.12,14.78,,,,,2022,False
2410.T,2022-12-27,1299.8,1730.5,33.14,66,-1.76,43.78,4.4,,,,,2022,False
3925.T,2022-12-27,1899.7,1689.6,-11.06,52,1.01,-2.97,19.82,,,,,2022,False
4390.T,2022-12-26,2591.4,2381.8,-8.09,39,3.33,-11.95,-13.34,,,,,2022,False
3628.T,2022-12-26,2437.0,2579.8,5.86,76,-1.27,15.96,17.4,,,,,2022,False
3121.T,2022-12-26,309.9,269.2,-13.11,61,-6.35,-10.79,-9.21,,,,,2022,False
3323.T,2022-12-26,88.6,86.7,-2.15,32,10.75,-15.05,-1.08,,,,,2022,False
4310.T,2022-12-23,1646.2,1735.2,5.41,29,18.62,28.66,40.65,,,,,2022,False
2882.T,2022-12-23,2266.5,2158.8,-4.75,119,0.43,-3.37,-5.23,,,,,2022,False
3562.T,2022-12-23,1041.1,951.5,-8.61,13,1.28,-0.28,9.64,,,,,2022,False
2301.T,2022-12-22,1182.6,1670.7,41.28,119,5.42,17.59,48.43,,,,,2022,False
1887.T,2022-12-22,490.5,533.4,8.74,119,-2.14,5.36,8.19,,,,,2022,False
4318.T,2022-12-21,564.6,513.8,-8.99,41,4.19,-9.14,15.08,,,,,2022,False
2163.T,2022-12-21,834.3,1541.5,84.76,119,4.28,38.81,88.58,,,,,2022,False
3773.T,2022-12-21,1030.2,1336.6,29.74,56,15.05,35.17,86.44,,,,,2022,False
3843.T,2022-12-20,917.1,1524.0,66.17,118,11.56,40.47,66.53,,,,,2022,False
3900.T,2022-12-20,1528.6,1676.8,9.69,37,0.65,13.3,-8.84,,,,,2022,False
3793.T,2022-12-20,682.6,733.1,7.39,40,24.45,11.5,8.11,,,,,2022,False
2424.T,2022-12-20,1004.7,1011.8,0.7,56,-0.87,-1.35,0.48,,,,,2022,False
2652.T,2022-12-20,172.5,346.4,100.75,108,12.9,54.61,123.96,,,,,2022,False
1966.T,2022-12-20,1313.6,1187.6,-9.59,3,-8.59,-15.97,-28.46,,,,,2022,False
4345.T,2022-12-20,760.2,648.5,-14.7,111,-3.43,-13.02,-8.7,,,,,2022,False
2216.T,2022-12-19,418.6,355.8,-15.0,7,-17.74,-14.05,55.39,,,,,2022,False
4422.T,2022-12-19,576.7,499.8,-13.33,0,-20.17,-35.61,-26.07,,,,,2022,False
3623.T,2022-12-16,1573.0,1363.4,-13.33,3,-9.68,-24.83,-41.55,,,,,2022,False
4263.T,2022-12-16,1761.0,1515.6,-13.94,1,-10.05,-28.0,-23.85,,,,,2022,False
2934.T,2022-12-16,2619.0,2406.0,-8.13,17,-15.5,-10.84,7.71,,,,,2022,False
4174.T,2022-12-16,1155.1,992.1,-14.11,2,1.13,0.51,-12.1,,,,,2022,False
3758.T,2022-12-16,393.4,380.6,-3.26,119,-9.28,-6.63,-3.02,,,,,2022,False
3719.T,2022-12-16,185.8,161.3,-13.19,33,-5.85,1.6,29.79,,,,,2022,False
4323.T,2022-12-15,744.8,881.1,18.29,100,2.7,0.25,63.18,,,,,2022,False
4334.T,2022-12-15,1221.7,1077.1,-11.83,5,-9.54,26.12,80.52,,,,,2022,False
3836.T,2022-12-15,1420.8,1206.6,-15.08,12,-5.27,-8.59,1.69,,,,,2022,False
2477.T,2022-12-14,4912.9,4318.6,-12.1,93,-1.11,-6.63,-23.67,,,,,2022,False
3741.T,2022-12-13,1230.1,1473.0,19.75,90,1.2,25.52,27.26,,,,,2022,False
2479.T,2022-12-13,222.2,195.6,-11.98,15,-8.7,6.72,30.96,,,,,2022,False
3266.T,2022-12-13,94.6,93.5,-1.12,1,-14.29,-13.27,-11.22,,,,,2022,False
4013.T,2022-12-13,653.3,586.0,-10.3,5,-23.27,-4.11,-6.0,,,,,2022,False
3760.T,2022-12-13,1616.0,2286.2,41.48,82,12.86,15.35,21.12,,,,,2022,False
3475.T,2022-12-13,791.5,738.0,-6.77,4,-11.71,-13.06,-1.91,,,,,2022,False
3452.T,2022-12-12,519.8,462.4,-11.06,6,-12.27,-6.47,5.31,,,,,2022,False
1888.T,2022-12-12,2526.3,3544.4,40.3,101,-4.03,26.97,13.58,,,,,2022,False
3393.T,2022-12-09,877.2,755.6,-13.86,17,-10.78,35.9,19.52,,,,,2022,False
2918.T,2022-12-09,1651.0,2013.8,21.98,119,-0.84,0.27,21.98,,,,,2022,False
4051.T,2022-12-09,8165.4,7192.4,-11.92,7,1.73,14.69,26.0,,,,,2022,False
4025.T,2022-12-09,4609.9,3962.5,-14.04,114,-8.29,-4.67,-10.76,,,,,2022,False
2428.T,2022-12-09,537.8,538.3,0.1,111,-1.15,8.22,-0.0,,,,,2022,False
3917.T,2022-12-08,758.0,699.6,-7.71,18,-1.45,-9.1,-12.66,,,,,2022,False
3779.T,2022-12-07,163.0,140.2,-13.96,2,-25.77,-30.67,-34.97,,,,,2022,False
2674.T,2022-12-07,1114.0,1028.4,-7.69,24,-5.13,3.47,4.98,,,,,2022,False
2932.T,2022-12-07,1002.6,907.7,-9.46,17,-10.41,-16.45,1.08,,,,,2022,False
3109.T,2022-12-06,784.0,841.6,7.34,119,0.74,12.05,8.23,,,,,2022,False
3561.T,2022-12-06,854.9,783.3,-8.37,12,4.24,69.01,68.96,,,,,2022,False
3915.T,2022-12-05,2687.2,2350.7,-12.52,16,-13.72,-29.1,-12.87,,,,,2022,False
3918.T,2022-12-05,856.2,893.0,4.3,119,-0.1,3.44,4.81,,,,,2022,False
2982.T,2022-12-05,131.4,172.4,31.24,119,-6.26,13.16,35.92,,,,,2022,False
3772.T,2022-12-05,1268.4,1397.1,10.15,108,-5.54,-3.52,22.07,,,,,2022,False
3687.T,2022-12-02,1297.9,1124.6,-13.35,21,-11.72,8.36,-1.72,,,,,2022,False
3625.T,2022-12-02,696.5,617.7,-11.31,11,-17.2,-12.31,-25.87,,,,,2022,False
4377.T,2022-12-02,1325.4,1220.0,-7.95,5,-11.26,15.97,-5.82,,,,,2022,False
3093.T,2022-12-01,1109.7,1093.3,-1.49,29,2.18,-0.08,31.39,,,,,2022,False
3694.T,2022-12-01,1189.0,1023.4,-13.93,12,-14.8,-20.77,-12.03,,,,,2022,False
3660.T,2022-12-01,526.0,554.9,5.48,12,2.85,-12.9,0.76,,,,,2022,False
3446.T,2022-12-01,1879.0,2554.2,35.94,10,46.89,55.93,42.47,,,,,2022,False
3683.T,2022-12-01,1048.0,896.3,-14.47,12,-16.23,-25.02,-38.47,,,,,2022,False
4376.T,2022-12-01,617.0,595.0,-3.57,12,-3.89,-33.55,-30.31,,,,,2022,False
3667.T,2022-12-01,416.0,359.6,-13.57,12,-15.62,-12.02,82.69,,,,,2022,False
3991.T,2022-12-01,2667.9,2267.7,-15.0,4,-5.13,-35.67,-27.52,,,,,2022,False
4406.T,2022-11-30,246.0,209.9,-14.67,48,-5.08,-14.06,-16.8,,,,,2022,False
2195.T,2022-11-30,1281.5,1098.2,-14.3,12,-20.94,-19.06,-41.08,,,,,2022,False
3753.T,2022-11-30,585.0,527.0,-9.91,3,-16.07,-26.84,-30.94,,,,,2022,False
2788.T,2022-11-30,350.2,305.2,-12.84,30,-6.84,-28.77,-23.35,,,,,2022,False
4055.T,2022-11-30,1501.9,1393.0,-7.25,13,-13.31,13.18,76.46,,,,,2022,False
2120.T,2022-11-30,233.2,199.0,-14.66,15,-11.16,-15.94,-3.59,,,,,2022,False
3139.T,2022-11-30,1951.2,1803.6,-7.56,29,4.16,-9.17,-5.98,,,,,2022,False
3193.T,2022-11-30,2348.4,2098.8,-10.63,9,-13.79,-16.83,-9.29,,,,,2022,False
3652.T,2022-11-30,1854.0,2045.1,10.31,8,68.02,25.78,128.16,,,,,2022,False
3454.T,2022-11-29,754.5,793.6,5.19,119,1.77,3.77,6.37,,,,,2022,False
3486.T,2022-11-29,541.9,507.3,-6.39,17,-4.64,3.4,1.38,,,,,2022,False
3031.T,2022-11-29,1173.5,997.5,-15.0,14,-20.89,-16.11,-43.49,,,,,2022,False
2388.T,2022-11-28,150.0,153.0,2.0,1,-0.67,12.67,-35.33,,,,,2022,False
2676.T,2022-11-28,935.1,1144.5,22.39,119,-0.59,12.55,23.91,,,,,2022,False
3984.T,2022-11-28,1584.0,1349.7,-14.79,15,-22.5,4.4,31.74,,,,,2022,False
3926.T,2022-11-25,1925.0,1691.0,-12.16,17,-11.43,-18.86,-33.09,,,,,2022,False
3321.T,2022-11-25,973.5,1116.2,14.67,89,-0.21,18.28,28.92,,,,,2022,False
3939.T,2022-11-25,643.6,553.6,-13.98,16,-14.95,-22.72,-31.39,,,,,2022,False
3992.T,2022-11-25,177.4,307.9,73.55,119,6.58,11.84,80.39,,,,,2022,False
3664.T,2022-11-25,70.0,72.2,3.21,13,8.57,5.71,0.0,,,,,2022,False
2153.T,2022-11-25,1229.5,1407.8,14.5,119,-7.07,-0.87,13.56,,,,,2022,False
3187.T,2022-11-25,1141.0,1164.2,2.03,27,14.59,-11.4,-51.8,,,,,2022,False
4382.T,2022-11-25,1263.0,1112.6,-11.9,11,-31.04,-10.13,9.34,,,,,2022,False
4238.T,2022-11-25,1594.5,1356.0,-14.95,15,-20.68,-10.56,-3.21,,,,,2022,False
3082.T,2022-11-24,513.8,520.4,1.29,25,13.85,10.69,62.32,,,,,2022,False
3377.T,2022-11-24,999.8,881.8,-11.8,30,-8.43,-5.86,-22.18,,,,,2022,False
4395.T,2022-11-24,2958.8,3030.5,2.43,7,10.5,-18.28,-61.48,,,,,2022,False
2138.T,2022-11-24,1238.0,1395.7,12.74,5,-23.26,-23.67,-29.89,,,,,2022,False
3662.T,2022-11-22,757.6,738.6,-2.52,17,-8.01,-4.25,-15.9,,,,,2022,False
2666.T,2022-11-22,169.6,163.1,-3.85,9,-1.09,2.19,3.16,,,,,2022,False
3676.T,2022-11-22,1837.5,1598.8,-12.99,21,-10.71,-22.79,-32.06,,,,,2022,False
1929.T,2022-11-22,788.9,882.6,11.87,119,-1.85,2.4,11.31,,,,,2022,False
2930.T,2022-11-22,286.4,249.0,-13.04,34,-10.23,8.91,-3.78,,,,,2022,False
2908.T,2022-11-22,1761.1,1773.5,0.71,119,-1.04,-3.26,-0.13,,,,,2022,False
3556.T,2022-11-22,500.0,428.4,-14.32,18,-15.2,-8.8,3.4,,,,,2022,False
4125.T,2022-11-22,4609.5,4393.0,-4.7,18,-4.34,-20.61,-30.04,,,,,2022,False
3196.T,2022-11-22,1484.8,1667.9,12.33,119,-3.49,-8.78,13.06,,,,,2022,False
3835.T,2022-11-21,565.2,498.4,-11.82,22,-10.73,7.64,23.72,,,,,2022,False
3679.T,2022-11-21,326.6,323.6,-0.91,22,0.29,17.71,88.22,,,,,2022,False
4392.T,2022-11-21,378.8,361.6,-4.55,25,0.96,-24.59,-30.03,,,,,2022,False
3656.T,2022-11-18,505.0,442.8,-12.31,10,-19.6,-23.76,-25.94,,,,,2022,False
3358.T,2022-11-18,73.4,62.7,-14.54,6,-12.53,56.95,69.75,,,,,2022,False
4260.T,2022-11-18,1227.0,1164.5,-5.09,10,-11.49,-26.89,-35.7,,,,,2022,False
4274.T,2022-11-17,1196.8,1443.9,20.65,39,11.31,21.33,16.41,,,,,2022,False
4052.T,2022-11-17,732.0,649.4,-11.28,24,-1.78,-7.92,-17.35,,,,,2022,False
4371.T,2022-11-17,3032.1,2945.5,-2.86,11,-0.97,-3.28,-7.27,,,,,2022,False
3989.T,2022-11-17,247.6,226.1,-8.66,21,-5.6,36.94,114.55,,,,,2022,False
4344.T,2022-11-16,256.0,271.2,5.92,56,10.16,-14.06,-16.02,,,,,2022,False
3948.T,2022-11-16,708.8,802.8,13.27,25,20.83,-9.09,-9.46,,,,,2022,False
4193.T,2022-11-16,3184.2,3454.2,8.48,24,27.03,-6.94,-11.29,,,,,2022,False
4417.T,2022-11-15,2059.8,2389.6,16.01,9,15.47,33.18,17.68,,,,,2022,False
4031.T,2022-11-15,1228.0,1567.8,27.68,83,14.59,35.59,3.06,,,,,2022,False
4331.T,2022-11-15,1309.7,1135.9,-13.27,43,-2.72,-7.47,-23.68,,,,,2022,False
4235.T,2022-11-15,1826.0,1979.5,8.4,9,-1.43,-13.88,9.12,,,,,2022,False
3968.T,2022-11-15,279.3,251.9,-9.82,23,1.2,-15.22,16.49,,,,,2022,False
2307.T,2022-11-15,1183.9,1394.9,17.82,11,16.37,-0.75,-14.1,,,,,2022,False
2053.T,2022-11-15,902.2,981.6,8.8,119,1.57,1.96,10.3,,,,,2022,False
2437.T,2022-11-15,793.6,813.8,2.55,1,-7.59,-29.23,-39.93,,,,,2022,False
4393.T,2022-11-15,8880.0,9248.0,4.14,2,-26.91,-0.9,-26.91,,,,,2022,False
3205.T,2022-11-15,169.4,178.8,5.5,1,35.18,27.64,56.31,,,,,2022,False
3963.T,2022-11-15,403.3,460.5,14.18,7,2.75,12.81,44.39,,,,,2022,False
3179.T,2022-11-15,1186.3,1111.6,-6.29,15,-9.44,-33.5,-26.18,,,,,2022,False
2429.T,2022-11-14,2359.7,2195.8,-6.95,31,0.86,-3.88,9.84,,,,,2022,False
2148.T,2022-11-14,1420.6,1387.3,-2.35,22,0.35,-15.99,-23.84,,,,,2022,False
3030.T,2022-11-14,596.1,672.2,12.78,8,0.81,10.24,32.52,,,,,2022,False
2792.T,2022-11-14,1064.6,1454.2,36.6,119,6.89,23.57,38.12,,,,,2022,False
2345.T,2022-11-11,468.0,419.0,-10.46,11,-10.47,-14.32,-12.61,,,,,2022,False
2410.T,2022-11-11,1419.4,1259.6,-11.26,31,-0.25,18.34,3.53,,,,,2022,False
3176.T,2022-11-11,997.9,1130.6,13.3,119,-2.3,0.53,13.39,,,,,2022,False
2418.T,2022-11-11,354.0,320.4,-9.48,25,-1.56,2.24,15.94,,,,,2022,False
2370.T,2022-11-11,76.0,69.7,-8.29,16,3.95,-9.21,-10.53,,,,,2022,False
3271.T,2022-11-10,206.8,185.1,-10.53,26,-1.75,-4.82,1.75,,,,,2022,False
4390.T,2022-11-10,3000.6,2631.2,-12.31,26,-7.44,-9.78,-18.88,,,,,2022,False
3323.T,2022-11-10,95.2,101.0,6.0,17,3.0,1.0,-23.0,,,,,2022,False
2892.T,2022-11-10,2011.9,2671.9,32.81,93,8.86,36.44,20.25,,,,,2022,False
3538.T,2022-11-09,851.9,897.4,5.34,28,13.6,17.54,11.42,,,,,2022,False
4310.T,2022-11-09,1939.2,1858.5,-4.17,24,8.91,-9.8,14.49,,,,,2022,False
2594.T,2022-11-08,2050.6,2061.5,0.53,119,-1.96,-1.05,1.01,,,,,2022,False
2301.T,2022-11-08,1362.5,1158.9,-14.95,38,-6.31,-10.82,5.15,,,,,2022,False
1887.T,2022-11-08,498.5,546.6,9.65,119,-0.72,-4.41,9.83,,,,,2022,False
3935.T,2022-11-08,459.7,435.4,-5.28,12,-2.08,48.44,9.36,,,,,2022,False
4318.T,2022-11-07,590.8,513.8,-13.02,72,-2.75,-9.45,-3.57,,,,,2022,False
3686.T,2022-11-07,363.0,312.0,-14.06,29,-9.09,-28.65,-33.88,,,,,2022,False
3773.T,2022-11-07,880.7,977.0,10.94,33,21.77,41.46,92.02,,,,,2022,False
1966.T,2022-11-04,1032.8,1273.0,23.26,16,16.35,11.79,17.45,,,,,2022,False
4345.T,2022-11-04,733.2,670.7,-8.53,86,4.29,-1.84,-6.33,,,,,2022,False
2652.T,2022-11-04,146.5,133.5,-8.89,6,23.07,39.62,129.04,,,,,2022,False
3793.T,2022-11-04,782.0,717.1,-8.3,21,-4.83,-4.7,-2.81,,,,,2022,False
3843.T,2022-11-04,983.2,952.7,-3.1,19,-4.35,3.6,41.36,,,,,2022,False
3900.T,2022-11-04,1678.6,1488.9,-11.3,6,-10.99,-4.88,-17.4,,,,,2022,False
4422.T,2022-11-02,335.7,362.7,8.04,3,86.89,43.5,9.93,,,,,2022,False
3623.T,2022-11-01,1063.0,1564.5,47.17,31,45.05,39.7,-2.03,,,,,2022,False
3221.T,2022-11-01,2093.2,2116.9,1.13,119,-3.19,1.2,2.34,,,,,2022,False
2934.T,2022-11-01,2492.0,2919.8,17.16,18,16.33,-9.11,-5.5,,,,,2022,False
4410.T,2022-11-01,697.8,766.3,9.81,119,-0.0,4.14,6.82,,,,,2022,False
4334.T,2022-10-31,904.0,961.8,6.4,27,19.34,31.26,74.88,,,,,2022,False
2440.T,2022-10-31,426.0,363.0,-14.79,49,-1.17,-7.28,-15.96,,,,,2022,False
4323.T,2022-10-31,695.7,928.3,33.44,119,14.66,19.1,38.58,,,,,2022,False
3836.T,2022-10-31,1429.4,1319.5,-7.69,33,1.14,-3.36,-7.26,,,,,2022,False
3758.T,2022-10-31,410.2,369.4,-9.97,33,-3.19,-13.0,-15.54,,,,,2022,False
2915.T,2022-10-31,1559.9,1355.8,-13.08,34,-3.27,-19.14,-26.45,,,,,2022,False
3810.T,2022-10-31,558.0,538.9,-3.42,19,-6.27,-9.86,-3.76,,,,,2022,False
3825.T,2022-10-31,468.3,414.5,-11.47,2,-31.33,-42.12,-47.16,,,,,2022,False
2462.T,2022-10-28,1838.8,1714.2,-6.77,72,0.6,5.04,-8.87,,,,,2022,False
3562.T,2022-10-28,960.1,951.5,-0.9,51,-2.59,9.36,2.38,,,,,2022,False
4064.T,2022-10-27,1134.6,1154.9,1.79,119,-1.74,-0.68,1.47,,,,,2022,False
3760.T,2022-10-27,1882.7,1769.5,-6.01,20,-3.7,-7.29,26.98,,,,,2022,False
4316.T,2022-10-27,509.0,483.6,-4.98,1,-3.34,-4.32,-9.43,,,,,2022,False
3475.T,2022-10-27,666.8,738.0,10.68,35,-0.13,6.68,3.21,,,,,2022,False
1888.T,2022-10-26,2157.3,3610.6,67.36,119,13.99,20.18,68.42,,,,,2022,False
2130.T,2022-10-26,2481.9,2033.8,-18.05,3,-17.66,-28.46,-54.59,,,,,2022,False
2428.T,2022-10-25,587.3,511.2,-12.95,53,-1.51,-12.05,-0.6,,,,,2022,False
2778.T,2022-10-25,222.0,188.7,-15.0,22,-10.36,-5.86,-7.66,,,,,2022,False
3393.T,2022-10-25,993.7,962.5,-3.14,10,-1.61,-10.28,18.12,,,,,2022,False
2323.T,2022-10-24,61.4,55.6,-9.5,32,-5.39,-14.56,-6.47,,,,,2022,False
3917.T,2022-10-24,815.0,697.8,-14.37,14,-6.99,-10.31,-17.91,,,,,2022,False
2674.T,2022-10-21,1041.7,1043.4,0.16,10,5.33,-1.05,13.45,,,,,2022,False
3561.T,2022-10-20,782.4,817.4,4.46,40,19.98,24.6,87.68,,,,,2022,False
3772.T,2022-10-19,1494.3,1287.1,-13.87,2,-14.74,-20.33,-2.57,,,,,2022,False
3915.T,2022-10-19,2338.3,2409.7,3.05,45,-3.31,-19.71,-5.0,,,,,2022,False
4377.T,2022-10-18,1108.9,1220.0,10.02,36,20.12,7.1,20.86,,,,,2022,False
3687.T,2022-10-18,1057.7,1210.3,14.42,34,9.62,8.15,36.45,,,,,2022,False
2477.T,2022-10-18,5743.0,5021.0,-12.57,14,-13.11,-15.07,-21.39,,,,,2022,False
3683.T,2022-10-17,1174.0,1131.0,-3.66,12,-11.76,-22.98,-26.82,,,,,2022,False
2918.T,2022-10-17,1714.0,1813.6,5.81,119,-10.62,-5.29,10.66,,,,,2022,False
4376.T,2022-10-17,539.0,505.8,-6.17,12,20.96,-2.41,-8.16,,,,,2022,False
3093.T,2022-10-17,983.9,1093.3,11.11,60,-2.83,8.97,56.78,,,,,2022,False
3667.T,2022-10-17,466.0,492.2,5.61,26,10.73,-25.11,3.43,,,,,2022,False
3991.T,2022-10-17,2586.5,2384.0,-7.83,4,19.91,-20.02,-36.38,,,,,2022,False
3370.T,2022-10-17,316.5,277.4,-12.35,6,-22.74,-21.5,-23.05,,,,,2022,False
3660.T,2022-10-17,514.0,495.5,-3.61,24,3.5,-5.05,6.99,,,,,2022,False
3753.T,2022-10-14,623.0,676.0,8.51,6,-4.65,-21.99,-34.99,,,,,2022,False
2195.T,2022-10-14,726.6,684.5,-5.79,14,-4.76,32.14,20.88,,,,,2022,False
3193.T,2022-10-14,2126.1,2098.8,-1.28,40,-1.36,-4.95,-1.85,,,,,2022,False
4406.T,2022-10-14,258.5,246.7,-4.57,11,-3.72,-13.01,-20.07,,,,,2022,False
2788.T,2022-10-14,329.7,338.6,2.69,18,0.54,-6.8,-29.28,,,,,2022,False
3284.T,2022-10-12,636.2,686.2,7.86,119,-3.74,-4.39,8.53,,,,,2022,False
2388.T,2022-10-12,115.0,154.7,34.52,22,7.83,33.04,43.48,,,,,2022,False
2676.T,2022-10-12,837.8,1034.4,23.47,119,8.53,10.25,23.79,,,,,2022,False
3939.T,2022-10-11,548.4,562.6,2.6,47,14.39,-5.26,-15.96,,,,,2022,False
3187.T,2022-10-11,848.4,1164.2,37.23,58,9.92,54.9,6.76,,,,,2022,False
2153.T,2022-10-11,1140.8,1286.3,12.75,119,-0.31,4.98,14.77,,,,,2022,False
3719.T,2022-10-07,227.3,203.3,-10.57,5,-25.65,-23.04,-9.57,,,,,2022,False
2721.T,2022-10-07,365.0,318.8,-12.67,0,-29.59,-23.84,19.45,,,,,2022,False
2138.T,2022-10-07,1108.0,1030.2,-7.02,8,-9.84,-6.23,-23.56,,,,,2022,False
3926.T,2022-10-07,2120.0,1879.4,-11.35,7,-15.8,-14.48,-27.03,,,,,2022,False
4395.T,2022-10-07,2351.2,2421.9,3.01,26,5.2,35.89,-16.83,,,,,2022,False
1929.T,2022-10-06,809.6,879.9,8.69,119,-2.55,-2.66,5.75,,,,,2022,False
3196.T,2022-10-06,1326.3,1321.1,-0.39,88,3.47,7.0,8.63,,,,,2022,False
4392.T,2022-10-05,354.2,361.6,2.09,56,3.09,-4.01,-20.93,,,,,2022,False
3679.T,2022-10-05,354.6,323.6,-8.74,53,-7.63,-1.84,23.98,,,,,2022,False
2908.T,2022-10-04,1765.6,1712.6,-3.0,119,-2.22,-2.12,-2.38,,,,,2022,False
3358.T,2022-10-04,97.2,82.6,-15.0,0,-41.36,-25.93,23.25,,,,,2022,False
4237.T,2022-10-04,337.0,376.6,11.75,104,0.84,10.31,14.91,,,,,2022,False
2385.T,2022-10-04,367.7,312.6,-15.0,26,-11.17,-28.57,-34.55,,,,,2022,False
3989.T,2022-10-03,249.4,241.1,-3.35,28,-1.85,-12.22,74.44,,,,,2022,False
4371.T,2022-10-03,3017.3,2958.3,-1.96,27,7.5,-13.47,13.05,,,,,2022,False
4344.T,2022-09-30,267.0,289.0,8.24,17,11.24,10.11,-19.85,,,,,2022,False
3948.T,2022-09-30,733.9,802.8,9.38,56,5.03,3.96,-10.03,,,,,2022,False
3023.T,2022-09-30,856.8,1248.2,45.68,119,0.2,12.25,47.02,,,,,2022,False
2053.T,2022-09-29,926.1,924.3,-0.19,119,-3.25,3.72,1.34,,,,,2022,False
3179.T,2022-09-29,1106.4,1136.0,2.67,35,17.41,-5.18,-32.39,,,,,2022,False
3664.T,2022-09-29,72.0,72.2,0.35,51,-6.94,12.5,4.17,,,,,2022,False
2437.T,2022-09-29,745.2,687.1,-7.79,14,9.67,-19.47,-29.67,,,,,2022,False
2307.T,2022-09-29,1168.7,1159.6,-0.78,24,10.16,0.92,0.46,,,,,2022,False
4235.T,2022-09-29,1956.6,1905.5,-2.61,30,10.9,-20.58,-22.23,,,,,2022,False
3963.T,2022-09-29,474.4,426.8,-10.04,27,-2.33,-19.26,-13.62,,,,,2022,False
4393.T,2022-09-29,2977.0,3089.8,3.79,11,412.26,82.73,119.35,,,,,2022,False
4331.T,2022-09-29,1444.9,1365.7,-5.48,21,-3.32,-13.85,-19.2,,,,,2022,False
2429.T,2022-09-28,2209.0,2195.8,-0.59,62,0.38,7.52,-0.81,,,,,2022,False
2792.T,2022-09-28,1130.2,1391.2,23.09,119,-5.49,8.26,21.58,,,,,2022,False
4274.T,2022-09-28,1150.7,1443.9,25.48,73,5.09,33.11,11.59,,,,,2022,False
2813.T,2022-09-28,2368.1,2055.3,-13.21,2,-1.32,-19.74,-0.0,,,,,2022,False
2370.T,2022-09-27,98.0,85.8,-12.4,7,-21.43,-29.59,-31.63,,,,,2022,False
2345.T,2022-09-27,498.0,468.0,-6.02,31,10.44,-21.89,-17.47,,,,,2022,False
4390.T,2022-09-26,2782.5,2740.2,-1.52,34,2.38,-9.29,-18.34,,,,,2022,False
3271.T,2022-09-26,206.8,215.9,4.39,29,9.65,-14.04,-7.02,,,,,2022,False
1887.T,2022-09-21,527.8,471.3,-10.7,76,-6.04,-7.72,-2.74,,,,,2022,False
2301.T,2022-09-21,1206.0,1158.9,-3.91,69,1.14,-2.24,8.83,,,,,2022,False
2594.T,2022-09-20,2065.2,2004.5,-2.94,119,-1.18,-2.51,-3.98,,,,,2022,False
4318.T,2022-09-20,509.9,513.8,0.78,103,8.49,11.4,-3.41,,,,,2022,False
3686.T,2022-09-20,326.0,312.0,-4.31,60,1.53,-7.98,-30.37,,,,,2022,False
3773.T,2022-09-20,860.5,977.0,13.54,64,2.99,18.02,57.36,,,,,2022,False
3536.T,2022-09-20,132.1,114.8,-13.15,15,-10.14,-10.87,-13.77,,,,,2022,False
3323.T,2022-09-20,86.6,101.0,16.62,51,-5.38,4.52,-13.08,,,,,2022,False
3176.T,2022-09-20,931.7,993.5,6.63,119,-1.62,2.46,4.35,,,,,2022,False
4174.T,2022-09-16,949.7,1024.5,7.87,0,28.18,15.95,22.24,,,,,2022,False
3793.T,2022-09-16,813.8,770.3,-5.35,26,8.91,-10.5,-6.72,,,,,2022,False
3900.T,2022-09-16,1597.7,1522.4,-4.71,13,-2.47,3.4,13.22,,,,,2022,False
2410.T,2022-09-15,1312.8,1283.5,-2.23,66,-1.12,7.85,45.57,,,,,2022,False
4422.T,2022-09-15,538.3,523.9,-2.68,0,-31.15,14.86,-16.53,,,,,2022,False
3600.T,2022-09-14,1842.9,1698.7,-7.82,1,-26.87,-28.74,-27.5,,,,,2022,False
2164.T,2022-09-14,247.0,218.9,-11.39,5,-18.62,-16.4,-16.8,,,,,2022,False
4334.T,2022-09-13,720.1,679.4,-5.65,1,28.95,68.52,123.81,,,,,2022,False
3836.T,2022-09-13,1400.6,1284.4,-8.3,33,-0.07,6.72,-6.24,,,,,2022,False
3758.T,2022-09-13,413.1,412.3,-0.19,24,8.82,-7.24,-13.82,,,,,2022,False
3221.T,2022-09-12,2066.8,2071.9,0.25,119,0.43,0.29,-0.6,,,,,2022,False
2438.T,2022-09-12,997.9,979.8,-1.81,1,-12.77,-8.61,-9.27,,,,,2022,False
2163.T,2022-09-09,811.3,971.3,19.71,119,-0.63,6.18,18.18,,,,,2022,False
2462.T,2022-09-09,1936.2,1711.5,-11.6,19,-17.14,-8.69,-9.42,,,,,2022,False
3810.T,2022-09-09,572.0,487.9,-14.7,20,-15.91,-7.34,5.07,,,,,2022,False
3657.T,2022-09-09,859.4,723.5,-15.82,64,-5.92,-12.45,-5.54,,,,,2022,False
3475.T,2022-09-09,568.9,623.4,9.58,32,8.1,13.6,36.63,,,,,2022,False
3760.T,2022-09-09,1770.9,1769.5,-0.08,51,-10.3,-10.19,11.02,,,,,2022,False
3042.T,2022-09-08,290.8,264.4,-9.06,14,-6.71,-7.38,-9.4,,,,,2022,False
1888.T,2022-09-08,2013.1,3061.7,52.09,119,-1.63,20.13,54.07,,,,,2022,False
2778.T,2022-09-07,223.0,216.8,-2.8,14,-1.35,-22.87,1.35,,,,,2022,False
2428.T,2022-09-07,517.4,511.2,-1.2,84,-1.71,5.47,13.68,,,,,2022,False
4396.T,2022-09-07,658.1,618.1,-6.07,69,-2.18,3.52,26.69,,,,,2022,False
2674.T,2022-09-05,1058.5,994.8,-6.02,22,-1.99,5.72,8.98,,,,,2022,False
3777.T,2022-09-05,28.0,25.5,-8.93,9,-10.71,-7.14,100.0,,,,,2022,False
3561.T,2022-09-02,638.5,817.4,28.01,71,17.61,32.54,129.7,,,,,2022,False
3815.T,2022-09-02,363.9,322.8,-11.3,15,-8.42,-13.04,-19.29,,,,,2022,False
2479.T,2022-09-01,183.5,205.3,11.84,72,-2.87,12.44,43.54,,,,,2022,False
4031.T,2022-09-01,1109.7,1080.5,-2.63,47,-5.73,26.49,61.34,,,,,2022,False
1966.T,2022-09-01,1082.6,990.4,-8.51,16,-2.05,16.58,15.6,,,,,2022,False
3177.T,2022-08-31,2128.5,2186.4,2.72,89,-5.85,3.87,6.43,,,,,2022,False
4377.T,2022-08-31,968.4,1037.3,7.11,27,17.55,30.59,61.92,,,,,2022,False
3687.T,2022-08-31,1157.0,998.1,-13.73,14,-11.34,14.69,23.48,,,,,2022,False
3691.T,2022-08-31,887.0,769.2,-13.28,17,-10.6,-9.81,-9.81,,,,,2022,False
3667.T,2022-08-30,424.0,439.4,3.64,35,17.92,0.0,-15.33,,,,,2022,False
3093.T,2022-08-30,835.8,769.6,-7.92,27,-0.67,33.11,23.34,,,,,2022,False
3660.T,2022-08-30,508.1,516.7,1.7,13,-3.73,5.7,-14.54,,,,,2022,False
2195.T,2022-08-29,1055.9,1104.2,4.58,1,-20.45,27.64,-3.68,,,,,2022,False
2788.T,2022-08-29,284.2,326.4,14.84,13,23.2,21.94,-11.61,,,,,2022,False
3193.T,2022-08-29,2089.4,2093.0,0.18,27,13.0,15.03,-6.71,,,,,2022,False
2388.T,2022-08-25,145.0,124.1,-14.41,2,-17.93,0.0,17.24,,,,,2022,False
2918.T,2022-08-25,2017.7,1649.2,-18.26,29,-5.77,-21.39,-19.85,,,,,2022,False
4410.T,2022-08-24,752.7,672.1,-10.7,94,-1.76,-4.47,0.84,,,,,2022,False
4323.T,2022-08-24,614.3,557.4,-9.27,25,-6.55,30.08,28.03,,,,,2022,False
3187.T,2022-08-24,904.5,850.9,-5.93,18,-8.89,19.81,12.51,,,,,2022,False
3452.T,2022-08-23,484.9,462.4,-4.65,80,-6.35,-4.12,5.07,,,,,2022,False
4395.T,2022-08-23,2562.3,2404.3,-6.17,3,8.01,19.52,1.11,,,,,2022,False
3447.T,2022-08-23,684.2,632.4,-7.57,119,-0.37,-2.48,-7.94,,,,,2022,False
3719.T,2022-08-23,205.5,224.3,9.11,20,14.42,-18.75,-24.04,,,,,2022,False
1929.T,2022-08-22,768.1,800.1,4.17,119,6.14,1.37,3.72,,,,,2022,False
3377.T,2022-08-22,1192.5,1029.0,-13.71,18,-15.93,-18.36,-21.92,,,,,2022,False
2721.T,2022-08-22,337.0,362.1,7.45,24,10.39,-5.93,-10.09,,,,,2022,False
3772.T,2022-08-22,1285.5,1367.8,6.41,27,18.54,3.03,-4.21,,,,,2022,False
2676.T,2022-08-19,1016.8,882.7,-13.19,23,-9.96,-8.7,-0.76,,,,,2022,False
4392.T,2022-08-19,337.8,342.2,1.31,25,7.84,14.32,-15.14,,,,,2022,False
2385.T,2022-08-18,324.8,315.8,-2.75,57,9.41,-8.53,-25.88,,,,,2022,False
3989.T,2022-08-17,253.1,241.1,-4.76,1,2.19,-5.47,-1.82,,,,,2022,False
4371.T,2022-08-17,4425.1,3928.7,-11.22,2,-22.69,-34.77,-36.6,,,,,2022,False
2882.T,2022-08-17,2334.6,2261.6,-3.13,119,-8.58,-6.23,-3.42,,,,,2022,False
4222.T,2022-08-17,477.6,405.9,-15.0,10,-14.73,-23.65,-32.57,,,,,2022,False
3788.T,2022-08-16,5485.5,4710.5,-14.13,11,-13.85,-25.13,-24.96,,,,,2022,False
4344.T,2022-08-16,266.0,230.4,-13.4,15,8.27,1.13,-1.13,,,,,2022,False
3948.T,2022-08-16,611.5,802.8,31.29,87,5.08,16.19,3.5,,,,,2022,False
4199.T,2022-08-16,1867.0,1725.5,-7.58,7,-14.3,-25.87,-38.51,,,,,2022,False
4331.T,2022-08-15,1557.8,1329.4,-14.66,13,-2.97,-18.66,-27.05,,,,,2022,False
4238.T,2022-08-15,1645.3,1643.9,-0.08,23,7.91,-11.16,-13.6,,,,,2022,False
4393.T,2022-08-15,3155.0,3170.5,0.49,5,15.06,180.82,128.84,,,,,2022,False
3851.T,2022-08-15,1428.6,1195.5,-16.31,60,3.84,-17.89,-22.28,,,,,2022,False
3963.T,2022-08-15,432.0,426.8,-1.2,58,-5.98,2.14,1.92,,,,,2022,False
3825.T,2022-08-15,489.6,449.2,-8.25,13,-1.79,-21.43,-47.22,,,,,2022,False
3179.T,2022-08-15,1077.8,1017.9,-5.56,13,10.39,6.28,-26.41,,,,,2022,False
2437.T,2022-08-15,1036.4,908.6,-12.33,13,-10.67,-25.24,-45.43,,,,,2022,False
2307.T,2022-08-15,1044.6,1177.8,12.75,24,25.47,16.84,11.97,,,,,2022,False
4235.T,2022-08-15,1836.9,2201.5,19.85,15,22.27,14.45,-11.01,,,,,2022,False
3238.T,2022-08-15,397.3,410.8,3.39,39,7.74,6.83,41.69,,,,,2022,False
2776.T,2022-08-15,103.0,101.1,-1.8,14,3.88,-6.8,-13.59,,,,,2022,False
2908.T,2022-08-15,1791.2,1694.4,-5.4,119,-3.98,-2.81,-5.4,,,,,2022,False
4274.T,2022-08-12,1105.6,1443.9,30.6,104,-1.82,7.2,23.96,,,,,2022,False
2370.T,2022-08-10,71.0,79.0,11.27,16,33.8,9.86,-2.82,,,,,2022,False
2345.T,2022-08-10,580.0,590.8,1.85,22,7.24,-14.31,-28.62,,,,,2022,False
3421.T,2022-08-10,1226.1,1292.4,5.42,119,-0.3,2.25,6.55,,,,,2022,False
2305.T,2022-08-09,2044.4,1780.0,-12.93,42,-6.69,-9.86,-9.12,,,,,2022,False
4390.T,2022-08-09,2426.7,2740.2,12.92,65,24.66,27.56,11.36,,,,,2022,False
2153.T,2022-08-09,1166.5,1051.9,-9.83,43,-0.0,-2.36,2.28,,,,,2022,False
4193.T,2022-08-08,2803.2,3454.2,23.22,91,0.07,20.3,21.31,,,,,2022,False
1887.T,2022-08-05,538.1,471.3,-12.42,107,-4.64,-7.84,-12.09,,,,,2022,False
3695.T,2022-08-05,3393.0,3145.9,-7.28,19,-3.32,2.69,-10.42,,,,,2022,False
2323.T,2022-08-04,71.8,64.0,-10.89,4,-18.89,-20.97,-26.5,,,,,2022,False
4318.T,2022-08-04,491.3,542.9,10.5,119,1.43,14.15,9.86,,,,,2022,False
3536.T,2022-08-04,152.7,140.9,-7.74,2,-7.84,-21.63,-21.63,,,,,2022,False
3686.T,2022-08-04,383.0,355.3,-7.23,28,2.09,-7.05,-32.38,,,,,2022,False
3773.T,2022-08-04,738.5,846.0,14.57,31,30.68,16.77,68.7,,,,,2022,False
3192.T,2022-08-03,319.0,291.6,-8.61,61,-5.02,-7.21,-11.6,,,,,2022,False
3161.T,2022-08-03,603.5,546.7,-9.42,119,-5.07,-6.09,-9.57,,,,,2022,False
3793.T,2022-08-03,765.1,770.3,0.68,57,5.19,0.78,-0.65,,,,,2022,False
2410.T,2022-08-02,1253.2,1258.3,0.41,25,12.29,4.35,2.94,,,,,2022,False
4347.T,2022-08-02,987.5,895.4,-9.33,34,-1.19,-8.49,-5.57,,,,,2022,False
4334.T,2022-07-29,853.0,821.0,-3.75,7,11.42,5.02,37.14,,,,,2022,False
3758.T,2022-07-29,415.9,395.6,-4.88,19,-4.94,-4.72,-13.03,,,,,2022,False
4240.T,2022-07-29,420.5,473.5,12.62,21,16.13,-3.69,-9.91,,,,,2022,False
3221.T,2022-07-28,2165.8,1988.9,-8.17,40,2.04,-4.65,-5.63,,,,,2022,False
2163.T,2022-07-27,771.4,870.0,12.79,119,2.87,12.57,12.57,,,,,2022,False
2217.T,2022-07-27,1125.2,1063.2,-5.51,119,3.44,3.99,-5.37,,,,,2022,False
3760.T,2022-07-27,1346.3,1758.6,30.63,22,45.67,43.26,30.08,,,,,2022,False
2462.T,2022-07-27,2054.7,1810.6,-11.88,48,-1.96,-18.11,-6.43,,,,,2022,False
3810.T,2022-07-27,715.0,697.0,-2.52,5,-15.52,-26.85,-24.2,,,,,2022,False
2792.T,2022-07-27,1142.6,1287.5,12.69,119,-4.81,-6.83,12.37,,,,,2022,False
1888.T,2022-07-26,2137.9,1905.2,-10.88,38,3.85,0.62,20.99,,,,,2022,False
2778.T,2022-07-25,205.0,220.2,7.39,23,14.15,7.32,-2.93,,,,,2022,False
3189.T,2022-07-25,377.0,366.3,-2.82,38,5.57,-3.18,-11.94,,,,,2022,False
2674.T,2022-07-21,851.7,994.8,16.8,53,9.08,24.58,18.66,,,,,2022,False
2872.T,2022-07-21,3189.5,2881.4,-9.66,11,-12.87,-6.59,16.62,,,,,2022,False
3561.T,2022-07-20,640.4,817.4,27.63,102,-1.19,22.17,48.66,,,,,2022,False
1966.T,2022-07-19,941.2,906.6,-3.68,15,7.18,18.32,26.25,,,,,2022,False
3687.T,2022-07-15,912.3,1096.0,20.13,35,23.03,8.71,21.45,,,,,2022,False
3691.T,2022-07-14,853.0,784.0,-8.09,19,-5.28,-12.43,-11.02,,,,,2022,False
3093.T,2022-07-14,596.6,769.6,29.01,58,30.6,69.91,110.93,,,,,2022,False
3193.T,2022-07-13,2148.2,1946.0,-9.41,41,4.55,-4.13,-5.71,,,,,2022,False
3196.T,2022-07-12,1293.1,1423.1,10.06,119,0.83,2.65,10.52,,,,,2022,False
3815.T,2022-07-11,402.6,422.1,4.85,17,1.22,-23.37,-24.35,,,,,2022,False
2388.T,2022-07-11,133.0,134.3,0.98,0,13.53,-11.28,18.8,,,,,2022,False
4174.T,2022-07-11,1001.2,862.8,-13.82,16,-17.39,16.3,5.72,,,,,2022,False
4323.T,2022-07-08,581.1,560.7,-3.5,56,8.13,-2.17,33.82,,,,,2022,False
3187.T,2022-07-08,759.7,715.7,-5.79,23,3.36,14.56,66.17,,,,,2022,False
3371.T,2022-07-07,1834.5,1667.1,-9.12,37,-8.89,-17.11,-24.95,,,,,2022,False
1929.T,2022-07-06,684.7,796.7,16.35,119,4.92,17.73,15.47,,,,,2022,False
3772.T,2022-07-06,1219.0,1367.8,12.21,58,2.38,11.29,2.34,,,,,2022,False
2471.T,2022-07-05,955.4,864.9,-9.47,61,0.09,0.47,-17.49,,,,,2022,False
2882.T,2022-07-01,2287.8,2098.1,-8.29,42,4.87,-6.62,0.57,,,,,2022,False
4222.T,2022-07-01,488.5,496.9,1.72,14,-3.85,-20.28,-41.99,,,,,2022,False
4344.T,2022-06-30,230.0,230.4,0.15,46,4.78,16.09,27.83,,,,,2022,False
3788.T,2022-06-30,4585.3,5021.3,9.51,33,21.88,-6.24,-21.37,,,,,2022,False
4199.T,2022-06-30,2630.0,2235.5,-15.0,1,9.32,-49.66,-54.94,,,,,2022,False
3628.T,2022-06-30,2005.0,1662.0,-17.11,20,-17.56,-8.73,18.35,,,,,2022,False
3154.T,2022-06-29,914.0,775.9,-15.12,26,3.37,-29.52,-30.23,,,,,2022,False
3179.T,2022-06-29,1261.8,1089.5,-13.66,26,-3.58,-13.0,-15.06,,,,,2022,False
4393.T,2022-06-29,3460.0,2975.0,-14.02,3,-16.47,-16.13,60.4,,,,,2022,False
2437.T,2022-06-29,1668.1,1535.3,-7.96,1,-20.0,-56.92,-64.97,,,,,2022,False
4235.T,2022-06-29,1202.7,2201.5,83.04,46,23.05,57.8,29.03,,,,,2022,False
4310.T,2022-06-29,1573.3,1383.9,-12.04,57,-0.91,-14.57,5.64,,,,,2022,False
2908.T,2022-06-29,1796.7,1751.0,-2.54,119,-3.16,-4.11,-3.1,,,,,2022,False
3083.T,2022-06-29,789.6,775.2,-1.82,0,-10.0,-23.12,-53.12,,,,,2022,False
2776.T,2022-06-29,104.0,104.6,0.53,15,-6.73,-8.65,-11.54,,,,,2022,False
4331.T,2022-06-29,1360.4,1156.3,-15.0,5,-6.99,4.25,-10.13,,,,,2022,False
3238.T,2022-06-29,574.7,499.6,-13.07,1,-28.82,-25.98,-18.9,,,,,2022,False
2307.T,2022-06-29,849.1,1177.8,38.72,55,2.94,34.91,41.11,,,,,2022,False
4238.T,2022-06-29,1577.2,1643.9,4.23,54,2.73,-5.69,-19.82,,,,,2022,False
2438.T,2022-06-29,1030.9,919.6,-10.8,24,-9.25,-13.37,-19.23,,,,,2022,False
3853.T,2022-06-29,1004.5,856.3,-14.75,2,-16.73,-24.33,-31.54,,,,,2022,False
3825.T,2022-06-29,621.8,578.9,-6.9,1,-23.91,-38.75,-55.47,,,,,2022,False
2477.T,2022-06-28,4990.1,4454.9,-10.73,48,2.51,3.29,-6.38,,,,,2022,False
2345.T,2022-06-27,543.0,552.5,1.75,0,1.66,-13.26,-26.52,,,,,2022,False
2305.T,2022-06-24,2072.0,1819.8,-12.17,73,-2.66,-7.5,-12.68,,,,,2022,False
4390.T,2022-06-24,2153.0,2740.2,27.28,96,9.03,28.41,21.29,,,,,2022,False
2700.T,2022-06-24,994.6,938.5,-5.64,13,-1.63,-5.0,-16.9,,,,,2022,False
3686.T,2022-06-21,328.0,343.4,4.7,7,29.57,-1.22,7.32,,,,,2022,False
3695.T,2022-06-21,3835.5,3278.6,-14.52,1,-1.47,-15.05,-16.86,,,,,2022,False
3793.T,2022-06-20,512.7,770.3,50.23,88,24.81,66.09,49.61,,,,,2022,False
4347.T,2022-06-17,908.2,958.2,5.51,33,21.25,2.48,-6.55,,,,,2022,False
4334.T,2022-06-15,751.0,656.2,-12.63,1,15.03,2.3,39.64,,,,,2022,False
3221.T,2022-06-14,2261.0,2152.3,-4.81,23,-1.06,-10.84,-9.35,,,,,2022,False
3760.T,2022-06-13,1208.0,1396.1,15.56,17,13.56,41.88,29.14,,,,,2022,False
2163.T,2022-06-13,703.3,898.9,27.83,119,5.44,16.7,26.74,,,,,2022,False
2436.T,2022-06-13,427.1,487.2,14.08,6,5.06,37.95,48.51,,,,,2022,False
3810.T,2022-06-13,925.0,839.0,-9.3,1,-32.54,-38.7,-44.86,,,,,2022,False
2462.T,2022-06-13,1801.0,1749.5,-2.86,22,0.29,5.31,-2.67,,,,,2022,False
2217.T,2022-06-13,1050.8,1083.3,3.1,119,7.08,9.14,3.39,,,,,2022,False
2792.T,2022-06-13,1028.2,1140.7,10.93,119,7.07,7.33,10.15,,,,,2022,False
1888.T,2022-06-10,1871.5,1905.2,1.8,69,8.98,7.19,28.94,,,,,2022,False
4274.T,2022-06-10,1248.6,1123.3,-10.03,2,-12.22,-13.07,0.38,,,,,2022,False
3053.T,2022-06-10,403.0,306.0,-24.07,43,-6.45,-40.2,-50.37,,,,,2022,False
3927.T,2022-06-10,807.3,733.3,-9.17,5,-4.9,-7.83,-12.0,,,,,2022,False
3189.T,2022-06-09,412.0,361.0,-12.38,5,-11.17,-7.04,-14.56,,,,,2022,False
3997.T,2022-06-08,124.8,112.0,-10.3,31,-7.58,-23.26,-13.56,,,,,2022,False
2418.T,2022-06-08,335.6,286.0,-14.77,26,-10.96,-6.58,8.22,,,,,2022,False
2872.T,2022-06-07,1964.8,2307.3,17.43,5,64.97,28.62,63.82,,,,,2022,False
4392.T,2022-06-07,299.4,342.2,14.28,76,-0.91,18.9,22.87,,,,,2022,False
3237.T,2022-06-06,79.0,67.1,-15.0,7,-17.72,-20.25,-20.25,,,,,2022,False
3561.T,2022-06-06,748.1,636.7,-14.89,22,-9.55,-16.43,16.31,,,,,2022,False
3657.T,2022-06-06,921.7,817.0,-11.36,6,-11.99,-4.66,-10.94,,,,,2022,False
4031.T,2022-06-06,1310.1,1140.6,-12.94,9,-15.3,-14.96,7.55,,,,,2022,False
3763.T,2022-06-03,649.9,674.5,3.78,119,5.27,-1.76,3.18,,,,,2022,False
3687.T,2022-06-02,856.7,1096.0,27.93,66,4.48,43.11,65.86,,,,,2022,False
3416.T,2022-06-01,1489.4,1282.5,-13.89,0,-32.42,-38.13,-48.61,,,,,2022,False
3691.T,2022-06-01,793.0,705.5,-11.03,11,-10.21,10.84,4.16,,,,,2022,False
4240.T,2022-06-01,445.7,378.8,-15.0,12,-20.0,8.48,-9.13,,,,,2022,False
3193.T,2022-05-31,1832.7,2001.4,9.2,68,24.32,13.74,28.77,,,,,2022,False
4345.T,2022-05-31,772.3,663.3,-14.12,66,-7.0,-9.99,1.81,,,,,2022,False
3196.T,2022-05-30,1323.4,1484.8,12.2,119,-0.59,-3.25,12.27,,,,,2022,False
2676.T,2022-05-30,759.6,882.7,16.21,80,6.92,25.46,26.81,,,,,2022,False
3321.T,2022-05-27,773.7,628.9,-18.71,35,-0.55,-15.32,25.05,,,,,2022,False
4323.T,2022-05-26,529.4,560.7,5.92,87,3.93,17.98,47.5,,,,,2022,False
3187.T,2022-05-26,688.8,715.7,3.91,54,10.58,26.51,56.22,,,,,2022,False
1929.T,2022-05-24,640.1,757.9,18.41,119,3.55,18.16,18.15,,,,,2022,False
3772.T,2022-05-24,1183.9,1507.0,27.3,28,33.92,8.34,7.62,,,,,2022,False
3284.T,2022-05-24,632.9,608.3,-3.89,119,-3.4,1.38,-2.46,,,,,2022,False
3747.T,2022-05-23,574.0,510.0,-11.15,19,-9.93,-10.28,-25.61,,,,,2022,False
3315.T,2022-05-18,125.0,115.4,-7.7,22,-3.91,-21.09,-34.37,,,,,2022,False
3788.T,2022-05-18,5326.1,4901.8,-7.97,20,-9.33,0.53,-17.34,,,,,2022,False
2776.T,2022-05-17,191.0,182.8,-4.32,1,-38.74,-47.12,-50.26,,,,,2022,False
3179.T,2022-05-17,1171.5,1161.0,-0.9,23,3.7,-10.52,1.11,,,,,2022,False
2471.T,2022-05-17,1121.9,982.1,-12.46,19,-10.65,-12.42,-26.61,,,,,2022,False
4331.T,2022-05-17,1451.1,1359.7,-6.3,17,-8.88,4.29,-5.51,,,,,2022,False
4251.T,2022-05-17,2318.9,2042.7,-11.91,6,-23.42,-31.45,-32.03,,,,,2022,False
3371.T,2022-05-17,1897.9,1623.9,-14.44,22,-10.26,-9.19,-19.64,,,,,2022,False
4238.T,2022-05-17,1474.4,1703.8,15.56,18,9.36,7.96,-1.59,,,,,2022,False
4393.T,2022-05-17,2533.0,2698.8,6.54,19,2.65,17.13,261.63,,,,,2022,False
4318.T,2022-05-17,409.3,588.8,43.83,119,-4.18,18.52,44.6,,,,,2022,False
2195.T,2022-05-17,523.5,508.6,-2.84,18,-2.93,3.24,36.8,,,,,2022,False
2437.T,2022-05-17,505.4,520.2,2.93,2,49.61,113.87,58.01,,,,,2022,False
3825.T,2022-05-17,591.7,532.6,-9.98,0,-1.48,-24.47,-34.65,,,,,2022,False
3580.T,2022-05-17,1279.6,1126.1,-11.99,13,-12.69,-31.28,-44.92,,,,,2022,False
4310.T,2022-05-17,1562.1,1608.8,2.99,21,3.17,-4.76,25.59,,,,,2022,False
4235.T,2022-05-17,1191.4,1021.2,-14.29,1,-4.86,31.17,72.09,,,,,2022,False
2461.T,2022-05-17,359.1,359.9,0.23,119,-11.01,-2.98,-1.38,,,,,2022,False
2908.T,2022-05-17,1742.6,1751.9,0.54,119,-1.09,2.17,0.96,,,,,2022,False
3628.T,2022-05-17,2079.7,1767.8,-15.0,7,-26.15,-11.19,-12.34,,,,,2022,False
3853.T,2022-05-17,917.6,1041.0,13.45,18,7.16,-10.74,-18.11,,,,,2022,False
2307.T,2022-05-17,744.6,815.1,9.46,30,17.63,42.93,56.12,,,,,2022,False
2438.T,2022-05-17,963.0,983.8,2.17,7,-3.92,-5.78,-3.73,,,,,2022,False
3467.T,2022-05-17,1317.7,1188.5,-9.81,94,-8.72,-3.56,-8.4,,,,,2022,False
4389.T,2022-05-16,933.3,972.3,4.18,52,1.97,-3.79,-5.91,,,,,2022,False
4237.T,2022-05-09,368.9,318.4,-13.7,5,-11.2,-17.56,-8.14,,,,,2022,False
4347.T,2022-05-02,886.5,958.2,8.09,64,3.87,13.43,6.82,,,,,2022,False
3815.T,2022-04-25,333.1,301.4,-9.5,6,0.29,35.88,-8.55,,,,,2022,False
2462.T,2022-04-25,1889.3,1749.5,-7.4,53,-0.54,5.87,-7.79,,,,,2022,False
3997.T,2022-04-20,102.2,100.3,-1.87,8,24.7,15.17,13.88,,,,,2022,False
2751.T,2022-04-14,2343.0,2260.1,-3.54,119,-2.78,-3.2,-3.62,,,,,2022,False
3845.T,2022-04-12,156.3,139.7,-10.62,15,-12.5,-8.12,-15.62,,,,,2022,False
2305.T,2022-04-06,1979.6,1900.6,-3.99,119,-1.97,6.32,-3.0,,,,,2022,False
3663.T,2022-04-06,833.5,755.0,-9.42,17,-5.23,-22.83,1.78,,,,,2022,False
3996.T,2022-04-05,1041.0,902.7,-13.29,3,-19.02,-17.29,-26.13,,,,,2022,False
3676.T,2022-04-05,1682.6,1441.1,-14.35,22,-9.83,-3.6,5.14,,,,,2022,False
2721.T,2022-04-04,344.0,306.0,-11.05,12,-27.33,-17.15,-11.92,,,,,2022,False
2882.T,2022-04-01,2096.4,2098.1,0.08,103,3.07,8.62,2.93,,,,,2022,False
2183.T,2022-03-31,785.6,677.4,-13.77,11,-8.1,-10.54,-19.64,,,,,2022,False
3377.T,2022-03-31,1052.9,1066.3,1.28,2,-4.51,3.38,-5.65,,,,,2022,False
3772.T,2022-03-30,1135.0,964.7,-15.0,19,-9.58,49.52,38.23,,,,,2022,False
3788.T,2022-03-30,5898.1,5228.6,-11.35,15,-11.61,-17.97,-28.06,,,,,2022,False
2792.T,2022-03-30,913.0,1101.8,20.68,119,1.62,13.6,22.53,,,,,2022,False
2676.T,2022-03-30,623.8,882.7,41.51,119,2.9,28.64,39.29,,,,,2022,False
3851.T,2022-03-30,1419.7,1277.5,-10.02,24,-5.79,-17.17,-2.28,,,,,2022,False
2158.T,2022-03-30,1980.0,1737.4,-12.25,4,-25.25,-50.86,-63.23,,,,,2022,False
3981.T,2022-03-30,1504.2,1343.7,-10.67,9,-10.13,-14.92,-18.27,,,,,2022,False
2130.T,2022-03-29,2810.7,2574.6,-8.4,25,0.63,-13.66,-23.2,,,,,2022,False
1914.T,2022-03-29,676.0,635.8,-5.95,25,-4.81,-23.38,-41.82,,,,,2022,False
2193.T,2022-03-29,295.0,262.6,-10.97,24,-3.39,-29.49,-32.2,,,,,2022,False
2908.T,2022-03-29,1772.3,1711.0,-3.46,119,1.37,1.37,-3.97,,,,,2022,False
2410.T,2022-03-29,1012.5,884.4,-12.64,9,-11.51,-2.27,18.4,,,,,2022,False
3853.T,2022-03-29,906.9,876.0,-3.41,18,1.17,12.99,-15.76,,,,,2022,False
3193.T,2022-03-29,1788.4,2001.4,11.91,109,-2.86,27.18,32.61,,,,,2022,False
2195.T,2022-03-29,724.1,615.7,-14.96,9,-14.49,-31.46,28.59,,,,,2022,False
2776.T,2022-03-29,100.0,172.5,72.55,13,76.0,7.0,-11.0,,,,,2022,False
3675.T,2022-03-29,879.5,836.6,-4.88,8,-4.95,-14.01,-11.86,,,,,2022,False
3083.T,2022-03-29,753.1,683.8,-9.21,6,-8.91,-2.62,-19.4,,,,,2022,False
3976.T,2022-03-29,1502.0,1524.0,1.47,6,-5.93,-19.04,-27.7,,,,,2022,False
3844.T,2022-03-29,2906.6,2507.5,-13.73,18,-12.23,-16.04,-29.63,,,,,2022,False
3431.T,2022-03-29,715.2,668.9,-6.47,119,-2.45,-2.16,-7.05,,,,,2022,False
3423.T,2022-03-29,329.6,299.6,-9.12,20,-8.46,-15.38,-14.1,,,,,2022,False
3371.T,2022-03-29,2169.7,1909.7,-11.98,17,-13.26,-20.56,-34.76,,,,,2022,False
4238.T,2022-03-29,1534.1,1703.8,11.06,49,-7.68,4.53,-2.46,,,,,2022,False
3691.T,2022-03-29,1056.0,973.2,-7.84,3,-24.24,-32.01,-25.85,,,,,2022,False
3183.T,2022-03-29,873.9,798.3,-8.65,119,-4.86,-1.65,-10.01,,,,,2022,False
2438.T,2022-03-29,1444.7,1257.1,-12.99,3,-29.88,-30.6,-38.38,,,,,2022,False
2922.T,2022-03-29,1915.8,1915.8,-0.0,119,0.8,1.05,-0.1,,,,,2022,False
2461.T,2022-03-29,368.1,318.5,-13.48,54,-4.03,-11.41,-8.5,,,,,2022,False
4251.T,2022-03-29,2349.9,2068.4,-11.98,18,-10.85,-26.79,-31.7,,,,,2022,False
4331.T,2022-03-29,1064.3,1040.7,-2.22,27,11.78,25.56,30.24,,,,,2022,False
3221.T,2022-03-29,2096.6,1827.1,-12.86,30,-2.43,16.6,1.79,,,,,2022,False
2753.T,2022-03-29,921.4,900.7,-2.25,119,-1.61,-1.98,-2.95,,,,,2022,False
2471.T,2022-03-29,1121.9,1084.3,-3.35,25,4.27,-7.98,-17.1,,,,,2022,False
3825.T,2022-03-29,299.2,379.9,26.95,23,22.73,99.68,38.64,,,,,2022,False
2437.T,2022-03-29,468.8,420.3,-10.35,1,6.95,251.79,58.74,,,,,2022,False
3628.T,2022-03-29,1958.2,1970.1,0.61,30,4.98,-14.24,-13.34,,,,,2022,False
3634.T,2022-03-29,835.9,821.5,-1.73,8,0.12,14.55,-3.17,,,,,2022,False
4310.T,2022-03-29,1932.5,1738.4,-10.04,4,-21.93,-22.05,-32.39,,,,,2022,False
3580.T,2022-03-29,1322.2,1134.1,-14.23,44,-2.21,-20.94,-47.65,,,,,2022,False
3467.T,2022-03-29,1425.9,1308.2,-8.25,24,-6.29,-9.11,-13.35,,,,,2022,False
3657.T,2022-03-29,1040.1,892.3,-14.21,9,-17.2,-21.42,-21.08,,,,,2022,False
2497.T,2022-03-29,788.0,683.9,-13.21,27,-9.97,-17.31,-24.22,,,,,2022,False
4318.T,2022-03-29,449.5,386.3,-14.05,50,-5.31,-14.68,11.49,,,,,2022,False
4235.T,2022-03-29,1314.6,1287.6,-2.05,6,0.17,-5.26,43.54,,,,,2022,False
3179.T,2022-03-29,1126.4,1094.6,-2.82,11,-2.62,10.25,-3.39,,,,,2022,False
3315.T,2022-03-29,144.6,124.5,-13.85,26,-9.46,-20.27,-39.86,,,,,2022,False
2983.T,2022-03-29,681.0,660.5,-3.02,8,-14.94,-33.9,-33.85,,,,,2022,False
4323.T,2022-03-29,611.7,533.8,-12.73,29,-5.81,-8.64,-6.16,,,,,2022,False
4393.T,2022-03-29,3830.0,3867.5,0.98,2,-17.62,-17.89,-25.56,,,,,2022,False
2307.T,2022-03-29,1094.6,930.4,-15.0,8,-20.23,-23.49,5.71,,,,,2022,False
3747.T,2022-03-29,694.0,612.0,-11.82,9,-23.34,-23.49,-37.75,,,,,2022,False
3321.T,2022-03-29,778.3,628.9,-19.19,74,-8.25,-0.59,-6.68,,,,,2022,False
1888.T,2022-03-29,1721.1,1905.2,10.7,118,-4.42,11.16,13.62,,,,,2022,False
3936.T,2022-03-29,649.0,583.9,-10.02,1,-14.48,-38.83,-57.47,,,,,2022,False
